0,15920,0
2,15655,0
7,9929,0
9,5846,0
10,6498,0
11,19342,0
13,8643,0
15,16671,0
17,7292,0
17,8096,0
17,21255,0
26,19138,0
27,9609,0
32,17485,0
35,3047,0
35,5292,0
35,14560,0
37,9875,0
37,21964,0
37,22380,0
41,11385,0
45,9546,0
50,17181,0
53,19122,0
56,16128,0
58,527,0
61,19536,0
63,19048,0
64,14741,0
66,917,0
66,5242,0
66,16814,0
67,10706,0
70,5830,0
70,21157,0
70,21173,0
73,16874,0
75,11543,0
78,1310,0
78,22551,0
86,9522,0
88,2095,0
91,18091,0
94,898,0
94,21618,0
97,8881,0
98,10712,0
104,4898,0
104,14261,0
104,16336,0
105,4562,0
105,15131,0
105,22482,0
107,14472,0
108,16894,0
110,3498,0
111,10337,0
112,8231,0
113,11429,0
114,7906,0
116,4931,0
118,15943,0
122,9181,0
123,11293,0
124,7627,0
125,1902,0
127,6118,0
127,7036,0
127,18256,0
132,2663,0
132,3365,0
132,18912,0
133,21443,0
134,12048,0
135,15198,0
137,6476,0
138,16823,0
143,18419,0
145,20283,0
149,13981,0
149,19073,0
149,22007,0
150,21269,0
156,4405,0
157,8735,0
158,8787,0
160,19996,0
165,7792,0
170,4356,0
170,6051,0
170,15160,0
171,15260,0
172,6514,0
173,7128,0
177,4050,0
178,9690,0
179,3815,0
181,10134,0
183,22416,0
185,12855,0
186,19929,0
187,942,0
188,6724,0
189,14302,0
190,3705,0
191,22673,0
193,503,0
202,6854,0
206,6130,0
206,9570,0
206,12784,0
207,6974,0
211,14349,0
216,5294,0
216,19962,0
216,21057,0
223,7675,0
224,3814,0
225,17338,0
226,4595,0
230,11035,0
231,8102,0
232,17433,0
234,21374,0
236,2690,0
238,20023,0
241,16877,0
241,17048,0
244,17084,0
245,12988,0
247,12091,0
247,13329,0
247,18310,0
248,17020,0
249,19691,0
251,950,0
252,18102,0
258,11119,0
260,4205,0
262,3393,0
262,11730,0
262,21691,0
264,16975,0
265,15560,0
267,4275,0
269,5213,0
269,12487,0
269,21368,0
273,4089,0
274,10617,0
277,18235,0
279,18147,0
281,616,0
281,10547,0
281,15871,0
282,14043,0
282,15115,0
282,17038,0
283,20787,0
284,4779,0
286,9344,0
288,16219,0
289,12059,0
290,10057,0
294,18466,0
296,7453,0
296,13214,0
296,20406,0
297,10638,0
301,3369,0
302,10311,0
305,585,0
310,6956,0
311,2973,0
314,20419,0
323,1760,0
324,19381,0
325,19329,0
326,21972,0
331,8445,0
334,14895,0
334,20542,0
335,671,0
341,1210,0
341,1306,0
341,13011,0
342,824,0
342,2046,0
342,11539,0
343,18356,0
344,21303,0
349,10168,0
350,797,0
350,10809,0
350,19448,0
351,8626,0
351,11797,0
351,13006,0
352,9847,0
356,12113,0
358,22549,0
360,22580,0
365,11766,0
368,2992,0
368,12715,0
368,14454,0
369,13376,0
369,15095,0
369,16993,0
371,7219,0
372,6977,0
372,11120,0
372,13502,0
374,6684,0
375,1829,0
375,15080,0
377,2492,0
378,2447,0
378,2623,0
378,2932,0
380,4440,0
383,8579,0
388,9069,0
390,20447,0
392,2171,0
392,7862,0
392,18329,0
395,4181,0
395,17143,0
395,22412,0
396,11222,0
397,15840,0
398,14643,0
400,13630,0
402,5487,0
403,14918,0
404,16274,0
405,17911,0
406,14232,0
407,20791,0
408,20032,0
409,1519,0
409,4420,0
409,7106,0
410,2384,0
411,2641,0
413,15078,0
422,20213,0
425,2639,0
425,7745,0
425,11032,0
426,1858,0
429,4169,0
435,3912,0
436,12063,0
436,18994,0
438,6351,0
439,21947,0
441,5435,0
442,17671,0
446,4115,0
448,3700,0
453,2038,0
453,15082,0
455,3697,0
455,5749,0
456,19679,0
459,16362,0
460,5224,0
460,12157,0
460,14826,0
464,6173,0
467,20790,0
468,6032,0
470,4334,0
476,6204,0
478,10310,0
478,15569,0
478,17790,0
479,6848,0
480,552,0
480,9848,0
480,17903,0
481,3448,0
482,14612,0
484,10173,0
489,4671,0
492,1729,0
495,7769,0
497,13060,0
501,11218,0
507,15412,0
507,20522,0
507,21661,0
508,16253,0
509,16863,0
512,12122,0
513,1212,0
516,4025,0
518,2477,0
523,16053,0
529,18660,0
532,14313,0
532,17452,0
532,18272,0
536,6344,0
536,12293,0
539,16266,0
539,16771,0
539,18469,0
540,9943,0
541,14112,0
542,8368,0
542,14432,0
542,17849,0
545,20343,0
545,22377,0
546,914,0
547,6046,0
548,1248,0
548,21555,0
551,10245,0
552,9848,0
552,17903,0
556,19997,0
558,3520,0
562,10334,0
564,10032,0
565,20946,0
566,850,0
566,6894,0
566,9865,0
567,4113,0
569,20036,0
575,6504,0
576,3792,0
576,3941,0
576,22045,0
577,1342,0
586,1471,0
588,7605,0
588,12058,0
588,13481,0
589,18774,0
592,22561,0
593,2280,0
597,9212,0
597,9409,0
597,12648,0
599,3122,0
601,9104,0
604,8329,0
604,9532,0
604,20043,0
605,19843,0
607,19739,0
608,4393,0
608,5664,0
608,9881,0
611,18755,0
614,15866,0
616,10547,0
616,15871,0
626,12936,0
627,7060,0
627,12952,0
627,21896,0
629,6335,0
629,9919,0
629,10210,0
634,13724,0
635,11112,0
637,10213,0
639,11076,0
639,16757,0
641,18089,0
642,18477,0
643,13850,0
648,6030,0
651,2970,0
651,5128,0
651,5209,0
656,14591,0
656,21268,0
657,10740,0
659,16849,0
661,15318,0
670,3998,0
672,1518,0
674,10388,0
676,5357,0
679,3681,0
683,7264,0
685,6044,0
685,9287,0
685,15473,0
687,6368,0
688,19666,0
689,18203,0
691,6797,0
692,782,0
695,12454,0
699,18279,0
702,16478,0
704,5378,0
704,10893,0
704,18942,0
708,14641,0
711,18319,0
713,3758,0
714,2602,0
714,13456,0
714,20597,0
716,8701,0
723,19493,0
728,6658,0
728,18727,0
728,21358,0
729,2950,0
729,20307,0
729,21723,0
735,8258,0
738,17057,0
740,1621,0
740,9510,0
740,17655,0
741,18002,0
742,7262,0
742,13869,0
742,21848,0
743,1763,0
743,6882,0
743,20484,0
744,1757,0
745,2993,0
745,13092,0
747,4568,0
750,9891,0
752,3284,0
753,5843,0
757,11585,0
760,17528,0
761,19037,0
763,3569,0
766,12350,0
766,20672,0
767,7911,0
767,13309,0
769,4229,0
771,2729,0
774,17370,0
775,3827,0
776,20528,0
777,8606,0
777,13026,0
777,17368,0
778,3028,0
780,5180,0
784,19681,0
785,21959,0
787,21671,0
788,9953,0
790,19091,0
793,19527,0
797,10809,0
797,19448,0
798,3977,0
798,8016,0
798,17347,0
800,4707,0
800,14997,0
800,17832,0
802,2070,0
802,9660,0
802,22193,0
804,1457,0
814,8388,0
815,8838,0
815,14702,0
815,20558,0
821,16043,0
823,13343,0
824,2046,0
824,11539,0
827,8247,0
828,17784,0
833,4102,0
834,12013,0
835,1592,0
835,10898,0
835,11815,0
838,11170,0
839,14947,0
842,2471,0
843,18732,0
845,15256,0
850,6894,0
850,9865,0
851,4263,0
851,17329,0
854,11670,0
854,18568,0
858,9030,0
858,10730,0
858,15914,0
859,13570,0
861,13652,0
865,8858,0
867,7849,0
868,3250,0
869,12571,0
873,1240,0
874,3482,0
874,19977,0
874,20834,0
875,4876,0
875,8891,0
875,11416,0
882,16793,0
884,10772,0
885,21444,0
888,1235,0
889,21747,0
890,7232,0
893,7254,0
894,9157,0
895,6709,0
895,18876,0
895,20059,0
898,21618,0
899,4558,0
900,6825,0
906,10425,0
911,9530,0
912,2658,0
912,3173,0
912,12786,0
916,7703,0
917,5242,0
917,16814,0
922,11423,0
927,2354,0
927,12008,0
927,19922,0
931,11840,0
931,15429,0
931,16187,0
932,8968,0
934,6152,0
935,4755,0
935,13240,0
935,20408,0
938,16868,0
939,16495,0
944,4370,0
944,11516,0
944,12643,0
945,6529,0
951,18412,0
953,17242,0
958,10826,0
960,14126,0
961,4178,0
962,9637,0
963,2316,0
963,11053,0
963,11601,0
970,2944,0
971,12040,0
972,6447,0
973,12520,0
973,19632,0
973,20588,0
977,16612,0
978,13167,0
979,16040,0
982,16628,0
983,17632,0
983,20350,0
983,22184,0
987,7596,0
987,11966,0
987,12701,0
989,1204,0
989,10915,0
989,11462,0
993,10795,0
994,4841,0
994,5221,0
995,3755,0
995,11503,0
995,21816,0
999,10185,0
1000,11004,0
1004,7272,0
1005,6790,0
1008,15630,0
1010,8670,0
1011,17085,0
1011,17467,0
1011,20458,0
1013,4095,0
1015,22077,0
1022,12946,0
1023,21772,0
1025,15404,0
1026,13416,0
1030,4310,0
1034,11495,0
1034,16382,0
1034,20622,0
1036,5629,0
1039,13082,0
1039,17247,0
1039,21302,0
1043,1092,0
1043,2527,0
1043,22229,0
1049,8056,0
1051,2279,0
1051,3862,0
1056,12886,0
1057,4724,0
1060,6318,0
1062,7591,0
1062,9425,0
1062,15016,0
1065,8679,0
1065,12010,0
1065,20105,0
1067,5273,0
1067,13308,0
1067,13964,0
1068,2044,0
1074,8067,0
1075,13314,0
1076,3193,0
1078,2439,0
1079,19535,0
1082,19708,0
1083,11242,0
1085,22676,0
1089,2013,0
1092,2527,0
1092,22229,0
1095,5980,0
1095,14024,0
1095,20684,0
1097,11703,0
1100,15231,0
1101,3910,0
1101,3950,0
1101,7227,0
1102,9860,0
1103,8431,0
1103,9318,0
1103,10062,0
1104,13683,0
1104,19857,0
1104,21989,0
1105,6327,0
1106,12486,0
1106,20181,0
1106,21001,0
1108,2528,0
1108,4197,0
1108,17383,0
1109,2183,0
1110,4835,0
1112,10431,0
1113,15617,0
1116,16258,0
1117,11515,0
1123,1516,0
1123,6179,0
1123,15888,0
1126,4469,0
1127,17585,0
1128,18582,0
1135,3255,0
1135,4959,0
1135,22586,0
1137,8385,0
1139,15548,0
1153,3398,0
1155,11684,0
1157,10214,0
1158,4886,0
1159,1482,0
1160,3194,0
1160,17759,0
1160,22446,0
1162,22113,0
1165,17562,0
1167,14482,0
1168,2213,0
1168,13463,0
1168,20075,0
1171,20339,0
1175,1601,0
1175,6732,0
1175,16519,0
1179,16623,0
1180,3521,0
1184,2322,0
1185,6828,0
1185,12679,0
1185,22286,0
1188,14537,0
1189,15940,0
1190,10270,0
1190,12968,0
1190,20224,0
1192,21458,0
1193,5190,0
1194,10385,0
1197,10327,0
1202,5923,0
1202,7787,0
1202,14530,0
1203,1253,0
1204,10915,0
1204,11462,0
1207,14402,0
1208,6872,0
1210,1306,0
1210,13011,0
1216,18457,0
1217,20882,0
1221,4018,0
1221,5691,0
1221,13235,0
1224,2772,0
1224,5470,0
1224,7463,0
1225,11380,0
1227,4429,0
1228,11574,0
1232,20159,0
1237,21585,0
1241,4702,0
1242,11652,0
1242,20282,0
1243,10749,0
1246,8266,0
1248,21555,0
1254,14648,0
1255,2820,0
1255,5175,0
1255,5344,0
1256,6242,0
1260,5964,0
1260,7275,0
1260,13257,0
1265,16355,0
1266,11313,0
1268,6235,0
1269,1878,0
1271,8513,0
1271,11441,0
1271,21537,0
1273,20049,0
1275,21684,0
1277,1338,0
1277,9704,0
1277,22030,0
1279,7772,0
1285,13063,0
1287,1938,0
1289,14381,0
1290,22002,0
1291,14330,0
1295,7664,0
1299,9679,0
1302,20736,0
1303,14568,0
1305,4553,0
1306,13011,0
1308,3150,0
1308,13682,0
1308,21645,0
1310,22551,0
1311,17522,0
1318,6837,0
1319,1433,0
1323,11287,0
1323,15196,0
1329,5007,0
1333,3151,0
1333,15281,0
1334,3277,0
1334,4710,0
1334,18057,0
1336,9061,0
1338,9704,0
1338,22030,0
1339,7879,0
1340,7631,0
1341,9394,0
1343,5442,0
1344,15880,0
1345,8523,0
1346,16801,0
1346,19880,0
1346,21765,0
1347,8913,0
1349,21746,0
1351,2655,0
1351,4725,0
1351,18716,0
1356,8827,0
1356,10181,0
1356,19778,0
1360,9604,0
1363,16812,0
1364,8964,0
1365,19549,0
1366,17444,0
1373,7397,0
1375,22507,0
1376,1641,0
1376,16025,0
1377,15615,0
1380,6704,0
1380,8942,0
1380,18122,0
1382,12636,0
1385,21254,0
1393,12722,0
1393,15511,0
1394,2235,0
1396,18260,0
1399,13312,0
1400,13719,0
1400,15107,0
1400,18077,0
1401,7341,0
1401,9400,0
1401,10854,0
1403,2436,0
1403,3414,0
1404,1833,0
1405,17881,0
1406,10835,0
1410,6063,0
1410,12328,0
1410,13645,0
1412,1634,0
1413,10362,0
1415,6885,0
1415,7480,0
1415,9791,0
1418,15666,0
1418,15856,0
1418,22488,0
1419,13379,0
1420,17543,0
1422,20439,0
1424,4935,0
1428,8190,0
1434,15358,0
1441,5079,0
1441,6818,0
1441,12121,0
1442,4537,0
1447,10252,0
1448,13765,0
1448,16767,0
1449,20107,0
1452,15688,0
1453,13860,0
1456,12413,0
1458,5208,0
1461,4909,0
1462,7971,0
1463,7415,0
1464,8362,0
1468,1987,0
1470,10400,0
1474,11106,0
1477,2287,0
1483,3135,0
1484,5887,0
1484,11807,0
1484,16170,0
1485,18424,0
1486,9017,0
1487,6534,0
1487,11225,0
1487,12240,0
1488,20665,0
1492,4304,0
1495,6945,0
1500,12184,0
1502,5144,0
1503,2081,0
1503,5169,0
1503,11342,0
1508,21030,0
1511,5121,0
1514,4324,0
1516,6179,0
1516,15888,0
1517,14708,0
1519,4420,0
1519,7106,0
1526,13573,0
1526,21681,0
1527,18915,0
1529,19420,0
1530,13402,0
1537,8187,0
1542,19508,0
1543,8473,0
1543,14164,0
1543,16633,0
1545,1653,0
1546,13186,0
1550,3616,0
1552,4953,0
1559,8597,0
1560,10611,0
1565,21416,0
1567,3737,0
1567,11278,0
1567,11598,0
1568,8255,0
1569,6954,0
1573,6651,0
1579,1986,0
1581,22308,0
1584,4847,0
1584,6300,0
1584,15996,0
1588,14896,0
1589,4315,0
1592,10898,0
1592,11815,0
1601,6732,0
1601,16519,0
1604,6554,0
1605,17922,0
1607,7086,0
1607,20009,0
1607,21879,0
1610,3588,0
1614,18828,0
1616,12051,0
1617,12334,0
1619,8503,0
1621,9510,0
1621,17655,0
1622,10763,0
1622,17768,0
1622,21769,0
1624,9538,0
1630,12986,0
1631,22472,0
1633,19173,0
1637,2542,0
1638,22213,0
1641,16025,0
1645,5165,0
1645,8920,0
1645,13949,0
1648,16291,0
1649,3832,0
1649,5730,0
1649,10242,0
1655,5138,0
1656,22473,0
1661,16150,0
1665,5342,0
1665,12502,0
1665,14526,0
1670,14843,0
1670,18680,0
1670,22170,0
1673,5871,0
1673,11817,0
1673,16230,0
1674,17460,0
1676,19818,0
1680,22000,0
1684,1953,0
1686,19423,0
1690,2140,0
1690,10405,0
1690,22499,0
1693,12965,0
1694,2871,0
1694,6162,0
1694,20061,0
1697,9648,0
1697,15847,0
1697,16049,0
1698,14062,0
1700,11711,0
1702,6245,0
1705,5346,0
1706,3974,0
1711,4233,0
1714,5498,0
1715,2126,0
1716,7318,0
1716,13371,0
1716,19653,0
1720,11629,0
1726,16747,0
1726,21910,0
1733,6054,0
1738,7270,0
1740,12671,0
1741,10839,0
1741,21539,0
1751,15745,0
1752,4064,0
1752,13756,0
1752,14859,0
1753,3679,0
1753,5227,0
1753,16682,0
1762,9200,0
1763,6882,0
1763,20484,0
1765,17187,0
1765,21963,0
1765,22532,0
1766,5520,0
1768,18824,0
1772,15852,0
1775,9751,0
1775,14900,0
1775,17360,0
1776,14224,0
1778,16950,0
1779,4168,0
1784,10997,0
1788,9248,0
1790,11555,0
1791,22578,0
1794,2237,0
1794,3240,0
1794,3272,0
1795,21277,0
1796,21611,0
1798,8446,0
1799,10702,0
1800,5386,0
1800,6494,0
1800,16249,0
1804,17944,0
1805,22155,0
1811,3152,0
1814,2595,0
1814,7590,0
1814,18335,0
1815,10765,0
1816,16673,0
1818,4533,0
1821,12511,0
1822,5559,0
1822,6572,0
1822,8534,0
1824,9976,0
1825,4032,0
1829,15080,0
1831,13148,0
1835,2707,0
1840,4403,0
1840,20589,0
1840,22595,0
1843,13857,0
1845,10905,0
1845,15607,0
1845,19012,0
1853,17916,0
1855,22503,0
1857,11907,0
1860,17595,0
1863,3196,0
1863,4206,0
1866,19583,0
1867,7693,0
1868,8467,0
1868,16705,0
1868,16967,0
1870,16545,0
1872,5472,0
1873,17157,0
1874,6542,0
1879,14295,0
1880,7818,0
1880,8294,0
1880,22492,0
1884,5412,0
1886,18886,0
1887,4928,0
1891,10960,0
1892,9416,0
1893,4384,0
1893,11732,0
1893,11838,0
1894,20577,0
1896,21154,0
1898,3286,0
1899,11780,0
1901,7052,0
1906,3033,0
1912,5637,0
1918,4331,0
1919,8678,0
1921,9273,0
1923,15770,0
1924,14120,0
1927,4325,0
1928,3081,0
1928,6297,0
1928,11980,0
1930,16013,0
1930,19878,0
1930,21735,0
1931,5334,0
1931,5854,0
1931,8470,0
1935,6126,0
1939,8967,0
1940,5130,0
1940,8876,0
1940,12530,0
1941,17672,0
1944,22072,0
1945,17236,0
1951,13955,0
1954,3043,0
1954,7711,0
1955,17610,0
1960,11909,0
1962,2931,0
1964,21195,0
1967,4267,0
1973,6067,0
1981,3325,0
1989,2572,0
1990,20174,0
1994,2381,0
1994,12017,0
1994,17512,0
1996,8797,0
1999,4793,0
1999,19518,0
2000,22563,0
2001,13164,0
2002,14796,0
2014,18692,0
2015,20633,0
2017,8637,0
2018,4127,0
2025,5663,0
2032,8121,0
2034,9128,0
2034,15631,0
2034,19272,0
2035,13427,0
2036,9564,0
2038,15082,0
2039,19362,0
2041,2224,0
2045,8980,0
2046,11539,0
2047,7663,0
2048,14419,0
2049,18683,0
2050,7642,0
2057,18353,0
2058,14943,0
2060,13182,0
2062,11677,0
2066,19368,0
2069,2143,0
2069,20673,0
2070,9660,0
2070,22193,0
2072,13065,0
2073,8161,0
2076,19702,0
2081,5169,0
2081,11342,0
2088,21421,0
2097,13464,0
2098,16981,0
2099,18216,0
2101,4695,0
2101,15774,0
2101,21789,0
2102,21309,0
2105,4588,0
2106,15502,0
2107,4125,0
2109,13913,0
2110,2687,0
2110,19007,0
2110,21952,0
2113,9517,0
2114,5364,0
2115,9723,0
2116,3690,0
2119,11513,0
2120,6148,0
2120,8287,0
2120,19131,0
2125,14225,0
2134,17521,0
2135,8332,0
2139,4988,0
2140,10405,0
2140,22499,0
2143,20673,0
2147,9305,0
2147,15855,0
2147,16852,0
2148,9379,0
2151,9883,0
2151,16588,0
2151,20624,0
2153,14811,0
2155,18403,0
2157,22424,0
2159,8307,0
2159,9678,0
2159,11171,0
2161,13991,0
2163,19891,0
2164,6500,0
2164,10029,0
2164,17948,0
2166,21957,0
2171,7862,0
2171,18329,0
2172,14738,0
2173,9498,0
2177,3613,0
2177,17987,0
2177,21672,0
2178,18431,0
2179,3368,0
2182,7491,0
2182,9100,0
2182,9459,0
2185,6560,0
2185,20967,0
2187,10507,0
2187,12372,0
2187,22281,0
2188,18664,0
2189,12229,0
2193,14498,0
2203,10085,0
2206,17604,0
2208,6397,0
2208,9996,0
2208,15204,0
2213,13463,0
2213,20075,0
2214,3069,0
2214,4686,0
2214,7087,0
2218,18045,0
2221,14550,0
2223,17544,0
2225,11439,0
2227,9576,0
2228,15896,0
2232,3404,0
2233,12098,0
2234,13047,0
2236,4376,0
2237,3240,0
2237,3272,0
2240,6223,0
2240,13910,0
2240,18563,0
2244,21576,0
2248,11296,0
2248,16994,0
2248,19206,0
2250,11484,0
2251,10799,0
2253,11286,0
2255,2515,0
2256,14636,0
2257,11412,0
2258,4488,0
2269,5147,0
2269,6695,0
2269,16900,0
2275,15884,0
2277,8659,0
2279,3862,0
2281,3487,0
2282,5990,0
2284,11741,0
2293,7823,0
2294,12829,0
2296,14661,0
2298,17707,0
2298,19309,0
2298,22604,0
2305,16832,0
2308,6679,0
2308,10769,0
2308,21271,0
2309,2959,0
2309,4289,0
2309,4496,0
2310,8589,0
2310,13848,0
2310,18805,0
2312,5022,0
2312,18388,0
2312,20135,0
2315,8120,0
2316,11053,0
2316,11601,0
2318,10275,0
2318,10860,0
2318,19497,0
2320,19079,0
2323,18597,0
2327,6295,0
2327,9747,0
2327,11505,0
2329,6487,0
2336,21322,0
2338,17618,0
2340,18705,0
2341,20139,0
2346,22520,0
2350,9625,0
2354,12008,0
2354,19922,0
2355,6065,0
2359,16753,0
2361,8417,0
2362,5788,0
2363,3294,0
2365,19374,0
2370,7908,0
2376,4916,0
2378,11044,0
2381,12017,0
2381,17512,0
2390,22557,0
2395,19584,0
2396,6217,0
2398,9810,0
2399,8786,0
2400,12076,0
2400,20441,0
2401,10869,0
2404,7110,0
2407,5635,0
2410,12132,0
2411,7826,0
2413,11623,0
2414,7852,0
2417,15288,0
2419,6845,0
2419,10078,0
2420,3219,0
2421,8934,0
2422,6553,0
2424,2684,0
2424,14199,0
2424,16653,0
2426,17232,0
2428,11254,0
2428,16092,0
2428,19366,0
2429,4508,0
2434,7312,0
2434,15659,0
2435,17198,0
2436,3414,0
2438,8129,0
2440,22466,0
2441,5248,0
2443,13957,0
2444,7809,0
2446,22094,0
2447,2623,0
2447,2932,0
2448,10011,0
2451,20767,0
2452,7982,0
2454,4223,0
2454,20275,0
2454,20425,0
2458,19106,0
2461,15156,0
2464,3819,0
2467,18326,0
2468,20506,0
2472,9422,0
2472,14400,0
2472,22011,0
2482,7186,0
2482,12464,0
2482,17735,0
2483,13620,0
2483,16159,0
2483,21023,0
2484,20762,0
2489,12389,0
2490,7670,0
2491,14377,0
2496,2701,0
2501,9892,0
2505,6464,0
2508,19582,0
2510,21891,0
2511,8736,0
2511,10099,0
2511,18174,0
2513,15934,0
2513,21604,0
2513,22024,0
2517,10380,0
2517,13336,0
2517,13747,0
2523,15679,0
2525,15820,0
2526,11915,0
2526,18653,0
2527,22229,0
2528,4197,0
2528,17383,0
2530,14030,0
2533,6643,0
2534,20773,0
2535,17422,0
2538,7855,0
2538,15417,0
2538,20615,0
2544,11059,0
2548,9835,0
2554,22314,0
2555,9701,0
2556,19821,0
2557,8524,0
2559,18092,0
2560,12391,0
2560,15060,0
2560,16526,0
2565,10781,0
2567,19562,0
2570,19869,0
2571,10439,0
2574,13367,0
2576,6522,0
2577,9229,0
2578,13527,0
2579,12601,0
2582,10192,0
2586,4836,0
2595,7590,0
2595,18335,0
2597,13265,0
2602,13456,0
2602,20597,0
2605,13113,0
2608,7933,0
2609,3397,0
2609,8721,0
2609,16883,0
2610,9351,0
2611,6441,0
2612,16686,0
2616,14292,0
2619,17833,0
2619,17917,0
2619,19154,0
2622,18887,0
2623,2932,0
2629,11806,0
2629,19053,0
2629,20347,0
2630,15682,0
2630,18850,0
2634,5844,0
2634,9315,0
2634,19781,0
2635,18810,0
2639,7745,0
2639,11032,0
2642,12760,0
2642,14240,0
2643,6330,0
2643,19322,0
2643,20270,0
2644,16778,0
2648,17725,0
2650,5572,0
2652,9342,0
2652,15096,0
2652,16779,0
2653,11791,0
2655,4725,0
2655,18716,0
2656,8207,0
2658,3173,0
2658,12786,0
2663,3365,0
2663,18912,0
2665,4415,0
2666,14869,0
2667,11831,0
2668,16575,0
2669,22427,0
2670,3249,0
2670,4459,0
2670,13588,0
2672,5768,0
2672,17576,0
2672,22547,0
2673,16069,0
2674,16021,0
2674,19207,0
2674,21693,0
2675,20160,0
2679,13333,0
2680,22389,0
2681,4143,0
2682,13243,0
2683,8226,0
2684,14199,0
2684,16653,0
2687,19007,0
2687,21952,0
2705,11699,0
2706,13764,0
2706,13810,0
2706,19515,0
2711,3640,0
2712,11013,0
2712,11067,0
2715,5655,0
2716,10592,0
2719,11868,0
2720,14570,0
2721,6949,0
2726,12463,0
2727,5856,0
2731,21407,0
2733,15396,0
2735,16136,0
2749,5210,0
2749,19098,0
2749,22119,0
2752,6220,0
2753,10773,0
2764,13179,0
2765,3264,0
2766,18514,0
2767,13905,0
2772,5470,0
2772,7463,0
2775,5493,0
2776,11653,0
2776,15991,0
2776,21841,0
2779,6734,0
2784,20571,0
2785,10333,0
2788,9165,0
2788,13101,0
2788,16337,0
2789,19897,0
2791,7789,0
2793,11912,0
2798,9431,0
2799,3891,0
2801,11979,0
2804,4525,0
2805,12753,0
2806,4433,0
2807,14883,0
2813,6020,0
2814,6443,0
2814,9418,0
2814,17810,0
2815,7144,0
2817,20936,0
2818,21950,0
2820,5344,0
2821,16858,0
2822,14639,0
2824,16966,0
2825,6887,0
2826,3079,0
2828,16534,0
2856,11000,0
2865,9935,0
2865,14420,0
2865,21807,0
2870,10708,0
2871,6162,0
2871,20061,0
2881,9595,0
2882,13864,0
2885,6146,0
2887,3769,0
2891,19455,0
2897,16530,0
2902,6150,0
2907,3829,0
2907,14046,0
2908,17476,0
2911,19826,0
2916,14312,0
2916,16655,0
2916,20785,0
2918,16244,0
2920,4302,0
2935,18621,0
2937,5141,0
2937,10925,0
2938,14337,0
2939,9113,0
2941,13177,0
2942,7643,0
2948,4081,0
2948,9845,0
2950,20307,0
2950,21723,0
2951,12770,0
2952,20407,0
2954,13037,0
2956,11002,0
2959,4289,0
2959,4496,0
2962,8948,0
2966,11291,0
2969,17825,0
2970,5128,0
2970,5209,0
2971,5414,0
2974,6000,0
2978,13495,0
2983,3279,0
2984,16458,0
2984,21631,0
2984,21783,0
2988,12975,0
2990,7510,0
2991,8908,0
2992,12715,0
2992,14454,0
2993,13092,0
2994,10454,0
2994,11788,0
2994,20647,0
2996,9608,0
2999,15245,0
3008,13285,0
3009,8911,0
3010,11440,0
3010,17623,0
3010,21837,0
3013,22405,0
3014,10585,0
3017,20875,0
3020,13997,0
3022,21022,0
3025,6512,0
3026,10668,0
3026,20228,0
3027,18760,0
3029,17518,0
3030,7891,0
3031,17715,0
3036,11957,0
3042,21013,0
3043,7711,0
3047,5292,0
3047,14560,0
3048,13739,0
3053,19254,0
3054,19372,0
3061,8474,0
3061,17191,0
3061,22516,0
3064,12864,0
3065,21820,0
3067,7470,0
3069,4686,0
3069,7087,0
3070,15721,0
3074,13796,0
3077,18452,0
3081,6297,0
3081,11980,0
3083,20042,0
3084,9261,0
3086,9348,0
3086,13223,0
3086,20326,0
3087,11089,0
3087,12167,0
3094,20836,0
3095,5321,0
3097,14372,0
3100,15588,0
3105,22222,0
3108,10080,0
3110,4636,0
3112,5711,0
3113,15632,0
3115,7125,0
3117,9057,0
3123,18442,0
3124,8719,0
3126,16667,0
3131,6426,0
3131,12241,0
3133,8432,0
3134,19796,0
3137,6096,0
3137,8724,0
3137,9994,0
3144,7426,0
3145,7549,0
3150,13682,0
3150,21645,0
3151,9256,0
3151,15281,0
3154,12747,0
3154,13467,0
3154,22388,0
3156,16562,0
3158,9650,0
3159,20358,0
3169,21179,0
3173,12786,0
3174,6071,0
3175,18220,0
3176,4660,0
3179,22684,0
3180,3516,0
3183,16404,0
3184,19360,0
3185,14764,0
3186,7602,0
3187,17472,0
3191,9000,0
3194,17759,0
3194,22446,0
3195,9957,0
3196,4206,0
3200,16561,0
3205,19243,0
3207,3708,0
3207,11283,0
3207,19313,0
3209,12774,0
3209,17496,0
3209,17924,0
3211,3771,0
3211,11190,0
3211,21234,0
3213,15584,0
3220,19279,0
3225,9602,0
3225,13049,0
3225,13347,0
3231,20208,0
3232,10897,0
3232,14715,0
3232,14797,0
3233,4394,0
3235,21162,0
3236,16468,0
3239,3871,0
3239,4728,0
3239,8898,0
3240,3272,0
3249,4459,0
3249,13588,0
3251,11051,0
3253,21685,0
3255,4959,0
3255,22586,0
3256,18156,0
3257,12591,0
3259,8416,0
3260,5864,0
3261,4704,0
3265,11506,0
3266,12518,0
3267,3541,0
3267,5058,0
3267,15367,0
3269,10741,0
3277,4710,0
3277,18057,0
3293,6178,0
3293,9033,0
3293,17201,0
3296,12858,0
3297,9051,0
3297,15103,0
3297,19834,0
3300,7700,0
3301,20351,0
3303,6336,0
3303,11056,0
3303,18781,0
3306,4030,0
3307,4619,0
3309,5581,0
3309,9744,0
3309,12795,0
3312,21954,0
3316,13493,0
3320,12156,0
3322,9370,0
3327,20116,0
3329,15750,0
3331,7637,0
3333,19179,0
3338,17333,0
3339,13244,0
3341,7118,0
3342,20398,0
3345,17285,0
3346,20835,0
3348,10770,0
3348,14946,0
3348,15011,0
3355,21882,0
3358,8147,0
3358,9432,0
3358,11226,0
3359,19442,0
3363,17804,0
3364,6760,0
3364,11340,0
3364,20880,0
3365,18912,0
3366,14033,0
3370,4919,0
3372,13425,0
3375,16396,0
3377,17696,0
3378,20354,0
3384,20641,0
3387,22293,0
3390,5853,0
3390,6002,0
3390,18623,0
3393,11730,0
3393,21691,0
3394,7078,0
3394,19505,0
3394,19812,0
3397,8721,0
3397,16883,0
3405,15287,0
3406,19524,0
3415,12851,0
3425,10450,0
3430,20201,0
3437,20709,0
3439,19510,0
3441,17876,0
3446,19721,0
3450,9868,0
3450,14363,0
3450,16685,0
3454,20509,0
3455,6384,0
3456,11954,0
3462,10244,0
3466,7600,0
3467,9632,0
3467,12339,0
3467,12352,0
3469,7298,0
3474,5552,0
3475,8306,0
3478,21877,0
3482,19977,0
3482,20834,0
3489,5680,0
3490,7300,0
3491,9983,0
3495,17267,0
3497,10665,0
3499,7730,0
3499,9984,0
3499,13668,0
3500,9516,0
3501,4946,0
3502,22120,0
3507,5420,0
3510,8572,0
3511,20183,0
3514,15421,0
3518,3892,0
3518,14925,0
3519,20403,0
3528,4046,0
3528,5575,0
3528,14035,0
3529,18239,0
3531,21329,0
3532,13749,0
3538,7641,0
3540,18849,0
3541,5058,0
3541,15367,0
3542,16598,0
3544,17442,0
3546,11602,0
3554,18519,0
3555,8486,0
3556,15498,0
3559,20489,0
3567,12819,0
3570,10876,0
3570,19274,0
3570,19890,0
3571,5122,0
3572,6981,0
3572,11360,0
3572,15279,0
3578,13358,0
3581,22591,0
3591,11036,0
3592,7776,0
3592,21005,0
3594,22475,0
3598,7421,0
3602,9779,0
3603,17298,0
3606,4297,0
3613,17987,0
3613,21672,0
3618,5108,0
3619,12343,0
3620,15595,0
3621,4421,0
3625,19660,0
3629,19886,0
3635,5046,0
3636,14173,0
3639,17733,0
3644,7172,0
3645,3650,0
3652,9072,0
3654,14907,0
3658,5994,0
3661,21513,0
3668,9853,0
3668,11918,0
3668,18726,0
3671,8994,0
3675,16611,0
3679,5227,0
3679,16682,0
3683,15648,0
3686,17375,0
3692,18811,0
3694,4564,0
3695,20537,0
3697,5749,0
3701,8536,0
3702,4471,0
3707,9353,0
3708,11283,0
3708,19313,0
3710,21546,0
3718,12154,0
3719,16698,0
3721,17843,0
3725,9167,0
3736,16409,0
3737,11278,0
3737,11598,0
3739,6763,0
3739,19673,0
3739,21974,0
3741,12444,0
3743,20496,0
3753,8816,0
3755,11503,0
3755,21816,0
3756,11022,0
3757,21463,0
3759,18285,0
3763,4917,0
3763,6592,0
3763,11199,0
3766,16124,0
3767,12621,0
3771,11190,0
3771,21234,0
3772,20247,0
3773,16010,0
3774,17074,0
3777,6263,0
3779,10633,0
3779,12878,0
3779,22628,0
3780,9206,0
3780,9725,0
3780,14757,0
3781,10512,0
3784,14558,0
3785,9262,0
3787,11560,0
3789,21984,0
3792,3941,0
3792,22045,0
3795,4090,0
3800,9208,0
3801,19614,0
3802,8177,0
3803,9201,0
3803,16524,0
3803,18416,0
3804,5935,0
3806,6920,0
3807,15921,0
3808,22350,0
3810,4900,0
3810,6890,0
3811,20703,0
3816,5099,0
3821,14897,0
3829,14046,0
3832,5730,0
3832,10242,0
3835,7984,0
3838,18432,0
3839,15012,0
3846,10122,0
3850,6362,0
3851,12765,0
3852,8892,0
3856,9866,0
3856,14495,0
3856,19275,0
3859,16729,0
3863,20655,0
3864,22232,0
3867,6420,0
3868,16211,0
3871,4728,0
3871,8898,0
3872,20110,0
3873,20760,0
3874,6678,0
3874,10369,0
3874,21481,0
3876,5658,0
3876,10229,0
3876,10958,0
3877,10155,0
3878,20240,0
3878,20322,0
3878,21176,0
3883,14917,0
3884,8865,0
3885,21566,0
3892,14925,0
3893,4489,0
3893,12911,0
3893,17188,0
3895,11983,0
3896,21206,0
3898,13149,0
3901,7922,0
3903,7579,0
3903,21573,0
3904,4216,0
3906,3997,0
3906,7192,0
3906,10198,0
3910,3950,0
3910,7227,0
3914,5270,0
3914,20708,0
3915,17795,0
3917,13089,0
3918,7583,0
3919,4336,0
3919,6703,0
3919,14909,0
3922,22542,0
3923,19507,0
3924,13165,0
3929,7285,0
3929,12455,0
3936,16892,0
3938,12749,0
3940,5802,0
3940,16691,0
3940,22076,0
3941,22045,0
3944,8681,0
3950,7227,0
3955,13988,0
3960,16668,0
3965,8379,0
3968,5410,0
3969,7744,0
3975,17505,0
3976,7564,0
3976,9839,0
3976,17326,0
3977,8016,0
3977,17347,0
3978,13669,0
3979,6194,0
3980,16933,0
3984,17218,0
3990,17806,0
3992,22659,0
3993,20456,0
3997,7192,0
3997,10198,0
4000,4213,0
4002,7514,0
4002,15334,0
4002,16903,0
4003,19564,0
4005,20171,0
4008,5095,0
4011,12138,0
4014,20849,0
4018,5691,0
4018,13235,0
4020,5604,0
4021,6686,0
4026,13369,0
4027,21184,0
4038,7026,0
4038,10514,0
4038,20569,0
4042,9928,0
4042,11578,0
4042,12200,0
4044,18909,0
4046,5575,0
4046,14035,0
4048,16780,0
4055,5527,0
4055,12060,0
4055,21525,0
4058,8921,0
4060,11997,0
4060,20465,0
4064,13756,0
4064,14859,0
4066,19299,0
4069,14070,0
4075,10888,0
4076,9539,0
4081,9845,0
4082,9054,0
4083,19394,0
4094,10098,0
4094,20798,0
4098,4920,0
4099,14422,0
4110,8518,0
4110,17656,0
4110,17766,0
4116,8093,0
4118,9121,0
4120,5098,0
4120,17606,0
4120,21488,0
4126,5080,0
4129,18015,0
4130,5375,0
4130,14122,0
4130,21689,0
4132,20861,0
4133,7328,0
4135,21666,0
4138,14051,0
4139,11027,0
4142,8012,0
4142,21170,0
4142,21876,0
4145,10890,0
4147,16907,0
4154,9360,0
4155,18800,0
4157,12102,0
4157,20200,0
4157,21276,0
4159,16701,0
4161,21800,0
4164,11251,0
4165,5065,0
4165,13112,0
4165,16339,0
4170,5023,0
4173,5873,0
4173,9647,0
4173,16828,0
4175,14829,0
4177,21008,0
4179,5366,0
4181,17143,0
4181,22412,0
4182,12690,0
4182,16926,0
4182,19010,0
4185,13814,0
4187,6243,0
4192,9286,0
4197,17383,0
4200,7742,0
4202,14227,0
4210,4507,0
4210,18707,0
4218,14522,0
4223,20275,0
4223,20425,0
4224,13701,0
4227,4752,0
4227,14682,0
4227,20115,0
4237,13099,0
4238,4427,0
4239,6507,0
4241,11408,0
4259,7756,0
4261,16191,0
4263,17329,0
4264,7626,0
4265,17936,0
4269,17686,0
4273,11247,0
4277,16198,0
4278,11618,0
4280,7786,0
4280,9918,0
4280,10598,0
4282,15843,0
4283,6470,0
4283,11327,0
4283,16171,0
4289,4496,0
4291,4849,0
4299,10360,0
4300,11885,0
4300,19909,0
4303,19713,0
4305,19320,0
4308,12685,0
4308,16635,0
4311,5796,0
4311,9299,0
4313,12687,0
4314,8714,0
4314,9223,0
4314,20741,0
4317,6518,0
4320,10125,0
4321,15573,0
4329,9656,0
4330,21522,0
4332,22629,0
4333,9007,0
4335,15029,0
4336,6703,0
4336,14909,0
4338,4979,0
4338,9724,0
4341,21619,0
4343,12421,0
4344,12137,0
4345,7903,0
4347,9959,0
4348,8559,0
4348,11857,0
4348,14115,0
4352,16827,0
4356,6051,0
4356,15160,0
4365,13917,0
4370,11516,0
4370,12643,0
4379,18119,0
4381,18674,0
4383,10346,0
4383,22682,0
4384,11732,0
4384,11838,0
4385,9553,0
4385,10131,0
4385,21971,0
4387,8525,0
4389,4501,0
4389,6342,0
4389,12406,0
4392,8919,0
4393,5664,0
4393,9881,0
4395,5690,0
4401,5907,0
4402,15194,0
4403,20589,0
4403,22595,0
4411,19424,0
4412,12719,0
4412,21211,0
4414,11121,0
4417,21094,0
4419,9960,0
4419,10190,0
4419,12875,0
4420,7106,0
4422,7614,0
4422,7949,0
4431,18629,0
4436,13272,0
4436,19229,0
4436,20925,0
4442,4563,0
4443,21018,0
4445,22039,0
4447,14868,0
4448,18710,0
4450,19646,0
4452,18264,0
4458,19027,0
4459,13588,0
4462,12350,0
4462,20672,0
4467,12654,0
4473,8339,0
4475,8999,0
4476,15039,0
4480,4663,0
4480,14300,0
4480,19314,0
4481,8619,0
4481,17509,0
4481,21334,0
4482,10645,0
4484,16254,0
4485,7496,0
4485,9124,0
4489,12911,0
4489,17188,0
4490,11775,0
4494,16030,0
4501,6342,0
4501,12406,0
4502,11648,0
4504,18970,0
4506,12684,0
4507,18707,0
4512,8539,0
4514,9734,0
4516,15662,0
4516,17723,0
4516,19283,0
4517,13473,0
4526,8191,0
4529,8175,0
4532,10955,0
4534,19290,0
4535,4632,0
4535,22143,0
4536,15686,0
4540,7735,0
4540,15777,0
4540,18069,0
4543,14768,0
4545,4559,0
4545,18813,0
4545,20679,0
4550,18398,0
4554,9343,0
4554,10950,0
4554,20306,0
4555,6374,0
4555,12899,0
4555,17133,0
4559,18813,0
4559,20679,0
4561,4890,0
4562,15131,0
4562,22482,0
4565,19678,0
4566,22530,0
4569,17304,0
4571,15101,0
4571,20482,0
4572,16465,0
4576,13939,0
4579,12757,0
4582,18426,0
4587,10420,0
4587,22038,0
4589,6378,0
4591,17486,0
4593,4966,0
4593,5016,0
4593,20189,0
4594,10501,0
4601,6167,0
4605,5478,0
4605,17940,0
4605,19425,0
4606,10544,0
4607,20564,0
4608,6595,0
4609,11808,0
4611,10914,0
4612,21015,0
4614,18925,0
4617,21794,0
4625,7311,0
4627,17864,0
4628,5781,0
4628,16792,0
4628,19858,0
4629,21659,0
4632,22143,0
4633,6406,0
4638,6682,0
4639,11083,0
4640,11720,0
4641,22540,0
4642,7072,0
4642,19799,0
4642,22337,0
4643,14346,0
4643,14443,0
4643,14451,0
4647,10901,0
4648,5883,0
4650,9081,0
4657,17877,0
4658,15572,0
4661,12182,0
4663,14300,0
4663,19314,0
4665,8039,0
4669,15947,0
4674,4694,0
4674,9703,0
4675,7136,0
4678,8882,0
4684,21814,0
4686,7087,0
4687,15120,0
4689,13890,0
4691,20128,0
4693,20124,0
4694,9703,0
4695,15774,0
4695,21789,0
4698,10465,0
4699,11110,0
4707,14997,0
4707,17832,0
4708,16556,0
4710,18057,0
4716,9873,0
4719,9397,0
4721,8180,0
4725,18716,0
4728,8898,0
4731,22234,0
4733,21771,0
4734,10375,0
4736,20190,0
4743,7184,0
4743,18945,0
4743,22491,0
4744,7132,0
4746,15786,0
4746,20252,0
4748,11182,0
4748,15838,0
4748,18131,0
4752,14682,0
4752,20115,0
4755,13240,0
4755,20408,0
4758,17102,0
4760,17363,0
4763,8567,0
4767,10743,0
4770,13985,0
4772,7351,0
4772,9470,0
4772,11524,0
4774,22374,0
4775,16283,0
4782,12261,0
4786,21785,0
4789,5182,0
4789,6591,0
4793,19518,0
4794,19637,0
4800,17551,0
4805,22379,0
4807,5596,0
4812,17033,0
4813,17015,0
4814,9293,0
4817,14394,0
4818,18072,0
4820,13694,0
4828,7267,0
4829,13475,0
4841,5221,0
4844,5199,0
4845,21225,0
4847,6300,0
4847,15996,0
4850,20386,0
4852,14892,0
4856,20911,0
4857,18864,0
4861,9255,0
4867,12702,0
4869,10035,0
4872,6274,0
4874,5370,0
4874,9435,0
4874,22366,0
4875,12872,0
4875,14740,0
4875,22018,0
4876,8891,0
4876,11416,0
4877,8930,0
4877,12973,0
4877,20491,0
4881,9218,0
4881,17134,0
4881,19336,0
4884,9322,0
4884,11615,0
4884,17886,0
4887,12187,0
4889,13878,0
4892,20452,0
4896,19768,0
4897,8079,0
4898,14261,0
4898,16336,0
4900,6890,0
4902,14208,0
4908,17662,0
4910,18382,0
4911,20959,0
4912,10885,0
4914,22006,0
4915,12252,0
4915,12607,0
4917,6592,0
4917,11199,0
4921,17016,0
4926,17808,0
4927,10918,0
4932,16381,0
4938,9526,0
4944,5384,0
4959,22586,0
4962,6580,0
4965,18648,0
4966,5016,0
4966,20189,0
4967,16679,0
4969,19155,0
4969,21332,0
4969,21381,0
4970,10496,0
4974,7427,0
4974,8845,0
4979,9724,0
4984,9044,0
4986,6888,0
4987,6379,0
4991,10316,0
4991,15038,0
4991,15523,0
4995,21703,0
4997,17870,0
5006,5532,0
5008,10373,0
5009,17107,0
5015,6869,0
5015,13797,0
5015,21533,0
5016,20189,0
5021,20822,0
5022,18388,0
5022,20135,0
5024,18027,0
5037,20311,0
5039,9221,0
5040,5920,0
5040,8531,0
5040,22661,0
5043,9978,0
5045,14791,0
5057,14922,0
5058,15367,0
5059,8455,0
5061,19260,0
5062,15489,0
5065,13112,0
5065,16339,0
5070,13893,0
5078,7749,0
5079,6818,0
5079,12121,0
5083,5609,0
5083,11643,0
5083,16357,0
5084,15496,0
5084,15555,0
5084,18307,0
5085,16501,0
5088,21090,0
5091,9884,0
5093,5865,0
5096,9605,0
5098,17606,0
5098,21488,0
5102,21946,0
5103,21599,0
5109,8458,0
5112,15000,0
5119,19142,0
5124,11153,0
5126,9215,0
5128,5209,0
5130,8876,0
5130,12530,0
5136,10923,0
5139,18305,0
5141,10925,0
5145,9043,0
5147,6695,0
5147,16900,0
5148,10340,0
5151,12709,0
5151,16544,0
5151,17891,0
5160,12108,0
5161,9680,0
5163,11698,0
5164,9534,0
5165,8920,0
5165,13949,0
5168,9955,0
5169,11342,0
5171,5362,0
5171,10066,0
5171,10319,0
5173,11138,0
5173,17288,0
5173,22312,0
5175,5344,0
5176,9458,0
5176,16270,0
5176,17443,0
5181,18396,0
5181,19182,0
5181,19547,0
5182,6591,0
5183,18903,0
5183,20186,0
5187,13624,0
5188,21272,0
5202,5260,0
5202,11846,0
5202,18615,0
5203,14275,0
5205,10832,0
5207,10366,0
5210,19098,0
5210,22119,0
5213,12487,0
5213,21368,0
5216,8741,0
5219,6581,0
5219,9046,0
5219,10946,0
5224,12157,0
5224,14826,0
5225,8173,0
5225,10157,0
5225,13044,0
5227,16682,0
5231,5455,0
5235,18009,0
5239,13405,0
5239,17124,0
5239,18860,0
5242,16814,0
5244,13468,0
5246,21472,0
5254,15623,0
5259,11348,0
5260,11846,0
5260,18615,0
5261,9338,0
5261,11658,0
5261,15369,0
5266,8310,0
5266,11158,0
5266,15090,0
5269,12165,0
5270,20708,0
5273,13308,0
5273,13964,0
5275,8752,0
5276,15320,0
5277,17086,0
5280,12024,0
5282,8672,0
5290,18879,0
5291,6400,0
5291,9450,0
5291,18070,0
5292,14560,0
5294,19962,0
5294,21057,0
5300,20898,0
5305,7129,0
5307,8658,0
5314,9920,0
5317,20227,0
5322,11841,0
5324,15964,0
5329,9388,0
5334,5854,0
5334,8470,0
5336,20544,0
5336,21650,0
5339,6444,0
5339,8713,0
5341,18118,0
5342,12502,0
5342,14526,0
5343,20180,0
5345,19310,0
5358,16487,0
5359,7680,0
5360,15315,0
5361,12015,0
5362,10066,0
5362,10319,0
5368,18820,0
5370,9435,0
5370,22366,0
5375,14122,0
5375,21689,0
5378,10893,0
5378,18942,0
5379,21587,0
5380,15668,0
5383,14100,0
5386,6494,0
5386,16249,0
5388,20076,0
5392,7455,0
5393,22413,0
5398,14856,0
5403,18928,0
5404,17869,0
5409,14202,0
5411,13152,0
5415,11365,0
5415,15616,0
5415,15841,0
5417,19479,0
5418,12721,0
5423,14704,0
5424,14078,0
5425,17295,0
5425,22407,0
5425,22522,0
5428,9861,0
5429,15327,0
5431,20226,0
5436,11940,0
5436,13340,0
5436,22116,0
5437,14783,0
5441,6664,0
5441,16341,0
5441,19806,0
5444,6641,0
5444,14854,0
5444,17597,0
5447,18502,0
5449,8193,0
5459,14353,0
5460,12744,0
5460,15398,0
5460,18921,0
5465,16951,0
5468,20840,0
5470,7463,0
5478,17940,0
5478,19425,0
5481,20924,0
5484,14365,0
5496,9278,0
5502,13252,0
5502,14994,0
5503,9832,0
5505,11729,0
5505,17226,0
5506,20995,0
5508,12125,0
5509,12543,0
5516,16539,0
5519,10113,0
5519,12106,0
5522,9557,0
5522,15209,0
5522,21706,0
5527,12060,0
5527,21525,0
5528,13979,0
5534,13544,0
5536,16011,0
5539,22332,0
5540,18190,0
5549,5757,0
5551,17620,0
5558,10838,0
5559,6572,0
5559,8534,0
5564,21406,0
5567,17743,0
5569,13418,0
5569,17193,0
5569,19522,0
5574,18989,0
5575,14035,0
5578,20321,0
5579,21760,0
5580,13316,0
5581,9744,0
5581,12795,0
5583,17418,0
5592,5801,0
5592,7806,0
5592,11812,0
5597,15681,0
5600,10794,0
5602,15909,0
5605,5772,0
5607,20517,0
5608,7608,0
5609,11643,0
5609,16357,0
5611,6929,0
5611,10532,0
5611,12045,0
5614,7033,0
5618,14344,0
5623,10138,0
5623,15211,0
5623,20744,0
5624,11500,0
5632,10515,0
5633,6348,0
5634,18060,0
5639,7511,0
5639,12171,0
5639,16799,0
5640,12412,0
5644,19472,0
5647,17173,0
5648,16772,0
5651,12258,0
5658,10229,0
5658,10958,0
5660,6324,0
5660,7966,0
5660,8958,0
5661,14264,0
5664,9881,0
5665,7617,0
5668,16789,0
5669,15972,0
5670,7157,0
5672,8716,0
5672,16867,0
5672,17093,0
5673,11683,0
5673,16322,0
5673,17369,0
5674,11128,0
5675,11786,0
5677,16383,0
5678,17397,0
5684,5791,0
5684,6329,0
5689,8730,0
5691,13235,0
5693,20380,0
5694,20883,0
5696,13320,0
5706,10312,0
5707,15471,0
5713,19707,0
5716,10322,0
5718,13172,0
5722,15379,0
5726,11656,0
5729,13128,0
5730,10242,0
5731,18521,0
5734,20372,0
5735,17561,0
5742,16457,0
5746,9910,0
5746,10529,0
5746,13457,0
5747,9990,0
5750,7780,0
5758,18679,0
5758,20121,0
5759,21487,0
5762,19550,0
5766,9844,0
5768,17576,0
5768,22547,0
5771,7424,0
5771,9922,0
5771,18435,0
5775,20334,0
5780,15524,0
5781,16792,0
5781,19858,0
5783,10527,0
5783,11792,0
5783,18128,0
5784,22138,0
5791,6329,0
5796,9299,0
5798,7127,0
5799,16192,0
5800,14914,0
5800,18964,0
5800,21163,0
5801,7806,0
5801,11812,0
5802,16691,0
5802,22076,0
5812,8407,0
5814,17415,0
5817,17049,0
5819,18703,0
5824,20784,0
5825,7750,0
5828,10963,0
5828,18127,0
5828,19150,0
5830,21157,0
5830,21173,0
5831,16317,0
5833,10049,0
5838,14584,0
5839,9134,0
5844,9315,0
5844,19781,0
5845,19942,0
5849,10144,0
5850,17513,0
5851,22171,0
5852,8085,0
5853,6002,0
5853,18623,0
5854,8470,0
5855,16914,0
5860,19020,0
5862,14737,0
5862,15873,0
5862,18176,0
5868,15365,0
5871,11817,0
5871,16230,0
5872,6321,0
5873,9647,0
5873,16828,0
5875,13543,0
5880,12146,0
5881,18152,0
5885,15490,0
5887,11807,0
5887,16170,0
5888,7248,0
5889,14632,0
5890,8986,0
5891,14684,0
5899,14393,0
5901,9991,0
5902,22630,0
5909,8748,0
5913,16057,0
5920,8531,0
5920,22661,0
5921,14077,0
5923,7787,0
5923,14530,0
5936,20696,0
5939,12666,0
5943,22593,0
5952,10726,0
5956,14317,0
5961,19478,0
5963,17817,0
5964,7275,0
5964,13257,0
5965,12776,0
5967,9801,0
5969,14979,0
5971,10817,0
5975,12533,0
5977,19074,0
5980,14024,0
5980,20684,0
5986,6995,0
5987,20209,0
5989,19819,0
5992,21376,0
5995,9727,0
5997,10061,0
5998,13831,0
6002,18623,0
6004,19538,0
6008,12279,0
6010,20145,0
6015,10307,0
6015,18327,0
6015,20152,0
6019,13803,0
6024,19845,0
6031,15982,0
6036,17815,0
6041,11020,0
6041,12890,0
6043,17763,0
6044,9287,0
6044,15473,0
6045,10206,0
6050,15395,0
6051,15160,0
6052,6174,0
6055,7599,0
6059,21164,0
6060,19577,0
6063,12328,0
6063,13645,0
6064,12912,0
6066,11707,0
6066,13610,0
6066,17355,0
6068,6655,0
6068,8050,0
6068,9936,0
6069,20117,0
6073,22617,0
6076,10397,0
6081,18944,0
6082,14754,0
6085,15984,0
6092,15126,0
6096,8724,0
6096,9994,0
6097,8872,0
6102,7162,0
6102,11528,0
6102,22394,0
6103,8689,0
6105,8933,0
6105,18059,0
6105,21473,0
6106,13267,0
6107,19865,0
6110,19854,0
6118,7036,0
6118,18256,0
6124,14845,0
6127,12708,0
6128,11467,0
6130,9570,0
6130,12784,0
6132,22034,0
6133,12592,0
6136,17490,0
6144,18088,0
6148,8287,0
6148,19131,0
6149,11693,0
6157,9271,0
6160,6898,0
6162,20061,0
6164,16850,0
6170,8568,0
6172,16419,0
6172,19775,0
6172,20449,0
6176,17642,0
6178,9033,0
6178,17201,0
6179,15888,0
6186,9252,0
6186,12034,0
6186,15722,0
6198,19805,0
6205,7327,0
6205,8715,0
6205,18012,0
6209,19794,0
6212,9337,0
6215,19737,0
6218,16859,0
6222,13806,0
6223,13910,0
6223,18563,0
6225,9589,0
6232,15546,0
6240,18992,0
6244,8824,0
6251,6439,0
6251,18167,0
6251,19261,0
6255,8391,0
6257,15885,0
6259,14485,0
6260,7462,0
6261,13042,0
6267,16140,0
6268,8886,0
6269,16953,0
6275,8915,0
6277,11719,0
6278,21790,0
6282,21281,0
6283,22185,0
6284,7915,0
6287,12668,0
6287,14248,0
6287,14475,0
6290,13232,0
6291,12771,0
6291,15109,0
6291,19733,0
6293,7093,0
6295,9747,0
6295,11505,0
6297,11980,0
6299,7202,0
6300,15996,0
6301,22474,0
6304,15836,0
6305,21738,0
6307,6401,0
6307,19380,0
6307,21450,0
6308,11459,0
6309,13798,0
6310,9174,0
6311,12651,0
6315,6842,0
6316,15323,0
6317,6967,0
6319,20651,0
6324,7966,0
6324,8958,0
6325,6857,0
6328,10872,0
6330,19322,0
6330,20270,0
6332,15229,0
6334,10121,0
6334,19729,0
6334,21196,0
6335,9919,0
6335,10210,0
6336,11056,0
6336,18781,0
6342,12406,0
6344,12293,0
6346,12263,0
6346,15734,0
6346,18018,0
6352,15741,0
6354,6410,0
6358,13740,0
6367,10511,0
6369,9952,0
6369,16379,0
6369,20095,0
6374,12899,0
6374,17133,0
6375,15752,0
6377,11357,0
6382,17641,0
6383,11228,0
6387,10523,0
6390,9381,0
6392,8778,0
6397,9996,0
6397,15204,0
6398,19600,0
6399,12572,0
6400,9450,0
6400,18070,0
6401,19380,0
6401,21450,0
6404,21388,0
6407,9662,0
6415,6617,0
6417,11716,0
6425,10745,0
6426,12241,0
6430,11651,0
6431,20616,0
6432,9474,0
6434,11897,0
6434,13704,0
6434,18085,0
6439,18167,0
6439,19261,0
6442,9757,0
6442,9766,0
6442,20804,0
6443,9418,0
6443,17810,0
6444,8713,0
6448,10487,0
6449,9231,0
6449,18627,0
6457,13000,0
6460,10815,0
6461,22514,0
6462,18325,0
6463,18684,0
6468,6851,0
6468,7067,0
6468,10674,0
6470,11327,0
6470,16171,0
6472,6577,0
6472,8804,0
6472,10293,0
6473,6599,0
6473,7152,0
6473,12062,0
6474,19949,0
6480,13616,0
6482,21777,0
6484,14816,0
6485,8853,0
6488,11164,0
6488,13406,0
6488,13470,0
6489,8789,0
6491,13130,0
6491,19618,0
6492,20068,0
6494,16249,0
6496,9964,0
6500,10029,0
6500,17948,0
6505,10771,0
6505,14368,0
6505,14458,0
6509,13322,0
6521,19268,0
6534,11225,0
6534,12240,0
6536,9921,0
6537,15886,0
6541,17506,0
6543,15378,0
6555,7571,0
6558,6571,0
6560,20967,0
6562,20978,0
6563,15778,0
6565,11461,0
6566,21142,0
6572,8534,0
6573,21091,0
6574,15243,0
6574,17791,0
6577,8804,0
6577,10293,0
6578,18138,0
6578,18594,0
6581,9046,0
6581,10946,0
6582,22164,0
6583,20001,0
6584,12445,0
6585,11085,0
6588,20144,0
6590,14923,0
6592,11199,0
6593,18798,0
6599,7152,0
6599,12062,0
6604,18599,0
6605,9473,0
6610,13140,0
6612,16101,0
6613,7438,0
6613,10199,0
6613,21562,0
6618,21328,0
6621,8799,0
6622,15203,0
6622,16492,0
6625,10675,0
6627,10461,0
6629,18351,0
6630,11982,0
6631,19002,0
6636,21151,0
6641,14854,0
6641,17597,0
6648,19197,0
6650,7926,0
6653,13723,0
6655,8050,0
6655,9936,0
6658,18727,0
6658,21358,0
6659,12480,0
6659,14952,0
6659,17069,0
6664,16341,0
6664,19806,0
6671,22297,0
6673,22536,0
6676,8825,0
6676,16316,0
6678,10369,0
6678,21481,0
6679,10769,0
6679,21271,0
6680,19375,0
6687,9026,0
6691,15760,0
6695,16900,0
6697,16939,0
6699,21849,0
6702,13424,0
6703,14909,0
6704,8942,0
6704,18122,0
6705,9748,0
6706,8946,0
6706,11041,0
6706,19129,0
6709,18876,0
6709,20059,0
6715,10990,0
6716,6774,0
6716,6969,0
6716,11321,0
6725,21019,0
6728,11803,0
6730,19221,0
6732,16519,0
6735,14678,0
6735,19383,0
6735,21372,0
6737,22654,0
6738,14669,0
6742,8061,0
6753,8583,0
6760,11340,0
6760,20880,0
6763,19673,0
6763,21974,0
6765,8248,0
6769,17879,0
6774,6969,0
6774,11321,0
6778,19452,0
6779,16210,0
6781,17750,0
6784,9563,0
6786,13837,0
6788,17643,0
6791,10807,0
6793,11445,0
6794,13466,0
6800,17135,0
6804,21570,0
6812,19847,0
6814,17112,0
6818,12121,0
6824,7457,0
6827,21423,0
6828,12679,0
6828,22286,0
6831,21109,0
6843,11715,0
6845,10078,0
6846,22577,0
6851,7067,0
6851,10674,0
6858,16306,0
6859,8687,0
6859,9889,0
6859,13353,0
6861,19688,0
6864,14759,0
6865,15975,0
6867,8791,0
6869,13797,0
6869,21533,0
6870,13827,0
6875,13069,0
6875,15262,0
6875,19585,0
6877,17468,0
6880,10115,0
6882,20484,0
6884,12641,0
6885,7480,0
6885,9791,0
6893,17399,0
6894,9865,0
6902,10128,0
6903,8365,0
6906,11469,0
6907,10612,0
6912,13375,0
6912,20004,0
6912,22433,0
6914,16711,0
6915,14654,0
6916,15068,0
6917,7009,0
6918,7038,0
6924,19872,0
6925,11501,0
6929,10532,0
6929,12045,0
6931,20752,0
6932,22159,0
6934,8082,0
6935,8124,0
6935,12431,0
6935,12987,0
6937,16787,0
6938,14565,0
6939,7039,0
6939,9527,0
6939,13525,0
6941,15766,0
6943,15034,0
6944,14761,0
6948,17854,0
6951,13618,0
6961,11038,0
6965,18087,0
6968,8627,0
6969,11321,0
6972,19791,0
6976,9580,0
6976,22623,0
6977,11120,0
6977,13502,0
6978,7851,0
6981,11360,0
6981,15279,0
6983,8855,0
6983,12649,0
6983,13581,0
6986,13601,0
6994,10162,0
6997,12587,0
7000,10016,0
7006,18713,0
7007,16666,0
7008,12318,0
7011,14037,0
7012,8290,0
7012,13263,0
7012,17950,0
7014,13446,0
7015,21598,0
7018,15600,0
7020,20628,0
7026,10514,0
7026,20569,0
7034,14563,0
7036,18256,0
7039,9527,0
7039,13525,0
7040,22689,0
7043,22486,0
7048,10082,0
7048,18080,0
7050,18090,0
7057,8023,0
7057,12789,0
7057,22128,0
7060,12952,0
7060,21896,0
7067,10674,0
7070,11880,0
7072,19799,0
7072,22337,0
7073,9031,0
7075,11147,0
7077,7326,0
7078,19505,0
7078,19812,0
7079,8410,0
7079,16331,0
7079,18219,0
7082,7871,0
7083,9573,0
7084,12216,0
7086,20009,0
7086,21879,0
7089,10593,0
7092,15550,0
7100,7978,0
7100,11963,0
7100,19519,0
7102,22564,0
7104,19218,0
7105,12705,0
7111,8848,0
7113,18858,0
7119,9764,0
7130,15116,0
7131,16042,0
7133,18011,0
7138,22073,0
7139,19979,0
7141,8259,0
7145,16212,0
7150,8318,0
7152,12062,0
7154,14136,0
7160,7992,0
7160,14396,0
7160,21492,0
7161,20021,0
7162,11528,0
7162,22394,0
7166,11779,0
7169,13792,0
7171,16663,0
7173,7551,0
7184,18945,0
7184,22491,0
7185,9196,0
7186,17735,0
7192,10198,0
7200,7988,0
7204,19232,0
7209,9711,0
7213,14308,0
7214,11123,0
7215,10364,0
7215,10655,0
7215,21829,0
7218,19107,0
7220,10473,0
7221,11310,0
7224,16330,0
7224,18323,0
7224,22233,0
7225,9145,0
7225,11978,0
7225,17117,0
7228,17605,0
7230,17559,0
7235,19732,0
7236,9814,0
7241,11734,0
7242,16351,0
7243,13950,0
7246,17158,0
7247,20096,0
7262,13869,0
7262,21848,0
7263,16177,0
7266,19384,0
7269,10457,0
7274,20002,0
7275,13257,0
7276,12644,0
7277,16137,0
7280,17985,0
7282,19210,0
7285,12455,0
7286,10830,0
7288,12515,0
7289,21702,0
7291,12638,0
7292,8096,0
7292,21255,0
7296,20446,0
7301,11167,0
7301,17477,0
7301,22663,0
7303,18647,0
7309,10603,0
7309,18032,0
7309,20166,0
7312,15659,0
7315,15014,0
7316,17342,0
7318,13371,0
7318,19653,0
7323,21868,0
7324,11074,0
7324,11550,0
7324,12057,0
7327,8715,0
7327,18012,0
7332,20538,0
7333,14380,0
7339,18265,0
7341,9400,0
7341,10854,0
7344,17710,0
7349,8750,0
7350,10208,0
7351,9470,0
7351,11524,0
7356,22220,0
7360,21171,0
7361,21191,0
7366,12885,0
7368,8943,0
7370,15335,0
7374,13547,0
7375,13476,0
7379,20462,0
7380,11800,0
7381,18474,0
7381,21134,0
7382,8169,0
7384,12344,0
7386,21563,0
7387,21396,0
7389,20846,0
7396,19639,0
7399,8465,0
7401,20552,0
7410,9452,0
7410,14687,0
7410,21305,0
7414,13449,0
7418,7907,0
7418,9956,0
7418,18891,0
7420,13561,0
7424,9922,0
7424,18435,0
7425,15821,0
7427,8845,0
7432,12536,0
7434,20349,0
7438,10199,0
7438,21562,0
7441,13687,0
7445,14137,0
7451,20971,0
7452,11542,0
7452,14383,0
7452,17629,0
7453,13214,0
7453,20406,0
7461,16031,0
7465,15730,0
7468,11646,0
7469,18350,0
7472,8325,0
7479,18029,0
7480,9791,0
7482,18312,0
7489,11850,0
7491,9100,0
7491,9459,0
7492,15062,0
7492,17520,0
7493,9586,0
7496,9124,0
7497,22310,0
7500,15567,0
7500,17283,0
7500,20848,0
7502,18094,0
7506,13409,0
7509,16208,0
7511,12171,0
7511,16799,0
7514,15334,0
7514,16903,0
7524,8205,0
7524,16003,0
7524,19264,0
7542,8150,0
7544,9849,0
7545,14294,0
7550,9872,0
7555,18943,0
7556,20104,0
7557,16566,0
7560,12897,0
7564,9839,0
7564,17326,0
7565,15053,0
7566,14463,0
7570,8269,0
7570,14644,0
7570,21348,0
7572,21241,0
7579,21573,0
7586,8782,0
7587,16064,0
7589,21011,0
7590,18335,0
7591,9425,0
7591,15016,0
7592,21275,0
7593,14920,0
7594,11069,0
7595,12577,0
7596,11966,0
7596,12701,0
7598,20742,0
7605,12058,0
7605,13481,0
7606,18965,0
7613,13305,0
7613,14780,0
7613,20000,0
7614,7949,0
7618,21434,0
7619,14417,0
7622,10142,0
7632,8199,0
7632,18581,0
7632,22502,0
7651,13933,0
7652,7667,0
7654,15712,0
7656,17586,0
7657,19214,0
7658,9027,0
7668,15397,0
7671,12266,0
7671,14452,0
7671,17692,0
7681,20985,0
7682,21929,0
7689,8127,0
7698,9133,0
7698,14386,0
7698,19745,0
7699,22060,0
7704,14629,0
7709,19706,0
7719,16532,0
7719,20954,0
7722,19715,0
7723,11721,0
7725,7939,0
7725,8588,0
7725,14782,0
7727,9842,0
7730,9984,0
7730,13668,0
7732,18634,0
7735,15777,0
7735,18069,0
7736,10939,0
7738,11382,0
7739,18342,0
7743,16079,0
7745,11032,0
7748,10867,0
7751,14061,0
7754,8008,0
7755,22541,0
7757,16520,0
7761,8413,0
7762,11245,0
7764,12470,0
7766,16066,0
7766,16750,0
7771,10472,0
7776,21005,0
7777,11264,0
7778,22685,0
7782,12202,0
7786,9918,0
7786,10598,0
7787,14530,0
7790,14575,0
7795,9066,0
7796,22255,0
7797,8117,0
7799,13458,0
7800,17925,0
7802,18953,0
7806,11812,0
7807,12568,0
7807,21359,0
7811,19184,0
7815,16760,0
7816,14836,0
7818,8294,0
7818,22492,0
7822,9227,0
7828,14831,0
7831,10942,0
7837,21337,0
7838,15037,0
7839,21808,0
7841,13769,0
7841,22021,0
7843,8066,0
7844,22692,0
7855,15417,0
7855,20615,0
7862,18329,0
7867,16154,0
7868,21927,0
7869,15543,0
7870,21312,0
7873,10961,0
7875,22356,0
7880,13015,0
7884,19965,0
7887,13634,0
7889,18050,0
7892,20374,0
7907,9956,0
7907,18891,0
7909,21784,0
7911,13309,0
7912,21152,0
7925,20271,0
7927,18453,0
7934,10891,0
7934,10966,0
7934,22344,0
7936,11039,0
7939,8588,0
7939,14782,0
7956,18611,0
7966,8958,0
7967,11016,0
7970,10571,0
7972,20850,0
7978,11963,0
7978,19519,0
7983,9179,0
7985,22627,0
7987,12999,0
7991,11435,0
7992,14396,0
7992,21492,0
7996,15475,0
7996,16835,0
7996,20498,0
7999,16807,0
8000,13776,0
8006,17169,0
8012,21170,0
8012,21876,0
8013,9454,0
8016,17347,0
8018,16324,0
8021,14039,0
8023,12789,0
8023,22128,0
8025,18358,0
8026,12280,0
8027,8649,0
8029,14630,0
8029,17389,0
8029,20733,0
8030,13576,0
8033,20920,0
8034,21054,0
8037,22238,0
8038,12915,0
8038,15408,0
8038,18740,0
8042,19017,0
8047,19293,0
8050,9936,0
8053,9184,0
8054,20573,0
8057,17174,0
8060,12856,0
8064,9142,0
8068,8460,0
8069,10824,0
8070,11280,0
8073,18947,0
8075,13722,0
8075,14659,0
8075,19831,0
8076,13018,0
8076,16625,0
8076,21495,0
8078,21056,0
8084,8095,0
8088,14032,0
8091,12716,0
8094,21086,0
8096,21255,0
8100,15161,0
8109,10727,0
8109,18906,0
8109,20810,0
8111,10240,0
8123,13928,0
8124,12431,0
8124,12987,0
8125,17981,0
8126,18512,0
8128,21854,0
8132,19935,0
8135,20689,0
8138,9876,0
8142,10221,0
8144,9675,0
8145,22517,0
8146,21158,0
8147,9432,0
8147,11226,0
8148,20378,0
8149,20815,0
8152,21873,0
8153,15065,0
8153,19437,0
8155,11916,0
8155,13713,0
8155,22010,0
8158,16869,0
8162,22126,0
8164,21980,0
8165,15551,0
8173,10157,0
8173,13044,0
8179,18789,0
8181,19201,0
8183,9092,0
8183,16672,0
8198,18745,0
8199,18581,0
8199,22502,0
8202,16542,0
8205,16003,0
8205,19264,0
8211,20355,0
8212,11647,0
8219,13059,0
8229,16044,0
8239,11240,0
8239,11285,0
8239,18379,0
8245,13127,0
8251,9627,0
8252,19735,0
8254,19294,0
8264,8918,0
8265,18967,0
8267,15513,0
8268,12665,0
8269,14644,0
8269,21348,0
8271,17524,0
8273,12052,0
8276,16865,0
8278,13447,0
8278,14034,0
8278,20147,0
8279,16088,0
8280,21663,0
8287,19131,0
8288,12803,0
8290,13263,0
8290,17950,0
8294,22492,0
8298,9265,0
8300,16051,0
8304,11761,0
8307,9678,0
8307,11171,0
8308,22688,0
8310,11158,0
8310,15090,0
8323,17026,0
8329,9532,0
8329,20043,0
8331,18038,0
8343,18227,0
8345,13097,0
8345,17126,0
8345,18571,0
8346,21235,0
8347,11322,0
8347,18969,0
8348,22583,0
8353,20600,0
8354,16430,0
8355,15193,0
8355,15431,0
8355,21605,0
8357,12710,0
8358,14864,0
8366,17713,0
8367,19454,0
8368,14432,0
8368,17849,0
8369,13122,0
8370,17056,0
8371,19712,0
8374,10486,0
8377,11350,0
8393,19851,0
8394,21668,0
8397,11638,0
8402,10219,0
8404,14284,0
8408,18838,0
8410,16331,0
8410,18219,0
8411,21464,0
8422,10347,0
8422,12355,0
8422,15765,0
8430,19174,0
8431,9318,0
8431,10062,0
8433,20155,0
8437,9812,0
8437,21589,0
8437,22429,0
8439,20106,0
8442,16189,0
8444,21400,0
8447,14724,0
8448,12326,0
8449,19125,0
8456,22613,0
8459,19148,0
8462,12160,0
8464,13207,0
8467,16705,0
8467,16967,0
8471,14617,0
8473,14164,0
8473,16633,0
8474,17191,0
8474,22516,0
8477,8665,0
8477,13139,0
8477,16328,0
8480,17269,0
8481,8767,0
8481,11105,0
8481,19655,0
8483,21571,0
8488,9593,0
8488,14711,0
8488,16112,0
8494,17359,0
8495,15744,0
8495,21529,0
8505,14787,0
8506,20770,0
8507,16158,0
8507,17579,0
8508,10067,0
8509,17861,0
8513,11441,0
8513,21537,0
8517,14858,0
8518,17656,0
8518,17766,0
8521,21266,0
8531,22661,0
8532,11075,0
8537,16152,0
8538,19870,0
8543,10782,0
8543,13175,0
8543,17631,0
8544,13953,0
8544,15652,0
8544,17565,0
8546,9622,0
8547,14798,0
8548,16047,0
8549,17882,0
8558,8867,0
8558,9981,0
8558,14963,0
8559,11857,0
8559,14115,0
8561,12939,0
8566,14103,0
8569,17633,0
8570,22567,0
8571,20908,0
8575,19202,0
8578,16560,0
8585,10659,0
8587,14549,0
8588,14782,0
8589,13848,0
8589,18805,0
8593,13934,0
8599,16048,0
8599,19061,0
8599,21916,0
8605,14245,0
8606,13026,0
8606,17368,0
8611,12000,0
8612,13436,0
8616,21000,0
8619,17509,0
8619,21334,0
8625,21938,0
8626,11797,0
8626,13006,0
8631,15801,0
8632,20260,0
8638,17511,0
8639,12995,0
8647,11855,0
8651,19263,0
8654,11768,0
8654,13847,0
8654,14407,0
8655,20078,0
8657,15956,0
8662,13891,0
8664,17386,0
8665,13139,0
8665,16328,0
8674,20949,0
8677,21679,0
8679,12010,0
8679,20105,0
8684,10313,0
8684,17089,0
8684,20980,0
8687,9889,0
8687,13353,0
8690,15772,0
8694,13761,0
8703,16134,0
8705,20192,0
8709,14507,0
8709,22359,0
8712,19658,0
8714,9223,0
8714,20741,0
8715,18012,0
8716,16867,0
8716,17093,0
8721,16883,0
8724,9994,0
8725,19740,0
8728,20860,0
8729,14416,0
8734,15213,0
8736,10099,0
8736,18174,0
8737,18819,0
8738,10300,0
8739,11236,0
8740,8844,0
8743,17694,0
8758,18097,0
8761,11475,0
8767,11105,0
8767,19655,0
8773,17271,0
8776,22453,0
8785,9642,0
8785,16879,0
8785,21308,0
8788,20426,0
8802,14824,0
8802,16603,0
8802,20025,0
8804,10293,0
8806,9871,0
8808,10378,0
8812,10552,0
8813,13334,0
8813,17996,0
8813,18888,0
8818,18622,0
8825,16316,0
8827,10181,0
8827,19778,0
8832,11747,0
8838,14702,0
8838,20558,0
8849,16290,0
8852,12811,0
8855,12649,0
8855,13581,0
8860,10068,0
8860,12931,0
8860,14303,0
8861,19040,0
8863,11922,0
8863,17141,0
8863,21911,0
8867,9981,0
8867,14963,0
8868,21050,0
8869,22579,0
8875,12107,0
8875,15079,0
8875,18630,0
8876,12530,0
8878,9722,0
8884,10940,0
8885,21762,0
8887,21515,0
8891,11416,0
8895,15505,0
8904,13908,0
8910,15753,0
8920,13949,0
8924,13712,0
8926,21846,0
8930,12973,0
8930,20491,0
8933,18059,0
8933,21473,0
8942,18122,0
8946,11041,0
8946,19129,0
8947,18780,0
8949,17328,0
8950,17529,0
8954,11390,0
8959,12145,0
8973,9309,0
8973,13360,0
8973,18341,0
8976,21169,0
8978,18042,0
8983,21719,0
8990,17658,0
8992,12991,0
8996,12036,0
9008,15864,0
9011,19348,0
9012,22110,0
9014,19103,0
9014,20211,0
9020,15903,0
9020,20982,0
9020,21520,0
9022,9661,0
9022,11055,0
9022,17909,0
9028,10434,0
9029,19444,0
9030,10730,0
9030,15914,0
9032,18952,0
9033,17201,0
9046,10946,0
9048,18346,0
9051,15103,0
9051,19834,0
9063,20512,0
9068,13972,0
9071,15784,0
9078,12150,0
9079,10194,0
9079,16924,0
9079,21936,0
9087,12356,0
9090,17154,0
9092,16672,0
9094,14812,0
9094,17895,0
9098,12853,0
9100,9459,0
9103,12227,0
9108,20669,0
9112,10691,0
9112,13181,0
9112,13780,0
9116,18853,0
9118,13487,0
9120,10716,0
9122,14613,0
9123,17616,0
9126,15967,0
9127,16077,0
9128,15631,0
9128,19272,0
9133,14386,0
9133,19745,0
9137,9329,0
9141,20162,0
9145,11978,0
9145,17117,0
9149,11965,0
9154,18968,0
9158,20881,0
9165,13101,0
9165,16337,0
9166,13291,0
9169,20099,0
9176,10025,0
9182,17041,0
9182,18066,0
9182,18159,0
9186,18693,0
9197,21081,0
9199,12516,0
9201,16524,0
9201,18416,0
9206,9725,0
9206,14757,0
9212,9409,0
9212,12648,0
9213,16716,0
9216,20878,0
9217,16990,0
9218,17134,0
9218,19336,0
9223,20741,0
9230,11917,0
9230,13373,0
9230,17382,0
9231,18627,0
9232,9270,0
9237,11403,0
9237,14581,0
9237,20067,0
9238,15533,0
9243,16146,0
9245,10906,0
9252,12034,0
9252,15722,0
9256,15281,0
9258,16288,0
9263,18749,0
9264,11098,0
9266,13102,0
9267,17274,0
9272,14680,0
9274,13577,0
9275,12426,0
9277,14898,0
9285,18978,0
9287,15473,0
9305,15855,0
9305,16852,0
9307,12768,0
9307,15673,0
9307,21567,0
9308,15580,0
9309,13360,0
9309,18341,0
9312,12023,0
9315,19781,0
9318,10062,0
9320,14701,0
9322,11615,0
9322,17886,0
9323,18395,0
9324,22114,0
9325,12527,0
9325,15052,0
9325,16523,0
9336,10521,0
9338,11658,0
9338,15369,0
9342,15096,0
9342,16779,0
9343,10950,0
9343,20306,0
9346,16305,0
9348,13223,0
9348,20326,0
9354,18333,0
9355,10399,0
9358,13716,0
9358,14006,0
9358,16594,0
9368,12739,0
9373,9813,0
9374,11065,0
9375,16445,0
9380,15863,0
9384,22096,0
9385,14716,0
9390,14140,0
9392,11561,0
9395,14807,0
9400,10854,0
9403,11893,0
9409,12648,0
9411,21692,0
9413,9811,0
9414,10266,0
9414,16480,0
9414,19248,0
9418,17810,0
9420,14430,0
9421,12905,0
9422,14400,0
9422,22011,0
9423,21676,0
9425,15016,0
9426,14658,0
9429,16464,0
9432,11226,0
9433,18115,0
9435,22366,0
9437,18406,0
9450,18070,0
9452,14687,0
9452,21305,0
9458,16270,0
9458,17443,0
9462,22265,0
9464,21638,0
9470,11524,0
9472,16232,0
9477,19717,0
9479,10409,0
9480,10814,0
9486,14700,0
9492,12278,0
9496,21678,0
9502,13782,0
9510,17655,0
9512,18394,0
9520,16426,0
9521,21930,0
9523,20833,0
9527,13525,0
9532,20043,0
9533,14072,0
9541,12664,0
9541,16620,0
9541,18854,0
9542,19919,0
9547,21547,0
9553,10131,0
9553,21971,0
9556,17677,0
9557,15209,0
9557,21706,0
9569,14503,0
9570,12784,0
9575,14093,0
9579,17307,0
9580,22623,0
9590,13428,0
9593,14711,0
9593,16112,0
9596,19765,0
9598,13242,0
9600,21907,0
9601,14571,0
9602,13049,0
9602,13347,0
9607,17071,0
9610,17573,0
9612,13004,0
9616,18165,0
9628,13992,0
9629,10524,0
9632,12339,0
9632,12352,0
9635,10615,0
9635,15910,0
9635,18554,0
9636,20268,0
9641,13605,0
9642,16879,0
9642,21308,0
9647,16828,0
9648,15847,0
9648,16049,0
9652,21674,0
9653,17240,0
9655,13895,0
9660,22193,0
9661,11055,0
9661,17909,0
9665,20276,0
9669,12625,0
9670,12922,0
9673,20365,0
9674,15735,0
9678,11171,0
9683,16175,0
9687,22487,0
9689,21201,0
9692,16248,0
9694,14697,0
9696,10294,0
9700,19998,0
9702,20646,0
9704,22030,0
9705,21824,0
9715,16462,0
9718,11297,0
9725,14757,0
9728,12345,0
9728,19841,0
9728,22207,0
9729,22163,0
9735,21932,0
9736,20516,0
9743,16342,0
9744,12795,0
9746,20783,0
9747,11505,0
9749,12424,0
9751,14900,0
9751,17360,0
9756,10654,0
9757,9766,0
9757,20804,0
9766,20804,0
9769,15488,0
9770,13362,0
9771,21453,0
9775,19200,0
9782,13699,0
9784,12845,0
9784,17588,0
9784,22434,0
9785,10700,0
9787,19761,0
9788,9815,0
9794,17639,0
9808,10453,0
9812,21589,0
9812,22429,0
9822,11575,0
9824,17752,0
9827,11476,0
9828,21499,0
9834,21506,0
9839,17326,0
9841,12298,0
9841,21919,0
9841,22181,0
9848,17903,0
9851,13341,0
9853,11918,0
9853,18726,0
9855,16971,0
9855,18613,0
9855,22599,0
9856,19357,0
9857,16606,0
9863,20931,0
9866,14495,0
9866,19275,0
9868,14363,0
9868,16685,0
9869,20027,0
9870,18485,0
9875,21964,0
9875,22380,0
9878,18825,0
9879,20235,0
9882,12732,0
9883,16588,0
9883,20624,0
9886,17341,0
9889,13353,0
9894,18357,0
9895,12410,0
9896,11861,0
9897,12934,0
9897,14092,0
9897,17507,0
9904,10614,0
9905,21280,0
9907,15493,0
9908,11465,0
9910,10529,0
9910,13457,0
9913,10048,0
9918,10598,0
9919,10210,0
9922,18435,0
9926,21331,0
9928,11578,0
9928,12200,0
9934,12546,0
9934,20990,0
9935,14420,0
9935,21807,0
9939,12974,0
9941,15605,0
9949,12604,0
9950,13168,0
9950,19814,0
9950,20020,0
9952,16379,0
9952,20095,0
9956,18891,0
9958,10935,0
9960,10190,0
9960,12875,0
9969,13091,0
9974,14706,0
9975,13924,0
9975,22348,0
9981,14963,0
9984,13668,0
9996,15204,0
9998,22596,0
10003,13109,0
10005,19412,0
10013,22326,0
10018,21141,0
10024,12302,0
10029,17948,0
10030,11911,0
10036,19326,0
10041,20146,0
10045,18759,0
10050,17538,0
10052,19081,0
10054,16116,0
10055,22278,0
10064,17704,0
10066,10319,0
10068,12931,0
10068,14303,0
10074,13178,0
10077,19003,0
10087,18840,0
10088,13791,0
10091,11319,0
10092,10417,0
10094,16509,0
10097,14585,0
10098,20798,0
10099,18174,0
10102,17628,0
10105,10896,0
10107,10466,0
10110,20763,0
10113,12106,0
10121,19729,0
10121,21196,0
10126,21470,0
10131,21971,0
10136,17584,0
10137,21217,0
10138,15211,0
10138,20744,0
10140,16650,0
10149,13535,0
10157,13044,0
10160,15158,0
10163,14198,0
10169,21564,0
10171,10639,0
10171,14405,0
10171,14481,0
10175,19421,0
10176,12717,0
10180,16785,0
10181,19778,0
10188,12623,0
10190,12875,0
10191,15929,0
10194,16924,0
10194,21936,0
10195,10908,0
10196,11886,0
10199,21562,0
10200,18941,0
10202,15466,0
10204,22669,0
10226,20664,0
10227,21293,0
10228,17021,0
10229,10958,0
10233,17823,0
10234,16015,0
10236,14772,0
10237,20824,0
10247,12346,0
10248,21061,0
10250,18655,0
10251,19185,0
10256,18368,0
10263,18148,0
10266,16480,0
10266,19248,0
10270,12968,0
10270,20224,0
10271,14551,0
10271,15277,0
10271,15525,0
10272,16824,0
10275,10860,0
10275,19497,0
10280,19709,0
10282,21612,0
10286,15670,0
10287,16083,0
10287,16684,0
10287,21315,0
10288,12224,0
10290,12188,0
10290,17835,0
10290,21742,0
10291,22447,0
10292,17666,0
10297,17851,0
10302,16649,0
10307,18327,0
10307,20152,0
10309,11878,0
10310,15569,0
10310,17790,0
10313,17089,0
10313,20980,0
10314,15887,0
10316,15038,0
10316,15523,0
10317,14239,0
10318,12217,0
10318,17103,0
10318,19161,0
10320,20523,0
10332,14084,0
10338,16399,0
10341,16615,0
10346,22682,0
10347,12355,0
10347,15765,0
10356,17290,0
10364,10655,0
10364,21829,0
10368,19793,0
10369,21481,0
10370,19205,0
10380,13336,0
10380,13747,0
10381,16323,0
10382,20069,0
10383,20279,0
10389,11129,0
10395,12600,0
10395,13954,0
10395,14455,0
10398,19758,0
10402,19670,0
10405,22499,0
10407,18433,0
10408,21249,0
10414,10720,0
10414,13171,0
10414,13479,0
10418,13912,0
10419,17801,0
10420,22038,0
10421,21020,0
10430,11443,0
10435,20618,0
10436,18966,0
10443,20210,0
10447,19597,0
10454,11788,0
10454,20647,0
10459,15278,0
10460,16838,0
10468,15870,0
10469,20951,0
10470,12792,0
10470,16708,0
10470,19879,0
10475,21507,0
10489,17945,0
10492,11930,0
10492,19722,0
10492,21202,0
10503,13795,0
10503,19050,0
10503,22304,0
10504,11675,0
10507,12372,0
10507,22281,0
10508,16658,0
10514,20569,0
10519,14774,0
10520,11609,0
10527,11792,0
10527,18128,0
10529,13457,0
10531,15907,0
10532,12045,0
10535,21405,0
10537,22544,0
10546,19242,0
10546,20163,0
10546,21174,0
10547,15871,0
10548,17062,0
10551,22044,0
10551,22478,0
10557,11586,0
10558,18391,0
10565,21880,0
10573,11724,0
10588,13465,0
10597,11781,0
10603,18032,0
10603,20166,0
10613,17136,0
10615,15910,0
10615,18554,0
10623,14500,0
10624,20832,0
10625,10836,0
10627,21146,0
10633,12878,0
10633,22628,0
10636,11207,0
10639,14405,0
10639,14481,0
10647,13287,0
10651,18047,0
10655,21829,0
10656,16593,0
10661,16788,0
10662,12270,0
10667,14135,0
10667,14664,0
10667,18930,0
10668,20228,0
10673,15842,0
10679,17088,0
10691,13181,0
10691,13780,0
10694,16726,0
10704,17332,0
10705,18714,0
10707,16839,0
10710,13771,0
10710,16298,0
10710,19118,0
10713,10758,0
10714,21632,0
10718,16373,0
10719,12248,0
10720,13171,0
10720,13479,0
10723,12449,0
10727,18906,0
10727,20810,0
10730,15914,0
10735,17005,0
10739,18199,0
10747,13017,0
10747,16489,0
10748,18025,0
10751,14341,0
10753,16014,0
10753,22287,0
10763,17768,0
10763,21769,0
10769,21271,0
10770,14946,0
10770,15011,0
10771,14368,0
10771,14458,0
10782,13175,0
10782,17631,0
10784,10937,0
10784,11667,0
10787,13147,0
10787,13941,0
10787,16764,0
10798,16427,0
10798,19783,0
10798,21895,0
10802,11889,0
10802,16957,0
10802,17937,0
10809,19448,0
10820,13853,0
10821,11145,0
10828,14506,0
10829,18833,0
10839,21539,0
10842,15492,0
10843,20642,0
10851,17938,0
10858,20405,0
10860,19497,0
10862,20653,0
10866,19459,0
10870,21246,0
10871,19804,0
10873,22602,0
10876,19274,0
10876,19890,0
10878,17219,0
10884,14743,0
10889,16946,0
10891,10966,0
10891,22344,0
10893,18942,0
10897,14715,0
10897,14797,0
10898,11815,0
10905,15607,0
10905,19012,0
10910,18189,0
10915,11462,0
10924,17473,0
10932,12235,0
10932,14369,0
10932,15154,0
10933,21709,0
10934,12176,0
10937,11667,0
10950,20306,0
10962,18208,0
10963,18127,0
10963,19150,0
10964,13772,0
10966,22344,0
10973,11205,0
10982,17731,0
10987,11876,0
10993,17204,0
11005,19447,0
11012,16018,0
11013,11067,0
11019,11814,0
11019,16965,0
11019,22508,0
11020,12890,0
11026,17275,0
11034,12303,0
11041,19129,0
11048,15874,0
11049,12832,0
11053,11601,0
11054,13667,0
11054,14832,0
11054,15144,0
11055,17909,0
11056,18781,0
11066,13440,0
11068,17546,0
11074,11550,0
11074,12057,0
11076,16757,0
11089,12167,0
11101,17276,0
11104,15683,0
11105,19655,0
11113,14520,0
11120,13502,0
11122,20857,0
11124,19985,0
11126,15747,0
11130,20901,0
11132,22150,0
11135,14145,0
11137,21917,0
11138,17288,0
11138,22312,0
11139,22450,0
11144,14190,0
11157,13757,0
11158,15090,0
11159,11386,0
11161,19060,0
11164,13406,0
11164,13470,0
11166,17622,0
11167,17477,0
11167,22663,0
11168,20943,0
11169,19687,0
11172,12669,0
11182,15838,0
11182,18131,0
11183,19667,0
11185,11813,0
11186,15137,0
11186,15913,0
11190,21234,0
11195,22241,0
11198,20478,0
11203,13938,0
11204,21596,0
11210,12387,0
11211,22386,0
11224,15140,0
11225,12240,0
11229,21761,0
11239,19512,0
11240,11285,0
11240,18379,0
11241,11948,0
11241,19231,0
11241,22496,0
11248,22658,0
11249,15013,0
11250,19431,0
11252,19176,0
11254,16092,0
11254,19366,0
11256,17637,0
11258,13210,0
11259,15276,0
11265,11682,0
11268,15522,0
11269,13990,0
11276,16888,0
11277,20373,0
11278,11598,0
11281,19466,0
11283,19313,0
11285,18379,0
11287,15196,0
11296,16994,0
11296,19206,0
11298,20710,0
11299,16460,0
11305,11529,0
11312,17419,0
11322,18969,0
11326,16940,0
11327,16171,0
11331,20338,0
11340,20880,0
11355,19798,0
11359,16791,0
11360,15279,0
11364,15973,0
11365,15616,0
11365,15841,0
11366,11566,0
11366,14014,0
11366,21727,0
11367,16902,0
11372,12179,0
11377,14692,0
11377,14779,0
11377,18257,0
11383,12301,0
11393,11565,0
11403,14581,0
11403,20067,0
11405,15049,0
11406,16991,0
11407,20693,0
11422,18552,0
11424,13046,0
11432,12913,0
11437,13363,0
11438,13881,0
11438,17231,0
11438,18456,0
11440,17623,0
11440,21837,0
11441,21537,0
11444,19772,0
11446,22569,0
11448,19808,0
11450,19951,0
11460,14350,0
11479,15687,0
11489,16590,0
11495,16382,0
11495,20622,0
11503,21816,0
11516,12643,0
11517,13129,0
11518,12703,0
11523,17475,0
11527,22484,0
11528,22394,0
11534,19296,0
11535,12599,0
11542,14383,0
11542,17629,0
11546,15853,0
11548,14257,0
11549,14752,0
11550,12057,0
11558,13282,0
11566,14014,0
11566,21727,0
11571,15833,0
11573,14794,0
11578,12200,0
11582,15432,0
11583,12199,0
11583,12957,0
11583,20685,0
11591,13339,0
11592,19517,0
11595,16717,0
11596,11742,0
11605,14307,0
11608,11735,0
11615,17886,0
11626,19188,0
11630,20711,0
11643,16357,0
11652,20282,0
11653,15991,0
11653,21841,0
11657,16448,0
11658,15369,0
11663,17935,0
11668,15635,0
11670,18568,0
11674,21375,0
11683,16322,0
11683,17369,0
11690,13617,0
11691,16952,0
11691,21656,0
11701,16541,0
11707,13610,0
11707,17355,0
11713,13830,0
11714,21732,0
11723,19595,0
11725,22074,0
11729,17226,0
11730,21691,0
11731,12012,0
11732,11838,0
11738,12916,0
11739,19175,0
11762,21965,0
11767,16493,0
11768,13847,0
11768,14407,0
11771,20220,0
11788,20647,0
11792,18128,0
11797,13006,0
11806,19053,0
11806,20347,0
11807,16170,0
11814,16965,0
11814,22508,0
11817,16230,0
11821,18300,0
11823,13778,0
11824,18149,0
11830,22525,0
11832,22091,0
11834,20390,0
11840,15429,0
11840,16187,0
11846,18615,0
11856,17122,0
11857,14115,0
11865,21125,0
11867,22188,0
11875,19208,0
11879,16325,0
11881,21343,0
11884,17875,0
11885,19909,0
11887,13045,0
11889,16957,0
11889,17937,0
11897,13704,0
11897,18085,0
11898,14306,0
11902,14825,0
11906,12846,0
11915,18653,0
11916,13713,0
11916,22010,0
11917,13373,0
11917,17382,0
11918,18726,0
11922,17141,0
11922,21911,0
11930,19722,0
11930,21202,0
11933,17802,0
11935,21192,0
11940,13340,0
11940,22116,0
11941,15556,0
11942,13422,0
11945,20629,0
11948,19231,0
11948,22496,0
11953,12415,0
11953,13556,0
11958,22462,0
11959,20617,0
11963,19519,0
11966,12701,0
11971,18963,0
11976,14792,0
11977,13121,0
11978,17117,0
11986,17899,0
11987,15557,0
11991,15935,0
11997,20465,0
11999,22506,0
12003,17577,0
12005,20375,0
12008,19922,0
12010,20105,0
12017,17512,0
12026,19982,0
12032,13068,0
12032,16837,0
12033,20827,0
12034,15722,0
12038,21842,0
12039,21581,0
12042,15259,0
12043,14124,0
12055,22175,0
12058,13481,0
12060,21525,0
12063,18994,0
12064,17209,0
12074,22403,0
12075,16543,0
12076,20441,0
12085,20977,0
12090,15040,0
12091,13329,0
12091,18310,0
12102,20200,0
12102,21276,0
12107,15079,0
12107,18630,0
12109,14063,0
12112,21058,0
12124,13278,0
12129,17580,0
12148,13708,0
12149,12849,0
12149,13509,0
12152,17354,0
12157,14826,0
12159,18001,0
12161,17673,0
12168,19304,0
12171,16799,0
12177,15958,0
12188,17835,0
12188,21742,0
12195,17866,0
12199,12957,0
12199,20685,0
12210,16164,0
12213,12514,0
12217,17103,0
12217,19161,0
12218,16247,0
12221,17840,0
12228,16689,0
12235,14369,0
12235,15154,0
12236,18486,0
12246,15628,0
12252,12607,0
12253,18164,0
12255,17225,0
12263,15734,0
12263,18018,0
12266,14452,0
12266,17692,0
12274,15532,0
12281,22611,0
12282,14117,0
12286,21915,0
12297,18765,0
12298,21919,0
12298,22181,0
12305,14278,0
12305,17129,0
12305,17177,0
12312,13266,0
12323,22047,0
12327,18626,0
12327,21999,0
12328,13645,0
12331,19333,0
12339,12352,0
12345,19841,0
12345,22207,0
12350,20672,0
12355,15765,0
12359,14168,0
12359,15453,0
12369,12375,0
12372,22281,0
12379,12777,0
12391,15060,0
12391,16526,0
12395,16335,0
12395,22316,0
12396,18386,0
12415,13556,0
12416,20701,0
12418,21586,0
12427,16251,0
12431,12987,0
12446,16820,0
12446,20167,0
12451,21826,0
12452,13963,0
12461,12704,0
12461,13021,0
12461,14403,0
12462,14214,0
12464,17735,0
12469,13158,0
12472,20460,0
12475,13842,0
12477,19436,0
12478,19540,0
12480,14952,0
12480,17069,0
12486,20181,0
12486,21001,0
12487,21368,0
12490,19873,0
12491,20066,0
12494,20072,0
12495,20731,0
12502,14526,0
12505,13236,0
12520,19632,0
12520,20588,0
12521,20739,0
12523,14161,0
12523,21613,0
12527,15052,0
12527,16523,0
12532,14808,0
12535,17842,0
12537,21888,0
12545,22330,0
12546,20990,0
12549,14410,0
12557,16597,0
12560,22109,0
12567,14222,0
12568,21359,0
12582,13613,0
12589,17689,0
12589,19087,0
12589,21063,0
12596,20994,0
12598,21839,0
12600,13954,0
12600,14455,0
12603,19654,0
12606,17883,0
12616,17913,0
12635,18369,0
12649,13581,0
12657,16709,0
12659,13053,0
12664,16620,0
12664,18854,0
12667,17510,0
12668,14248,0
12668,14475,0
12673,17189,0
12676,22345,0
12679,22286,0
12682,22040,0
12685,16635,0
12686,13118,0
12690,16926,0
12690,19010,0
12704,13021,0
12704,14403,0
12709,16544,0
12709,17891,0
12715,14454,0
12719,21211,0
12722,15511,0
12723,14893,0
12724,22376,0
12725,13421,0
12730,19575,0
12735,18882,0
12735,20609,0
12737,14351,0
12738,21665,0
12741,13726,0
12742,21941,0
12743,14916,0
12744,15398,0
12744,18921,0
12747,13467,0
12747,22388,0
12748,20968,0
12759,22245,0
12760,14240,0
12763,18677,0
12768,15673,0
12768,21567,0
12771,15109,0
12771,19733,0
12774,17496,0
12774,17924,0
12782,18269,0
12789,22128,0
12790,18462,0
12792,16708,0
12792,19879,0
12794,18816,0
12807,13434,0
12809,20667,0
12812,13759,0
12824,20604,0
12828,14941,0
12830,17531,0
12831,18434,0
12833,13064,0
12834,20728,0
12840,18972,0
12845,17588,0
12845,22434,0
12848,20191,0
12849,13509,0
12861,19939,0
12867,19638,0
12870,14320,0
12872,14740,0
12872,22018,0
12878,22628,0
12882,20443,0
12888,13770,0
12899,17133,0
12901,20366,0
12906,21139,0
12911,17188,0
12915,15408,0
12915,18740,0
12929,13921,0
12931,14303,0
12934,14092,0
12934,17507,0
12938,14657,0
12952,21896,0
12954,13884,0
12954,16554,0
12957,20685,0
12959,19047,0
12968,20224,0
12973,20491,0
12982,18081,0
12983,19361,0
12989,14334,0
12996,15552,0
13017,16489,0
13018,16625,0
13018,21495,0
13019,13485,0
13021,14403,0
13023,22107,0
13026,17368,0
13027,19160,0
13029,14527,0
13038,20215,0
13049,13347,0
13051,20280,0
13055,17349,0
13056,21662,0
13057,18885,0
13068,16837,0
13069,15262,0
13069,19585,0
13070,16491,0
13076,15674,0
13078,19901,0
13080,20231,0
13082,17247,0
13082,21302,0
13085,20682,0
13097,17126,0
13097,18571,0
13101,16337,0
13107,18414,0
13112,16339,0
13114,20556,0
13115,15850,0
13126,18135,0
13130,19618,0
13133,21047,0
13135,20513,0
13137,14817,0
13139,16328,0
13143,13956,0
13147,13941,0
13147,16764,0
13156,18880,0
13159,20510,0
13163,16045,0
13168,19814,0
13168,20020,0
13171,13479,0
13174,19789,0
13175,17631,0
13181,13780,0
13190,18940,0
13196,22666,0
13209,21187,0
13212,20699,0
13214,20406,0
13216,21079,0
13223,20326,0
13226,15221,0
13230,17775,0
13238,14580,0
13240,20408,0
13247,20239,0
13248,14942,0
13251,20555,0
13252,14994,0
13263,17950,0
13272,19229,0
13272,20925,0
13274,22248,0
13293,13611,0
13301,13511,0
13302,14606,0
13302,16414,0
13302,19763,0
13305,14780,0
13305,20000,0
13306,14809,0
13308,13964,0
13315,20384,0
13323,16922,0
13324,20719,0
13329,18310,0
13330,14059,0
13332,20091,0
13334,17996,0
13334,18888,0
13336,13747,0
13340,22116,0
13344,13387,0
13346,20565,0
13348,14652,0
13349,17264,0
13359,17594,0
13360,18341,0
13364,13665,0
13366,16815,0
13371,19653,0
13373,17382,0
13375,20004,0
13375,22433,0
13376,15095,0
13376,16993,0
13383,15142,0
13386,20198,0
13391,21593,0
13401,17230,0
13403,14083,0
13405,17124,0
13405,18860,0
13406,13470,0
13414,20164,0
13418,17193,0
13418,19522,0
13431,17780,0
13435,20500,0
13442,15370,0
13443,20700,0
13447,14034,0
13447,20147,0
13456,20597,0
13463,20075,0
13467,22388,0
13471,16113,0
13483,19923,0
13486,18617,0
13492,19499,0
13519,20983,0
13521,15738,0
13533,15409,0
13538,15106,0
13539,19171,0
13540,17309,0
13546,19484,0
13546,20896,0
13546,21532,0
13550,14645,0
13571,16109,0
13573,21681,0
13580,17970,0
13580,19698,0
13580,21295,0
13586,14745,0
13591,20813,0
13604,19164,0
13606,21535,0
13608,22004,0
13610,17355,0
13619,20045,0
13620,16159,0
13620,21023,0
13621,17352,0
13631,20133,0
13636,21729,0
13653,16578,0
13656,22510,0
13657,21823,0
13667,14832,0
13667,15144,0
13675,20598,0
13682,21645,0
13683,19857,0
13683,21989,0
13686,17683,0
13688,16765,0
13688,22258,0
13704,18085,0
13713,22010,0
13715,18468,0
13716,14006,0
13716,16594,0
13719,15107,0
13719,18077,0
13722,14659,0
13722,19831,0
13737,18665,0
13743,15361,0
13744,20737,0
13753,14110,0
13753,14401,0
13753,21682,0
13754,16728,0
13754,17742,0
13754,20677,0
13756,14859,0
13762,22528,0
13764,13810,0
13764,19515,0
13765,16767,0
13769,22021,0
13771,16298,0
13771,19118,0
13789,15190,0
13795,19050,0
13795,22304,0
13797,21533,0
13810,19515,0
13820,16776,0
13822,19016,0
13824,19278,0
13825,13894,0
13826,20053,0
13828,14449,0
13847,14407,0
13848,18805,0
13852,21427,0
13856,15233,0
13868,21628,0
13869,21848,0
13870,14023,0
13881,17231,0
13881,18456,0
13884,16554,0
13885,22411,0
13889,17896,0
13910,18563,0
13920,17953,0
13924,22348,0
13940,17183,0
13941,16764,0
13946,19246,0
13953,15652,0
13953,17565,0
13954,14455,0
13958,19719,0
13962,17525,0
13981,19073,0
13981,22007,0
13983,20233,0
13994,16218,0
13994,18262,0
13994,21903,0
13998,21118,0
14006,16594,0
14007,17964,0
14011,19616,0
14014,21727,0
14024,20684,0
14034,20147,0
14040,20814,0
14041,19249,0
14043,15115,0
14043,17038,0
14045,17079,0
14050,14411,0
14053,20953,0
14057,15444,0
14060,20748,0
14069,16205,0
14079,20073,0
14092,17507,0
14097,20442,0
14099,20562,0
14106,14640,0
14108,17270,0
14110,14401,0
14110,21682,0
14116,17690,0
14118,15974,0
14122,21689,0
14127,18827,0
14132,19498,0
14134,19552,0
14135,14664,0
14135,18930,0
14141,15824,0
14141,17907,0
14141,21194,0
14153,16184,0
14154,22111,0
14161,21613,0
14164,16633,0
14168,15453,0
14170,18303,0
14172,22082,0
14176,21975,0
14189,18639,0
14199,16653,0
14203,16720,0
14215,18448,0
14228,18830,0
14234,19883,0
14236,18049,0
14248,14475,0
14249,22329,0
14254,17540,0
14261,16336,0
14262,19141,0
14266,20205,0
14268,22490,0
14278,17129,0
14278,17177,0
14285,16406,0
14286,22042,0
14291,19750,0
14296,21498,0
14298,22214,0
14300,19314,0
14305,15051,0
14305,15592,0
14305,20048,0
14312,16655,0
14312,20785,0
14313,17452,0
14313,18272,0
14321,18237,0
14324,15698,0
14324,18539,0
14324,19620,0
14333,18355,0
14335,18218,0
14346,14443,0
14346,14451,0
14354,15844,0
14355,21319,0
14360,22154,0
14361,15036,0
14363,16685,0
14368,14458,0
14369,15154,0
14378,17223,0
14383,17629,0
14384,20031,0
14385,15678,0
14386,19745,0
14390,16964,0
14396,21492,0
14400,22011,0
14401,21682,0
14405,14481,0
14408,15057,0
14420,21807,0
14427,21033,0
14432,17849,0
14442,16484,0
14442,17994,0
14443,14451,0
14444,21530,0
14452,17692,0
14459,15359,0
14462,18608,0
14465,16538,0
14471,17567,0
14473,14679,0
14487,19532,0
14489,16143,0
14494,19004,0
14495,19275,0
14507,22359,0
14508,17615,0
14509,17702,0
14510,18543,0
14516,16958,0
14528,15813,0
14529,21104,0
14531,15808,0
14534,21364,0
14540,17121,0
14540,20776,0
14540,22197,0
14544,18225,0
14546,14929,0
14546,16449,0
14546,20581,0
14551,15277,0
14551,15525,0
14581,20067,0
14587,17915,0
14590,15614,0
14591,21268,0
14602,19152,0
14606,16414,0
14606,19763,0
14610,15226,0
14610,19918,0
14610,20574,0
14627,21102,0
14630,17389,0
14630,20733,0
14631,16697,0
14633,16759,0
14644,21348,0
14649,21550,0
14659,19831,0
14662,18162,0
14664,18930,0
14665,15426,0
14666,19773,0
14676,21267,0
14678,19383,0
14678,21372,0
14682,20115,0
14687,21305,0
14692,14779,0
14692,18257,0
14702,20558,0
14705,16127,0
14707,22178,0
14711,16112,0
14715,14797,0
14717,20952,0
14718,20519,0
14721,16648,0
14730,20607,0
14737,15873,0
14737,18176,0
14739,19339,0
14740,22018,0
14747,19921,0
14755,19958,0
14773,20265,0
14779,18257,0
14780,20000,0
14784,16026,0
14790,17719,0
14793,19576,0
14810,19009,0
14812,17895,0
14824,16603,0
14824,20025,0
14827,17115,0
14832,15144,0
14843,18680,0
14843,22170,0
14854,17597,0
14863,16956,0
14863,19289,0
14865,17426,0
14872,19955,0
14884,15901,0
14886,17392,0
14891,15563,0
14894,21159,0
14895,20542,0
14900,17360,0
14901,18179,0
14914,18964,0
14914,21163,0
14915,17674,0
14929,16449,0
14929,20581,0
14937,15030,0
14946,15011,0
14952,17069,0
14954,22086,0
14958,22008,0
14962,18815,0
14970,17316,0
14973,21697,0
14974,22243,0
14975,17805,0
14981,20454,0
14984,20663,0
14986,18401,0
14991,18787,0
14997,17832,0
15007,19008,0
15038,15523,0
15043,15263,0
15048,18526,0
15051,15592,0
15051,20048,0
15052,16523,0
15055,19276,0
15060,16526,0
15061,19917,0
15062,17520,0
15065,19437,0
15079,18630,0
15089,16906,0
15095,16993,0
15096,16779,0
15100,21869,0
15101,20482,0
15103,19834,0
15107,18077,0
15109,19733,0
15115,17038,0
15117,16061,0
15124,17901,0
15127,20225,0
15129,20392,0
15131,22482,0
15133,22321,0
15135,15507,0
15135,16652,0
15135,21838,0
15136,20157,0
15137,15913,0
15138,17047,0
15139,20754,0
15172,20992,0
15180,19075,0
15193,15431,0
15193,21605,0
15195,21301,0
15201,16800,0
15203,16492,0
15205,19810,0
15209,21706,0
15211,20744,0
15216,16702,0
15226,19918,0
15226,20574,0
15242,21782,0
15243,17791,0
15244,18936,0
15262,19585,0
15264,17612,0
15265,18724,0
15270,17939,0
15272,16517,0
15277,15525,0
15284,16833,0
15312,19930,0
15317,21748,0
15319,18192,0
15326,15591,0
15334,16903,0
15336,19788,0
15347,19641,0
15351,19970,0
15373,17413,0
15390,22346,0
15398,18921,0
15401,17277,0
15402,16453,0
15405,18685,0
15406,17904,0
15408,18740,0
15410,19787,0
15412,20522,0
15412,21661,0
15415,17603,0
15416,21597,0
15417,20615,0
15429,16187,0
15431,21605,0
15464,16873,0
15472,17654,0
15475,16835,0
15475,20498,0
15485,22226,0
15496,15555,0
15496,18307,0
15507,16652,0
15507,21838,0
15508,19598,0
15512,18230,0
15531,22463,0
15540,21847,0
15555,18307,0
15558,17262,0
15565,15720,0
15567,17283,0
15567,20848,0
15569,17790,0
15592,20048,0
15594,16998,0
15597,18547,0
15603,21077,0
15607,19012,0
15608,18086,0
15608,18267,0
15608,18857,0
15616,15841,0
15624,19943,0
15627,21227,0
15631,19272,0
15646,19555,0
15652,17565,0
15662,17723,0
15662,19283,0
15666,15856,0
15666,22488,0
15669,20801,0
15672,20751,0
15673,21567,0
15682,18850,0
15692,18030,0
15695,22373,0
15696,18493,0
15698,18539,0
15698,19620,0
15699,21997,0
15724,16730,0
15728,16096,0
15732,18601,0
15734,18018,0
15736,21496,0
15742,19464,0
15744,21529,0
15757,17334,0
15764,16395,0
15774,21789,0
15777,18069,0
15783,21544,0
15785,18932,0
15786,20252,0
15792,18263,0
15824,17907,0
15824,21194,0
15827,19367,0
15834,15936,0
15838,18131,0
15847,16049,0
15848,19316,0
15855,16852,0
15856,22488,0
15862,17923,0
15868,18198,0
15873,18176,0
15877,22485,0
15903,20982,0
15903,21520,0
15910,18554,0
15911,21024,0
15934,21604,0
15934,22024,0
15941,17151,0
15949,17296,0
15957,21098,0
15969,21166,0
15991,21841,0
16003,19264,0
16006,20634,0
16013,19878,0
16013,21735,0
16014,22287,0
16021,19207,0
16021,21693,0
16022,19023,0
16028,17061,0
16028,17979,0
16028,22095,0
16038,17040,0
16048,19061,0
16048,21916,0
16052,16895,0
16059,20897,0
16066,16750,0
16067,18866,0
16070,19228,0
16078,16275,0
16078,19645,0
16083,16684,0
16083,21315,0
16092,19366,0
16103,20966,0
16105,17453,0
16118,21215,0
16133,17977,0
16139,20729,0
16156,22135,0
16158,17579,0
16166,20960,0
16168,19837,0
16181,16433,0
16182,17589,0
16199,17676,0
16200,20193,0
16209,16364,0
16216,18668,0
16218,18262,0
16218,21903,0
16228,17237,0
16241,20919,0
16261,16732,0
16262,16405,0
16264,22284,0
16266,16771,0
16266,18469,0
16268,19689,0
16270,17443,0
16275,19645,0
16278,19976,0
16284,17137,0
16285,20551,0
16292,21943,0
16297,17821,0
16297,20328,0
16297,20330,0
16298,19118,0
16300,18384,0
16318,16600,0
16319,17668,0
16319,20395,0
16319,22129,0
16322,17369,0
16326,20286,0
16330,18323,0
16330,22233,0
16331,18219,0
16333,18321,0
16333,19625,0
16335,22316,0
16340,19450,0
16341,19806,0
16346,20638,0
16358,18720,0
16361,22365,0
16371,20957,0
16372,17651,0
16379,20095,0
16382,20622,0
16397,18847,0
16408,18686,0
16413,17278,0
16414,19763,0
16415,18479,0
16416,19051,0
16418,18275,0
16419,19775,0
16419,20449,0
16427,19783,0
16427,21895,0
16429,21361,0
16443,17344,0
16449,20581,0
16451,18074,0
16454,22393,0
16458,21631,0
16458,21783,0
16466,19403,0
16467,17343,0
16472,20926,0
16480,19248,0
16484,17994,0
16496,18195,0
16513,20499,0
16514,19163,0
16524,18416,0
16532,20954,0
16544,17891,0
16548,21325,0
16552,21175,0
16557,20185,0
16568,20051,0
16580,20675,0
16584,22083,0
16588,20624,0
16602,17959,0
16603,20025,0
16616,19303,0
16620,18854,0
16625,21495,0
16629,20281,0
16637,22439,0
16645,21273,0
16652,21838,0
16655,20785,0
16656,22092,0
16678,17675,0
16684,21315,0
16691,22076,0
16704,17180,0
16704,20704,0
16705,16967,0
16708,19879,0
16715,18761,0
16722,21198,0
16728,17742,0
16728,20677,0
16734,20100,0
16745,18246,0
16747,21910,0
16754,20267,0
16765,22258,0
16771,18469,0
16774,21078,0
16775,21403,0
16792,19858,0
16801,19880,0
16801,21765,0
16817,17306,0
16819,20755,0
16820,20167,0
16835,20498,0
16851,17819,0
16866,20668,0
16867,17093,0
16877,17048,0
16879,21308,0
16891,17459,0
16893,22225,0
16905,22012,0
16920,19476,0
16924,21936,0
16926,19010,0
16934,19477,0
16937,22190,0
16938,18407,0
16944,22341,0
16949,19204,0
16952,21656,0
16956,19289,0
16957,17937,0
16965,22508,0
16971,18613,0
16971,22599,0
16982,21690,0
16994,19206,0
17032,21327,0
17039,18229,0
17041,18066,0
17041,18159,0
17050,22653,0
17053,19543,0
17061,17979,0
17061,22095,0
17063,21801,0
17080,22311,0
17085,17467,0
17085,20458,0
17089,20980,0
17101,18731,0
17103,19161,0
17120,18625,0
17120,19751,0
17120,20779,0
17121,20776,0
17121,22197,0
17124,18860,0
17125,17294,0
17126,18571,0
17129,17177,0
17131,21278,0
17134,19336,0
17141,21911,0
17143,22412,0
17146,18484,0
17148,20490,0
17180,20704,0
17184,17894,0
17187,21963,0
17187,22532,0
17191,22516,0
17193,19522,0
17199,22677,0
17200,18771,0
17228,22079,0
17231,18456,0
17247,21302,0
17253,20956,0
17261,22169,0
17273,21352,0
17281,18595,0
17283,20848,0
17288,22312,0
17295,22407,0
17295,22522,0
17336,19193,0
17346,19267,0
17362,20335,0
17365,22089,0
17371,17717,0
17389,20733,0
17390,20341,0
17394,20654,0
17396,18939,0
17398,18153,0
17400,19233,0
17421,17539,0
17429,22609,0
17435,18756,0
17440,22680,0
17445,18306,0
17452,18272,0
17467,20458,0
17477,22663,0
17479,20086,0
17492,20172,0
17496,17924,0
17502,20705,0
17509,21334,0
17526,21209,0
17549,17748,0
17557,22223,0
17558,19189,0
17568,17889,0
17576,22547,0
17587,22093,0
17588,22434,0
17591,21251,0
17596,20698,0
17602,19166,0
17606,21488,0
17623,21837,0
17632,20350,0
17632,22184,0
17656,17766,0
17657,21062,0
17668,20395,0
17668,22129,0
17689,19087,0
17689,21063,0
17705,19241,0
17707,19309,0
17707,22604,0
17720,17836,0
17723,19283,0
17734,20991,0
17741,20131,0
17742,20677,0
17759,22446,0
17768,21769,0
17772,20485,0
17774,22334,0
17781,18207,0
17788,17880,0
17811,22481,0
17812,18144,0
17821,20328,0
17821,20330,0
17827,17850,0
17828,22062,0
17833,17917,0
17833,19154,0
17834,18336,0
17835,21742,0
17839,20534,0
17855,18352,0
17859,22051,0
17863,21340,0
17873,19135,0
17874,18194,0
17874,21717,0
17907,21194,0
17914,19587,0
17917,19154,0
17940,19425,0
17958,20436,0
17969,18585,0
17970,19698,0
17970,21295,0
17979,22095,0
17987,21672,0
17996,18888,0
18003,19451,0
18010,18905,0
18021,21850,0
18028,21228,0
18032,20166,0
18041,21505,0
18059,21473,0
18066,18159,0
18078,21260,0
18086,18267,0
18086,18857,0
18127,19150,0
18138,18594,0
18158,18845,0
18167,19261,0
18194,21717,0
18209,19825,0
18236,22262,0
18247,21933,0
18262,21903,0
18267,18857,0
18282,20466,0
18284,18834,0
18292,18977,0
18318,21812,0
18321,19625,0
18323,22233,0
18327,20152,0
18354,19920,0
18388,20135,0
18396,19182,0
18396,19547,0
18421,21878,0
18427,18475,0
18429,18666,0
18454,19236,0
18470,21462,0
18474,21134,0
18476,18772,0
18490,19101,0
18495,19399,0
18511,20113,0
18525,22340,0
18527,19954,0
18531,20521,0
18539,19620,0
18566,22204,0
18569,20234,0
18573,21045,0
18581,22502,0
18596,22015,0
18613,22599,0
18616,19359,0
18625,19751,0
18625,20779,0
18626,21999,0
18632,21172,0
18651,19398,0
18672,21634,0
18675,21258,0
18679,20121,0
18680,22170,0
18701,19156,0
18723,20345,0
18727,21358,0
18762,20415,0
18770,19640,0
18793,19373,0
18801,21425,0
18813,20679,0
18851,22228,0
18865,18949,0
18874,22280,0
18876,20059,0
18882,20609,0
18883,21872,0
18900,21897,0
18903,20186,0
18906,20810,0
18917,20303,0
18920,21497,0
18945,22491,0
18956,21752,0
18964,21163,0
18984,21677,0
19007,21952,0
19013,20006,0
19033,22305,0
19050,22304,0
19053,20347,0
19061,21916,0
19064,22216,0
19073,22007,0
19078,19533,0
19087,21063,0
19090,19682,0
19096,19680,0
19098,22119,0
19103,20211,0
19110,22594,0
19120,21647,0
19155,21332,0
19155,21381,0
19167,20093,0
19169,19465,0
19182,19547,0
19192,20515,0
19207,21693,0
19220,21554,0
19229,20925,0
19231,22496,0
19239,22370,0
19242,20163,0
19242,21174,0
19265,21825,0
19274,19890,0
19300,20829,0
19309,22604,0
19318,20289,0
19322,20270,0
19354,19762,0
19380,21450,0
19383,21372,0
19385,22244,0
19388,21105,0
19430,19460,0
19456,21945,0
19484,20896,0
19484,21532,0
19488,19530,0
19505,19812,0
19534,20541,0
19553,22387,0
19561,21471,0
19593,22590,0
19629,19840,0
19632,20588,0
19644,19992,0
19672,22445,0
19673,21974,0
19676,19855,0
19690,20453,0
19698,21295,0
19703,20126,0
19704,20241,0
19711,21318,0
19714,22675,0
19722,21202,0
19729,21196,0
19738,22296,0
19751,20779,0
19775,20449,0
19777,19780,0
19779,20929,0
19783,21895,0
19799,22337,0
19814,20020,0
19841,22207,0
19857,21989,0
19866,20064,0
19878,21735,0
19880,21765,0
19918,20574,0
19924,21147,0
19937,21680,0
19952,21617,0
19962,21057,0
19963,22646,0
19966,21248,0
19967,22519,0
19972,21757,0
19977,20834,0
19983,22106,0
19986,20424,0
20004,22433,0
20009,21879,0
20058,20670,0
20084,22477,0
20118,22494,0
20156,20619,0
20163,21174,0
20181,21001,0
20188,22515,0
20199,22354,0
20200,21276,0
20219,20743,0
20240,20322,0
20240,21176,0
20263,21477,0
20275,20425,0
20292,22426,0
20307,21723,0
20308,22289,0
20322,21176,0
20328,20330,0
20343,22377,0
20350,22184,0
20395,22129,0
20518,22192,0
20520,21294,0
20522,21661,0
20544,21650,0
20589,22595,0
20694,22655,0
20716,21218,0
20776,22197,0
20794,20819,0
20825,22285,0
20896,21532,0
20982,21520,0
20996,22444,0
21014,22081,0
21025,21890,0
21041,21456,0
21066,22043,0
21075,21914,0
21092,21521,0
21107,21751,0
21157,21173,0
21170,21876,0
21244,21606,0
21332,21381,0
21419,22588,0
21435,21708,0
21454,22179,0
21457,21900,0
21569,22456,0
21589,22429,0
21604,22024,0
21631,21783,0
21798,22256,0
21833,22025,0
21919,22181,0
21963,22532,0
21964,22380,0
22035,22357,0
22044,22478,0
22067,22152,0
22173,22206,0
22271,22601,0
22407,22522,0
5,4845,1
5,6218,1
5,15581,1
5,16859,1
5,19553,1
5,21225,1
5,22387,1
19,1491,1
19,17847,1
20,11394,1
25,5931,1
26,3807,1
26,4641,1
26,15921,1
26,16209,1
26,16364,1
26,22540,1
35,7671,1
35,12266,1
35,14452,1
35,17692,1
36,13096,1
62,773,1
62,8114,1
62,11492,1
62,12322,1
63,3559,1
63,20489,1
65,6823,1
68,10183,1
86,14069,1
86,16205,1
88,14215,1
88,18448,1
90,4980,1
90,20965,1
96,1585,1
104,6472,1
104,6577,1
104,8804,1
104,10293,1
111,8037,1
111,22238,1
123,2956,1
123,11002,1
123,14730,1
123,20607,1
131,21161,1
133,7349,1
133,8750,1
134,1275,1
134,21684,1
142,215,1
142,6038,1
149,1067,1
149,5273,1
149,13308,1
149,13964,1
152,6906,1
152,11469,1
163,8498,1
170,11583,1
170,12199,1
170,12957,1
170,20685,1
179,9123,1
179,17616,1
184,1105,1
184,6327,1
184,19727,1
185,20158,1
215,6038,1
219,11692,1
228,386,1
230,7482,1
230,12505,1
230,13236,1
230,18312,1
234,4887,1
234,9974,1
234,12187,1
234,14706,1
249,8947,1
249,18780,1
254,417,1
277,14321,1
277,18237,1
280,17988,1
283,3924,1
283,13165,1
300,20377,1
319,1371,1
323,14599,1
333,10090,1
333,18538,1
333,18550,1
338,7143,1
339,6863,1
349,3571,1
349,5122,1
368,5672,1
368,8716,1
368,16867,1
368,17093,1
373,6478,1
374,695,1
374,4414,1
374,11121,1
374,12454,1
377,10402,1
377,19670,1
380,7884,1
380,19965,1
387,15538,1
387,22442,1
407,7092,1
407,15550,1
426,6702,1
426,13424,1
426,18672,1
426,21634,1
433,16257,1
476,821,1
476,16043,1
480,685,1
480,6044,1
480,9287,1
480,15473,1
482,1488,1
482,1962,1
482,2931,1
482,5043,1
482,9978,1
482,20665,1
484,6516,1
484,6824,1
484,7457,1
484,15351,1
484,18583,1
484,19970,1
490,12967,1
501,14602,1
501,19152,1
505,2033,1
513,4447,1
513,14868,1
516,1139,1
516,6290,1
516,12090,1
516,13232,1
516,15040,1
516,15548,1
517,17171,1
531,19114,1
547,4126,1
547,5080,1
547,21336,1
552,685,1
552,6044,1
552,9287,1
552,15473,1
556,4139,1
556,6260,1
556,7462,1
556,11027,1
558,3719,1
558,9063,1
558,16698,1
558,20512,1
564,774,1
564,17370,1
571,15006,1
575,3619,1
575,12343,1
575,19300,1
575,20829,1
576,11019,1
576,11814,1
576,16965,1
576,22508,1
579,11688,1
580,8695,1
589,776,1
589,19714,1
589,20528,1
589,22675,1
597,10798,1
597,16427,1
597,19783,1
597,21895,1
620,7486,1
625,13729,1
625,18522,1
626,2557,1
626,8524,1
632,7803,1
646,21026,1
649,12698,1
665,13273,1
668,15391,1
674,12210,1
674,16164,1
682,1513,1
683,6308,1
683,10291,1
683,11459,1
683,22447,1
685,9848,1
685,17903,1
691,5986,1
691,6978,1
691,6995,1
691,7851,1
692,6516,1
692,8229,1
692,11437,1
692,13363,1
692,16044,1
692,18583,1
693,1604,1
693,6554,1
693,13029,1
693,13276,1
693,14527,1
695,6684,1
697,16607,1
698,9407,1
701,10762,1
702,8638,1
702,17511,1
704,4283,1
704,6470,1
704,11327,1
704,16171,1
736,12852,1
744,7350,1
744,10208,1
749,16595,1
767,3297,1
767,9051,1
767,15103,1
767,19834,1
773,8114,1
773,11492,1
774,10032,1
776,5670,1
776,6019,1
776,7157,1
776,13803,1
776,18774,1
779,13326,1
782,6516,1
782,8229,1
782,11437,1
782,13363,1
782,16044,1
782,18583,1
794,4662,1
796,21600,1
811,16941,1
821,6204,1
821,13332,1
821,20091,1
834,3969,1
834,7744,1
865,9127,1
865,16077,1
875,3309,1
875,5581,1
875,9744,1
875,12795,1
877,10055,1
877,22278,1
899,9743,1
899,16342,1
900,7000,1
900,10016,1
903,18553,1
906,10097,1
906,13126,1
906,14585,1
906,18135,1
911,1180,1
911,3521,1
912,1794,1
912,2237,1
912,3240,1
912,3272,1
915,3006,1
918,9630,1
952,2958,1
953,9788,1
953,9815,1
966,3595,1
966,21442,1
990,15714,1
998,19259,1
1016,10432,1
1029,2408,1
1029,9359,1
1056,6325,1
1056,6857,1
1057,10871,1
1057,19804,1
1061,17645,1
1066,13279,1
1067,7500,1
1067,8875,1
1067,12107,1
1067,13981,1
1067,15079,1
1067,15567,1
1067,17283,1
1067,18630,1
1067,19073,1
1067,20848,1
1067,22007,1
1074,7401,1
1074,20552,1
1075,15862,1
1075,17923,1
1075,19779,1
1075,20929,1
1076,4192,1
1076,9286,1
1079,7150,1
1079,8318,1
1079,18236,1
1079,22262,1
1084,11751,1
1095,9841,1
1095,12298,1
1095,21919,1
1095,22181,1
1099,18505,1
1101,3803,1
1101,9201,1
1101,16524,1
1101,18416,1
1107,12232,1
1107,13935,1
1125,20029,1
1129,11508,1
1131,16265,1
1131,21430,1
1136,4811,1
1136,14111,1
1137,5995,1
1137,9727,1
1137,15785,1
1137,18932,1
1139,4025,1
1158,13636,1
1158,21729,1
1163,6506,1
1172,8106,1
1176,14993,1
1178,7342,1
1180,9530,1
1193,3979,1
1193,6194,1
1207,14262,1
1207,19141,1
1207,19963,1
1207,22646,1
1212,4447,1
1212,14868,1
1220,20735,1
1223,11179,1
1223,14953,1
1226,5500,1
1226,14388,1
1230,7466,1
1254,4313,1
1254,12687,1
1255,12589,1
1255,17689,1
1255,19087,1
1255,21063,1
1267,4980,1
1267,13851,1
1267,20965,1
1273,4346,1
1275,12048,1
1283,3218,1
1285,1951,1
1285,13955,1
1291,4526,1
1291,8191,1
1295,16182,1
1295,17589,1
1307,21701,1
1317,5450,1
1319,9078,1
1319,12150,1
1319,13085,1
1319,20682,1
1336,21107,1
1336,21751,1
1339,12560,1
1339,22109,1
1355,1852,1
1371,16413,1
1371,17278,1
1384,2052,1
1385,8549,1
1385,17882,1
1390,8961,1
1394,11355,1
1394,19798,1
1395,15893,1
1414,2376,1
1414,3195,1
1414,4916,1
1414,9957,1
1414,11771,1
1414,13364,1
1414,13665,1
1414,20220,1
1415,1928,1
1415,3081,1
1415,6297,1
1415,11980,1
1416,12907,1
1421,6413,1
1421,16036,1
1421,22565,1
1433,9078,1
1433,12150,1
1433,13085,1
1433,20682,1
1435,10912,1
1437,2391,1
1437,10555,1
1440,5545,1
1440,11324,1
1447,17273,1
1447,21352,1
1458,8100,1
1458,15161,1
1461,18078,1
1461,21260,1
1463,17502,1
1463,20705,1
1475,2499,1
1488,1962,1
1488,2931,1
1488,5043,1
1488,8884,1
1488,9978,1
1488,10940,1
1488,14612,1
1491,17847,1
1506,10241,1
1513,4167,1
1513,15364,1
1513,16741,1
1514,9913,1
1514,10048,1
1514,10054,1
1514,16116,1
1528,4993,1
1528,21138,1
1529,3567,1
1529,12819,1
1555,14559,1
1556,2899,1
1556,10153,1
1556,19669,1
1563,12662,1
1563,12887,1
1573,2395,1
1573,19584,1
1574,7968,1
1583,1851,1
1583,14788,1
1583,19351,1
1607,4283,1
1607,6470,1
1607,9784,1
1607,11327,1
1607,12845,1
1607,16171,1
1607,17588,1
1607,22434,1
1617,6354,1
1617,6410,1
1617,10227,1
1617,21293,1
1631,7092,1
1631,15550,1
1661,7912,1
1661,21152,1
1671,13270,1
1671,13283,1
1675,16403,1
1700,5718,1
1700,13172,1
1715,5403,1
1715,18928,1
1717,4342,1
1724,17770,1
1724,19516,1
1744,13280,1
1755,8253,1
1755,14523,1
1756,9183,1
1757,7350,1
1757,10208,1
1760,14599,1
1786,7783,1
1789,14924,1
1794,2658,1
1794,3173,1
1794,9635,1
1794,10615,1
1794,12786,1
1794,15910,1
1794,18554,1
1803,14635,1
1809,18224,1
1816,10468,1
1816,15870,1
1818,2887,1
1818,3769,1
1818,4601,1
1818,6167,1
1851,21040,1
1858,6702,1
1858,13424,1
1858,18672,1
1858,21634,1
1892,7169,1
1892,13792,1
1892,20427,1
1893,5336,1
1893,20544,1
1893,21650,1
1895,12050,1
1895,12435,1
1928,6885,1
1928,7480,1
1928,9791,1
1945,4352,1
1945,16827,1
1951,13063,1
1960,5819,1
1960,18703,1
1962,3112,1
1962,5043,1
1962,5711,1
1962,9978,1
1962,14612,1
1962,20665,1
1963,21996,1
1967,7145,1
1967,16212,1
1978,11397,1
1979,2546,1
1982,13351,1
2001,4321,1
2001,13359,1
2001,15573,1
2001,17594,1
2014,7589,1
2014,21011,1
2016,2356,1
2016,2851,1
2016,20277,1
2025,10565,1
2025,21880,1
2040,2376,1
2040,4916,1
2040,11771,1
2040,20220,1
2041,9788,1
2041,9815,1
2041,12490,1
2041,19873,1
2042,13892,1
2042,19744,1
2056,3887,1
2056,8982,1
2068,12401,1
2071,16976,1
2075,6372,1
2075,19392,1
2077,21149,1
2088,10419,1
2088,13958,1
2088,17801,1
2088,19719,1
2089,14260,1
2090,15362,1
2090,18093,1
2090,22581,1
2095,14215,1
2095,18448,1
2097,8487,1
2105,8729,1
2105,14416,1
2113,4277,1
2113,16198,1
2124,7538,1
2124,21074,1
2126,5403,1
2126,18928,1
2151,7452,1
2151,11542,1
2151,14383,1
2151,17629,1
2157,5812,1
2157,8407,1
2165,21886,1
2165,22331,1
2181,13293,1
2181,13611,1
2202,5703,1
2220,14561,1
2221,22686,1
2223,7593,1
2223,14920,1
2224,9788,1
2224,9815,1
2224,12490,1
2224,19873,1
2226,10479,1
2233,15692,1
2233,18030,1
2235,11355,1
2235,19798,1
2237,2658,1
2237,3173,1
2237,9635,1
2237,10615,1
2237,12786,1
2237,15910,1
2237,18554,1
2238,6184,1
2243,6696,1
2243,8491,1
2250,21066,1
2250,22043,1
2253,16629,1
2253,20281,1
2256,5693,1
2256,13230,1
2256,17775,1
2256,20380,1
2269,6875,1
2269,7418,1
2269,7907,1
2269,9956,1
2269,13069,1
2269,15262,1
2269,18891,1
2269,19585,1
2284,13330,1
2284,14059,1
2289,14457,1
2289,19913,1
2293,12938,1
2293,14657,1
2304,3185,1
2304,14764,1
2311,19030,1
2317,3440,1
2317,13572,1
2334,19203,1
2355,11834,1
2355,20390,1
2356,2851,1
2358,9738,1
2359,7213,1
2359,14308,1
2365,3555,1
2365,5833,1
2365,8486,1
2365,10049,1
2395,6651,1
2397,22382,1
2398,3839,1
2398,5891,1
2398,14684,1
2398,15012,1
2407,9197,1
2407,21081,1
2408,9359,1
2409,7834,1
2416,12611,1
2425,13489,1
2431,3849,1
2433,10154,1
2433,18445,1
2438,4343,1
2438,12421,1
2451,2579,1
2451,7282,1
2451,9749,1
2451,12424,1
2451,12601,1
2451,13364,1
2451,13665,1
2451,19210,1
2457,5237,1
2464,3490,1
2464,7300,1
2490,14127,1
2490,14865,1
2490,17426,1
2490,18827,1
2491,12929,1
2491,13921,1
2492,10402,1
2492,19670,1
2504,9807,1
2507,12566,1
2507,14179,1
2507,19503,1
2514,12626,1
2514,12823,1
2517,10318,1
2517,12217,1
2517,17103,1
2517,19161,1
2519,6175,1
2531,14323,1
2544,9735,1
2544,21932,1
2546,4776,1
2546,6596,1
2548,10232,1
2554,5404,1
2554,17869,1
2557,12936,1
2559,6680,1
2559,19375,1
2565,9324,1
2565,11049,1
2565,12832,1
2565,22114,1
2579,7282,1
2579,9411,1
2579,13364,1
2579,13665,1
2579,19210,1
2579,20767,1
2579,21692,1
2580,17339,1
2580,19565,1
2586,4867,1
2586,12702,1
2597,5967,1
2597,9801,1
2597,14298,1
2597,22214,1
2600,7994,1
2614,21526,1
2615,19959,1
2622,9336,1
2622,10521,1
2646,8938,1
2646,13014,1
2648,7869,1
2648,15543,1
2658,3240,1
2658,3272,1
2659,3071,1
2661,19358,1
2664,2792,1
2677,10277,1
2702,6466,1
2711,4414,1
2711,11121,1
2717,4222,1
2718,21220,1
2719,3540,1
2719,5043,1
2719,9978,1
2719,18849,1
2757,16980,1
2760,7059,1
2773,20464,1
2780,4043,1
2780,9961,1
2794,19683,1
2818,10469,1
2818,20951,1
2820,12589,1
2820,17689,1
2820,19087,1
2820,21063,1
2822,10272,1
2822,16824,1
2823,3488,1
2836,20567,1
2838,13151,1
2846,13644,1
2852,15564,1
2865,11366,1
2865,11566,1
2865,14014,1
2865,21727,1
2870,3807,1
2870,4641,1
2870,5043,1
2870,8758,1
2870,9978,1
2870,15921,1
2870,18097,1
2870,22540,1
2882,5465,1
2882,16951,1
2887,4533,1
2890,7211,1
2891,4800,1
2891,17551,1
2893,10813,1
2896,6025,1
2931,3112,1
2931,5043,1
2931,5711,1
2931,9978,1
2931,14612,1
2931,20665,1
2956,9568,1
2956,11293,1
2965,6413,1
2965,9558,1
2965,22565,1
2978,9610,1
2978,11933,1
2978,17573,1
2978,17802,1
2988,13330,1
2988,13364,1
2988,13665,1
2988,14059,1
2992,5672,1
2992,8716,1
2992,16867,1
2992,17093,1
3012,7004,1
3034,4444,1
3034,13987,1
3045,19828,1
3047,7671,1
3047,12266,1
3047,14452,1
3047,17692,1
3051,10956,1
3062,4464,1
3072,7238,1
3072,14800,1
3074,17479,1
3074,20086,1
3081,6885,1
3081,7480,1
3081,9791,1
3090,14435,1
3094,16472,1
3094,20926,1
3101,22584,1
3102,9599,1
3104,11795,1
3108,7739,1
3108,18342,1
3110,13825,1
3110,13894,1
3112,3938,1
3112,8884,1
3112,10940,1
3112,12749,1
3113,17609,1
3113,21944,1
3117,12475,1
3117,13842,1
3124,8358,1
3124,14864,1
3139,8420,1
3154,12959,1
3154,19047,1
3156,20518,1
3156,22192,1
3166,4453,1
3167,21385,1
3173,3240,1
3173,3272,1
3183,3532,1
3183,13749,1
3185,8647,1
3185,9176,1
3185,10025,1
3185,11855,1
3188,12804,1
3190,5391,1
3190,7717,1
3190,19247,1
3191,13056,1
3191,16893,1
3191,21662,1
3191,22225,1
3193,4192,1
3193,9286,1
3195,4317,1
3195,6518,1
3195,11771,1
3195,13364,1
3195,13665,1
3195,20220,1
3216,12619,1
3220,3785,1
3220,6877,1
3220,9262,1
3220,17468,1
3227,17536,1
3235,14203,1
3235,16720,1
3237,17265,1
3240,9635,1
3240,10615,1
3240,12786,1
3240,15910,1
3240,18554,1
3252,12876,1
3257,5109,1
3257,8458,1
3257,8832,1
3257,11747,1
3267,6334,1
3267,10121,1
3267,19729,1
3267,21196,1
3272,9635,1
3272,10615,1
3272,12786,1
3272,15910,1
3272,18554,1
3281,5721,1
3281,15506,1
3297,7911,1
3297,13309,1
3298,5402,1
3305,16703,1
3309,4876,1
3309,8891,1
3309,11416,1
3324,19839,1
3331,3801,1
3331,7560,1
3331,12724,1
3331,12897,1
3331,19614,1
3331,22376,1
3333,7154,1
3333,14136,1
3371,17967,1
3376,10953,1
3383,5601,1
3383,19409,1
3391,12540,1
3395,19946,1
3406,5587,1
3406,6332,1
3406,10548,1
3406,15229,1
3406,17062,1
3440,13572,1
3445,13809,1
3450,4173,1
3450,5873,1
3450,7500,1
3450,9647,1
3450,15567,1
3450,16828,1
3450,17283,1
3450,20848,1
3463,18328,1
3467,8802,1
3467,14824,1
3467,16603,1
3467,20025,1
3483,12460,1
3490,3819,1
3491,7738,1
3491,11382,1
3491,13537,1
3491,18191,1
3508,14079,1
3508,20073,1
3520,3719,1
3520,9063,1
3520,16698,1
3520,20512,1
3521,9530,1
3524,10485,1
3532,10105,1
3532,10896,1
3532,16404,1
3534,17025,1
3540,5043,1
3540,9870,1
3540,9978,1
3540,11868,1
3540,18485,1
3541,6334,1
3541,10121,1
3541,19729,1
3541,21196,1
3546,8308,1
3546,22688,1
3549,13977,1
3552,6506,1
3555,5833,1
3555,10049,1
3555,19374,1
3556,11269,1
3556,13990,1
3556,18236,1
3556,20716,1
3556,21218,1
3556,22262,1
3559,19048,1
3566,13203,1
3567,4161,1
3567,19420,1
3567,21800,1
3571,10168,1
3583,11924,1
3583,17372,1
3589,10577,1
3589,22657,1
3595,21442,1
3619,6504,1
3622,17059,1
3628,17493,1
3632,6454,1
3632,14672,1
3633,21979,1
3635,4617,1
3635,21794,1
3640,4414,1
3640,11121,1
3666,6532,1
3666,21113,1
3688,13429,1
3693,11267,1
3718,7296,1
3718,20446,1
3729,15134,1
3729,21068,1
3743,5640,1
3743,12412,1
3743,14662,1
3743,18162,1
3753,6521,1
3753,19268,1
3761,21391,1
3769,4533,1
3772,17394,1
3772,20654,1
3773,4003,1
3773,19564,1
3777,15180,1
3777,19075,1
3781,8625,1
3781,21938,1
3785,19279,1
3792,11019,1
3792,11814,1
3792,16965,1
3792,22508,1
3793,6771,1
3797,9837,1
3797,14855,1
3797,16287,1
3797,17847,1
3801,7560,1
3801,7637,1
3801,12897,1
3803,3910,1
3803,3950,1
3803,7227,1
3807,10708,1
3807,16209,1
3807,16364,1
3807,19138,1
3815,9123,1
3815,17616,1
3819,7300,1
3831,11763,1
3833,22202,1
3839,9810,1
3846,5168,1
3846,5729,1
3846,9955,1
3846,13128,1
3846,21536,1
3860,14805,1
3887,8586,1
3887,8982,1
3887,21466,1
3887,22276,1
3910,9201,1
3910,16524,1
3910,18416,1
3924,20787,1
3938,5711,1
3938,16209,1
3938,16364,1
3941,11019,1
3941,11814,1
3941,16965,1
3941,22508,1
3943,7731,1
3943,9829,1
3944,9384,1
3944,17863,1
3944,21340,1
3944,22096,1
3950,9201,1
3950,16524,1
3950,18416,1
3955,6593,1
3955,18798,1
3957,17736,1
3964,18738,1
3969,12013,1
3979,5190,1
4003,16010,1
4010,7391,1
4025,6290,1
4025,12090,1
4025,13232,1
4025,15040,1
4025,15548,1
4037,16265,1
4037,18223,1
4038,7215,1
4038,9237,1
4038,10364,1
4038,10655,1
4038,11403,1
4038,14581,1
4038,20067,1
4038,21829,1
4039,6272,1
4052,9451,1
4052,15611,1
4067,22562,1
4070,8046,1
4111,8453,1
4126,6046,1
4126,21336,1
4130,5771,1
4130,7424,1
4130,9922,1
4130,18435,1
4139,6260,1
4139,7462,1
4139,10673,1
4139,15842,1
4139,19997,1
4145,13038,1
4145,20215,1
4151,6140,1
4151,22153,1
4154,4594,1
4154,10501,1
4156,9962,1
4161,12819,1
4166,18908,1
4166,20652,1
4173,7500,1
4173,8875,1
4173,9868,1
4173,12107,1
4173,14363,1
4173,15079,1
4173,15567,1
4173,16685,1
4173,17283,1
4173,18630,1
4173,20848,1
4175,16866,1
4175,20668,1
4180,8883,1
4190,15123,1
4227,6659,1
4227,12480,1
4227,14952,1
4227,17069,1
4232,17778,1
4253,19570,1
4261,7748,1
4261,10867,1
4267,7145,1
4267,16212,1
4270,9198,1
4277,5226,1
4277,9517,1
4283,5378,1
4283,7086,1
4283,9784,1
4283,10893,1
4283,12845,1
4283,17588,1
4283,18942,1
4283,20009,1
4283,21879,1
4283,22434,1
4296,14599,1
4313,14648,1
4317,7282,1
4317,9957,1
4317,19210,1
4318,7024,1
4321,13164,1
4324,9913,1
4324,10048,1
4324,10054,1
4324,16116,1
4327,5606,1
4328,10767,1
4343,8129,1
4346,20049,1
4350,10306,1
4350,14683,1
4350,17847,1
4350,21859,1
4352,17236,1
4353,11109,1
4356,11583,1
4356,12199,1
4356,12957,1
4356,20685,1
4374,11611,1
4374,18440,1
4380,17060,1
4381,4794,1
4381,10418,1
4381,13912,1
4381,19637,1
4384,5336,1
4384,20544,1
4384,21650,1
4386,12400,1
4395,7838,1
4395,15037,1
4408,7717,1
4408,22055,1
4408,22189,1
4413,8530,1
4414,6684,1
4414,9477,1
4414,12901,1
4414,15597,1
4414,18547,1
4414,19717,1
4414,20366,1
4423,12976,1
4440,7884,1
4440,19965,1
4452,7556,1
4452,20104,1
4454,14155,1
4457,21076,1
4460,4960,1
4460,11150,1
4476,9878,1
4476,12794,1
4476,18816,1
4476,18825,1
4500,7899,1
4502,10288,1
4502,12224,1
4515,10228,1
4515,17021,1
4516,13546,1
4516,19484,1
4516,20896,1
4516,21532,1
4526,14330,1
4527,7337,1
4531,16567,1
4532,15785,1
4532,18932,1
4533,4601,1
4533,6167,1
4534,9674,1
4534,15735,1
4544,11704,1
4545,12461,1
4545,12704,1
4545,13021,1
4545,14305,1
4545,14403,1
4545,15051,1
4545,15592,1
4545,20048,1
4558,9743,1
4558,16342,1
4559,12461,1
4559,12704,1
4559,13021,1
4559,14305,1
4559,14403,1
4559,15051,1
4559,15592,1
4559,20048,1
4588,8729,1
4588,14416,1
4594,9360,1
4603,21491,1
4604,21750,1
4615,18516,1
4616,10602,1
4616,15123,1
4617,5046,1
4631,19363,1
4636,13825,1
4636,13894,1
4641,5043,1
4641,8758,1
4641,9978,1
4641,10708,1
4641,18097,1
4641,19138,1
4651,15826,1
4654,10640,1
4656,11477,1
4658,13636,1
4658,21729,1
4669,9346,1
4669,16305,1
4682,11576,1
4688,15883,1
4691,20625,1
4714,19432,1
4717,9559,1
4723,8656,1
4724,10871,1
4724,19804,1
4737,19513,1
4747,7720,1
4752,6659,1
4752,12480,1
4752,14952,1
4752,17069,1
4757,4776,1
4757,11117,1
4762,16693,1
4764,14860,1
4775,7432,1
4775,12536,1
4776,6596,1
4794,18674,1
4796,9205,1
4800,19455,1
4815,19391,1
4816,13494,1
4820,13174,1
4820,19789,1
4827,19971,1
4829,10623,1
4829,14500,1
4836,4867,1
4836,12702,1
4845,15403,1
4853,12081,1
4853,16353,1
4863,19628,1
4876,5581,1
4876,9744,1
4876,12795,1
4883,10083,1
4883,17282,1
4886,13636,1
4886,21729,1
4887,13631,1
4887,20133,1
4887,21374,1
4889,8625,1
4889,21938,1
4898,6472,1
4898,6577,1
4898,8804,1
4898,10293,1
4909,18078,1
4909,21260,1
4949,10752,1
4954,13900,1
4973,6214,1
4973,11345,1
4974,8153,1
4974,15065,1
4974,19437,1
4977,12127,1
4980,13851,1
4981,16634,1
4986,9941,1
4986,10317,1
4986,14239,1
4986,15605,1
4987,14291,1
4987,19750,1
4993,21138,1
4996,14359,1
4999,12035,1
5019,13217,1
5027,8937,1
5034,17517,1
5043,8758,1
5043,10708,1
5043,11868,1
5043,14612,1
5043,18097,1
5043,18849,1
5043,20665,1
5043,22540,1
5046,21794,1
5058,6334,1
5058,10121,1
5058,19729,1
5058,21196,1
5069,17789,1
5071,16725,1
5080,6046,1
5080,21336,1
5088,13752,1
5097,17194,1
5105,8281,1
5109,8832,1
5109,11747,1
5109,12591,1
5122,10168,1
5133,19102,1
5147,6875,1
5147,7418,1
5147,7907,1
5147,9956,1
5147,13069,1
5147,15262,1
5147,18891,1
5147,19585,1
5160,5845,1
5160,19942,1
5166,12887,1
5168,10122,1
5168,21536,1
5173,8075,1
5173,13722,1
5173,14659,1
5173,19831,1
5175,12589,1
5175,17689,1
5175,19087,1
5175,21063,1
5178,12839,1
5185,8236,1
5190,6194,1
5196,21832,1
5201,21204,1
5208,8100,1
5208,15161,1
5226,7414,1
5226,13449,1
5226,16198,1
5232,17967,1
5262,11760,1
5273,7500,1
5273,8875,1
5273,12107,1
5273,13981,1
5273,15079,1
5273,15567,1
5273,17283,1
5273,18630,1
5273,19073,1
5273,20848,1
5273,22007,1
5280,8369,1
5280,13122,1
5282,5668,1
5282,16789,1
5289,13490,1
5292,7671,1
5292,12266,1
5292,14452,1
5292,17692,1
5304,9932,1
5323,12432,1
5325,17214,1
5331,18870,1
5336,11732,1
5336,11838,1
5337,6745,1
5343,6198,1
5343,19805,1
5344,12589,1
5344,17689,1
5344,19087,1
5344,21063,1
5361,5509,1
5361,12543,1
5372,20327,1
5375,5771,1
5375,7424,1
5375,9922,1
5375,18435,1
5378,6470,1
5378,11327,1
5378,16171,1
5385,16808,1
5391,7717,1
5391,19247,1
5400,15439,1
5404,22314,1
5406,12197,1
5409,7967,1
5409,11016,1
5411,13137,1
5411,14817,1
5431,5845,1
5431,19942,1
5457,9759,1
5461,8163,1
5465,5696,1
5465,13320,1
5465,13864,1
5471,21924,1
5475,6292,1
5509,12015,1
5513,17777,1
5525,15684,1
5537,6829,1
5541,16224,1
5545,11324,1
5545,17530,1
5548,19674,1
5570,22687,1
5580,11674,1
5580,21375,1
5581,8891,1
5581,11416,1
5586,6098,1
5587,6332,1
5587,10548,1
5587,15229,1
5587,17062,1
5587,19524,1
5598,19594,1
5601,19409,1
5606,14878,1
5628,20844,1
5635,9197,1
5635,21081,1
5636,11267,1
5636,16737,1
5640,20496,1
5643,15342,1
5663,10565,1
5663,21880,1
5668,8672,1
5670,6019,1
5670,13803,1
5670,20528,1
5672,12715,1
5672,14454,1
5685,22378,1
5690,7838,1
5690,15037,1
5693,13230,1
5693,14636,1
5693,17775,1
5695,19718,1
5696,7589,1
5696,16951,1
5696,21011,1
5701,14675,1
5703,16703,1
5711,8884,1
5711,10940,1
5711,12749,1
5715,10630,1
5718,11711,1
5729,10122,1
5740,17082,1
5744,5790,1
5744,9303,1
5754,13977,1
5765,10752,1
5767,10170,1
5769,19624,1
5769,21262,1
5771,14122,1
5771,21689,1
5780,12039,1
5790,9303,1
5795,22480,1
5807,6958,1
5812,22424,1
5814,12177,1
5814,15958,1
5819,11909,1
5833,8486,1
5833,19374,1
5845,12108,1
5845,20226,1
5848,7217,1
5848,15134,1
5849,15757,1
5849,17334,1
5850,8042,1
5850,19017,1
5862,10710,1
5862,13771,1
5862,16298,1
5862,19118,1
5866,13709,1
5866,14853,1
5873,7500,1
5873,8875,1
5873,9868,1
5873,12107,1
5873,14363,1
5873,15079,1
5873,15567,1
5873,16685,1
5873,17283,1
5873,18630,1
5873,20848,1
5876,14142,1
5876,19351,1
5876,21040,1
5889,9249,1
5890,8566,1
5890,14103,1
5891,9810,1
5891,12748,1
5891,20968,1
5892,12400,1
5898,12115,1
5908,6042,1
5931,16821,1
5931,21140,1
5967,8397,1
5967,11638,1
5967,13265,1
5968,22589,1
5980,9841,1
5980,12298,1
5980,21919,1
5980,22181,1
5985,10855,1
5986,6797,1
5986,6978,1
5986,7851,1
5992,10251,1
5992,16531,1
5992,19185,1
5995,8385,1
5995,15785,1
5995,18932,1
6013,15647,1
6019,7157,1
6019,9154,1
6019,18968,1
6019,19714,1
6019,20528,1
6019,22675,1
6022,8981,1
6035,22057,1
6040,11301,1
6044,9848,1
6044,17903,1
6046,21336,1
6051,11583,1
6051,12199,1
6051,12957,1
6051,20685,1
6065,11834,1
6065,20390,1
6098,13751,1
6131,20811,1
6134,16696,1
6149,12281,1
6149,22611,1
6168,13659,1
6182,17166,1
6191,12941,1
6198,20180,1
6200,19546,1
6204,16043,1
6214,11345,1
6218,15403,1
6218,19553,1
6218,22387,1
6226,14429,1
6231,17035,1
6241,16550,1
6260,11027,1
6260,19997,1
6263,15180,1
6263,19075,1
6269,10565,1
6269,21880,1
6297,6885,1
6297,7480,1
6297,9791,1
6306,15041,1
6308,7264,1
6320,16661,1
6325,12886,1
6332,10548,1
6332,17062,1
6332,19524,1
6334,15367,1
6339,13729,1
6339,16622,1
6339,22504,1
6345,16846,1
6353,16167,1
6353,22017,1
6354,10227,1
6354,12334,1
6354,21293,1
6372,19392,1
6379,14291,1
6379,19750,1
6380,18214,1
6390,6934,1
6390,8082,1
6391,19953,1
6410,10227,1
6410,12334,1
6410,21293,1
6413,16036,1
6414,7649,1
6416,9135,1
6417,19617,1
6418,22147,1
6425,10041,1
6425,20146,1
6430,20806,1
6446,17067,1
6453,13626,1
6466,20173,1
6467,12529,1
6470,7086,1
6470,9784,1
6470,10893,1
6470,12845,1
6470,17588,1
6470,18942,1
6470,20009,1
6470,21879,1
6470,22434,1
6472,14261,1
6472,16336,1
6478,18254,1
6480,14153,1
6480,16184,1
6483,7259,1
6483,12283,1
6483,14087,1
6483,16797,1
6484,7909,1
6484,21784,1
6490,16706,1
6490,19568,1
6493,7460,1
6496,14203,1
6496,16720,1
6504,12343,1
6504,19300,1
6504,20829,1
6509,6673,1
6509,22536,1
6516,10173,1
6518,7282,1
6518,9957,1
6518,19210,1
6521,8816,1
6530,19539,1
6532,21113,1
6537,15941,1
6537,17151,1
6538,18983,1
6577,14261,1
6577,16336,1
6583,11141,1
6584,6611,1
6590,10993,1
6590,17204,1
6593,13988,1
6611,12445,1
6613,6622,1
6613,15203,1
6613,16492,1
6615,15294,1
6622,7438,1
6622,10199,1
6622,21562,1
6642,9434,1
6644,14469,1
6646,13787,1
6649,11131,1
6651,19584,1
6654,18213,1
6659,14682,1
6659,20115,1
6671,13789,1
6671,15190,1
6672,7051,1
6673,13322,1
6680,18092,1
6684,11121,1
6684,12454,1
6689,18643,1
6693,16737,1
6695,6875,1
6695,7418,1
6695,7907,1
6695,9956,1
6695,13069,1
6695,15262,1
6695,18891,1
6695,19585,1
6696,7143,1
6708,12066,1
6712,15826,1
6717,17072,1
6733,20912,1
6747,16813,1
6751,9988,1
6754,13789,1
6754,15190,1
6771,8427,1
6788,10704,1
6788,17332,1
6797,6978,1
6797,6995,1
6797,7851,1
6799,10212,1
6813,21324,1
6815,17789,1
6816,10554,1
6816,18409,1
6824,10173,1
6824,11276,1
6824,15351,1
6824,16888,1
6824,19970,1
6825,7000,1
6825,10016,1
6841,12269,1
6841,17185,1
6857,12886,1
6861,18511,1
6861,20113,1
6875,7418,1
6875,7907,1
6875,9956,1
6875,16900,1
6875,18891,1
6877,19279,1
6885,11980,1
6888,9941,1
6888,10317,1
6888,14239,1
6888,15605,1
6905,11665,1
6924,9804,1
6934,9381,1
6957,8864,1
6958,17207,1
6978,6995,1
6982,11793,1
6987,15307,1
6989,8763,1
6995,7851,1
7007,15373,1
7007,17413,1
7026,7215,1
7026,9237,1
7026,10364,1
7026,10655,1
7026,11403,1
7026,14581,1
7026,20067,1
7026,21829,1
7062,9025,1
7073,10232,1
7077,11113,1
7077,14520,1
7085,19801,1
7086,9784,1
7086,11327,1
7086,12845,1
7086,16171,1
7086,17588,1
7086,22434,1
7092,20791,1
7092,22472,1
7099,21603,1
7111,14534,1
7111,21364,1
7130,15405,1
7130,18685,1
7143,8491,1
7150,18236,1
7150,19535,1
7150,20716,1
7150,21218,1
7150,22262,1
7154,15621,1
7154,19179,1
7156,13603,1
7157,13803,1
7157,20528,1
7163,10467,1
7169,9416,1
7169,20427,1
7177,9906,1
7180,9175,1
7204,12494,1
7204,20072,1
7213,16753,1
7215,9237,1
7215,10514,1
7215,11403,1
7215,14581,1
7215,20067,1
7215,20569,1
7217,15134,1
7227,9201,1
7227,16524,1
7227,18416,1
7233,20645,1
7238,14800,1
7257,9239,1
7259,9357,1
7259,11388,1
7259,12283,1
7259,15094,1
7264,10291,1
7264,11459,1
7264,22447,1
7273,12049,1
7282,12601,1
7282,13364,1
7282,13665,1
7282,20767,1
7296,12154,1
7296,14436,1
7326,11113,1
7326,14520,1
7335,11142,1
7339,8135,1
7339,8480,1
7339,17269,1
7339,18966,1
7339,20689,1
7349,21443,1
7380,13852,1
7380,21427,1
7383,9833,1
7392,18593,1
7394,8982,1
7394,21466,1
7396,14097,1
7396,20442,1
7400,7435,1
7400,13900,1
7400,22524,1
7401,8067,1
7407,12958,1
7415,17502,1
7415,20705,1
7418,13069,1
7418,15262,1
7418,16900,1
7418,19585,1
7424,14122,1
7424,21689,1
7425,15508,1
7425,19598,1
7427,8153,1
7427,15065,1
7427,19437,1
7432,16283,1
7435,17619,1
7435,22524,1
7438,15203,1
7438,16492,1
7452,9883,1
7452,16588,1
7452,20624,1
7457,10173,1
7457,11276,1
7457,15351,1
7457,16888,1
7457,19970,1
7462,11027,1
7462,19997,1
7464,20839,1
7480,11980,1
7482,11035,1
7487,13413,1
7487,18572,1
7500,9647,1
7500,9868,1
7500,13308,1
7500,13964,1
7500,14363,1
7500,16685,1
7500,16828,1
7515,11468,1
7515,17745,1
7515,19888,1
7517,15837,1
7525,14924,1
7527,20993,1
7560,7637,1
7560,19614,1
7582,11949,1
7585,19529,1
7589,13320,1
7589,18692,1
7593,17544,1
7622,8229,1
7622,11437,1
7622,13363,1
7622,16044,1
7637,12724,1
7637,12897,1
7637,19614,1
7637,22376,1
7662,12930,1
7664,16182,1
7664,17589,1
7665,14345,1
7665,15153,1
7669,16821,1
7670,14127,1
7670,14865,1
7670,17426,1
7670,18827,1
7671,14560,1
7672,14049,1
7686,18499,1
7699,8288,1
7699,12803,1
7710,17814,1
7713,15727,1
7717,11370,1
7717,19247,1
7717,22055,1
7717,22189,1
7723,7936,1
7723,11039,1
7738,9983,1
7738,13537,1
7739,10080,1
7744,12013,1
7748,16191,1
7771,11305,1
7771,11529,1
7771,16166,1
7771,20960,1
7785,16377,1
7817,19217,1
7823,12938,1
7823,14657,1
7829,18313,1
7832,17773,1
7840,17153,1
7842,18385,1
7858,14814,1
7865,20168,1
7869,17725,1
7879,12560,1
7879,22109,1
7907,13069,1
7907,15262,1
7907,16900,1
7907,19585,1
7909,14816,1
7911,9051,1
7911,15103,1
7911,19834,1
7912,16150,1
7936,11721,1
7944,17160,1
7946,16777,1
7946,17391,1
7960,21016,1
7963,13194,1
7967,14202,1
7987,14176,1
7987,21975,1
8001,13155,1
8007,16805,1
8031,12943,1
8034,19986,1
8034,20424,1
8037,10337,1
8037,11172,1
8037,12669,1
8042,17513,1
8052,12429,1
8052,21627,1
8060,12003,1
8060,17577,1
8067,20552,1
8068,11713,1
8068,13830,1
8075,11138,1
8075,17288,1
8075,22312,1
8082,9381,1
8114,11492,1
8118,13867,1
8129,12421,1
8135,18265,1
8139,21380,1
8153,8845,1
8191,14330,1
8229,10142,1
8230,19284,1
8233,15549,1
8243,15324,1
8244,13672,1
8253,14523,1
8267,13442,1
8267,15370,1
8279,16397,1
8279,18847,1
8281,20872,1
8288,22060,1
8308,11602,1
8309,16706,1
8309,19568,1
8318,18236,1
8318,19535,1
8318,20716,1
8318,21218,1
8318,22262,1
8334,19684,1
8351,11033,1
8358,8719,1
8369,12024,1
8372,11925,1
8372,20123,1
8385,9727,1
8385,15785,1
8385,18932,1
8389,22037,1
8397,9801,1
8405,16196,1
8407,22424,1
8429,21540,1
8452,18447,1
8458,8832,1
8458,11747,1
8458,12591,1
8460,11713,1
8460,13830,1
8466,10912,1
8480,18265,1
8482,17857,1
8486,10049,1
8486,19374,1
8487,13464,1
8505,11738,1
8505,12916,1
8521,8677,1
8521,21679,1
8524,12936,1
8530,15689,1
8530,17176,1
8545,16375,1
8545,17718,1
8545,22573,1
8549,21254,1
8565,13036,1
8566,8986,1
8582,19153,1
8582,20717,1
8586,14746,1
8586,22276,1
8602,12558,1
8612,9373,1
8612,9813,1
8618,11697,1
8622,10231,1
8625,10512,1
8625,13878,1
8638,16478,1
8647,14764,1
8667,20063,1
8669,18681,1
8672,16789,1
8674,10866,1
8674,19459,1
8677,21266,1
8681,9384,1
8681,17863,1
8681,21340,1
8681,22096,1
8693,14388,1
8705,10519,1
8705,14774,1
8706,17627,1
8711,19065,1
8716,12715,1
8716,14454,1
8719,14864,1
8720,21683,1
8750,21443,1
8758,9978,1
8758,10708,1
8758,16209,1
8758,16364,1
8758,22540,1
8763,11654,1
8784,13013,1
8798,14905,1
8802,9632,1
8802,12339,1
8802,12352,1
8804,14261,1
8804,16336,1
8816,19268,1
8820,11728,1
8820,15851,1
8823,10433,1
8832,12591,1
8845,15065,1
8845,19437,1
8848,14534,1
8848,21364,1
8858,9127,1
8858,16077,1
8875,9647,1
8875,13308,1
8875,13964,1
8875,16828,1
8884,20665,1
8891,9744,1
8891,12795,1
8901,14985,1
8938,13014,1
8944,21986,1
8947,19691,1
8971,14080,1
8982,14746,1
8982,15073,1
8986,14103,1
9000,13056,1
9000,16893,1
9000,21662,1
9000,22225,1
9004,17800,1
9006,17321,1
9018,9790,1
9018,18095,1
9031,10232,1
9045,18270,1
9051,13309,1
9057,12475,1
9057,13842,1
9061,21107,1
9061,21751,1
9078,13085,1
9078,20682,1
9098,12812,1
9098,13759,1
9098,15785,1
9098,18932,1
9115,18572,1
9115,18797,1
9117,14395,1
9154,10673,1
9154,13803,1
9154,15842,1
9159,16301,1
9170,16239,1
9176,14764,1
9185,15790,1
9190,12821,1
9211,11920,1
9212,10798,1
9212,16427,1
9212,19783,1
9212,21895,1
9237,10364,1
9237,10514,1
9237,10655,1
9237,13754,1
9237,16728,1
9237,17742,1
9237,20569,1
9237,20677,1
9237,21829,1
9240,20775,1
9242,11664,1
9249,14632,1
9262,19279,1
9282,10793,1
9287,9848,1
9287,17903,1
9291,21288,1
9324,10781,1
9324,11049,1
9324,12832,1
9336,18887,1
9345,10495,1
9346,15947,1
9357,14087,1
9359,14871,1
9360,10501,1
9373,13436,1
9377,19756,1
9384,17863,1
9384,21340,1
9399,9809,1
9409,10798,1
9409,16427,1
9409,19783,1
9409,21895,1
9411,9749,1
9411,12424,1
9411,12601,1
9416,13792,1
9416,20427,1
9477,11121,1
9477,15785,1
9477,18932,1
9491,20016,1
9505,22587,1
9517,16198,1
9522,14069,1
9522,16205,1
9568,11002,1
9598,18003,1
9598,19451,1
9610,11933,1
9610,13495,1
9610,17802,1
9632,14824,1
9632,16603,1
9632,20025,1
9647,9868,1
9647,12107,1
9647,14363,1
9647,15079,1
9647,15567,1
9647,16685,1
9647,17283,1
9647,18630,1
9647,20848,1
9663,20563,1
9665,14894,1
9665,21159,1
9668,17378,1
9674,19290,1
9682,14744,1
9699,12441,1
9699,17113,1
9727,15785,1
9727,18932,1
9735,11059,1
9744,11416,1
9749,20767,1
9749,21692,1
9758,10034,1
9763,18366,1
9784,11327,1
9784,16171,1
9784,20009,1
9784,21879,1
9786,22363,1
9788,12490,1
9788,17242,1
9788,19873,1
9790,18095,1
9791,11980,1
9801,11638,1
9801,13265,1
9804,19872,1
9810,14684,1
9810,15012,1
9813,13436,1
9815,12490,1
9815,17242,1
9815,19873,1
9825,19489,1
9835,10232,1
9836,19736,1
9841,14024,1
9841,20684,1
9843,9962,1
9848,15473,1
9854,20858,1
9868,15567,1
9868,16828,1
9868,17283,1
9868,20848,1
9870,18849,1
9878,12794,1
9878,15039,1
9878,18816,1
9883,11542,1
9883,14383,1
9883,17629,1
9894,13656,1
9894,19882,1
9906,20421,1
9913,10054,1
9913,16116,1
9922,14122,1
9922,21689,1
9923,19024,1
9935,11366,1
9935,11566,1
9935,14014,1
9935,21727,1
9955,10122,1
9955,21536,1
9956,13069,1
9956,15262,1
9956,16900,1
9956,19585,1
9957,11771,1
9957,13364,1
9957,13665,1
9957,20220,1
9964,14203,1
9964,16720,1
9974,13631,1
9974,20133,1
9974,21374,1
9978,10708,1
9978,11868,1
9978,14612,1
9978,18097,1
9978,18849,1
9978,20665,1
9978,22540,1
9983,11382,1
9983,13537,1
9983,18191,1
9988,11794,1
10002,14026,1
10012,20057,1
10025,14764,1
10032,17370,1
10034,13942,1
10034,18494,1
10036,10237,1
10036,20824,1
10041,10745,1
10048,10054,1
10048,16116,1
10049,19374,1
10050,19456,1
10050,21945,1
10080,18342,1
10090,18538,1
10097,10425,1
10097,13126,1
10097,18135,1
10105,13749,1
10120,10231,1
10121,15367,1
10122,13128,1
10122,21536,1
10126,17007,1
10126,22575,1
10140,18770,1
10140,19640,1
10142,11437,1
10142,13363,1
10142,16044,1
10144,15757,1
10144,17334,1
10163,14249,1
10163,22329,1
10170,17319,1
10170,18362,1
10170,22288,1
10171,11953,1
10171,12415,1
10171,13556,1
10172,11881,1
10172,21343,1
10173,15351,1
10173,18583,1
10173,19970,1
10180,15783,1
10180,21544,1
10195,12790,1
10195,18462,1
10199,15203,1
10199,16492,1
10227,12334,1
10231,15596,1
10237,19326,1
10251,21376,1
10252,17273,1
10252,21352,1
10264,15451,1
10272,14639,1
10276,22644,1
10288,11648,1
10293,14261,1
10293,16336,1
10306,21859,1
10318,10380,1
10318,13336,1
10318,13747,1
10337,22238,1
10345,18139,1
10353,14163,1
10358,20803,1
10363,16213,1
10364,10514,1
10364,11403,1
10364,14581,1
10364,20067,1
10364,20569,1
10380,12217,1
10380,17103,1
10380,19161,1
10388,12210,1
10388,16164,1
10394,22399,1
10416,12650,1
10418,18674,1
10419,21421,1
10425,13126,1
10425,14585,1
10425,18135,1
10436,18265,1
10449,14765,1
10451,11109,1
10451,19971,1
10452,19379,1
10452,22524,1
10468,16673,1
10469,21950,1
10472,11305,1
10472,11529,1
10472,16166,1
10472,20960,1
10491,21304,1
10509,19957,1
10512,21938,1
10514,10655,1
10514,11403,1
10514,14581,1
10514,20067,1
10514,21829,1
10519,20192,1
10520,15671,1
10520,17479,1
10520,20086,1
10521,18887,1
10530,17450,1
10548,15229,1
10548,19524,1
10563,17194,1
10565,16953,1
10574,13679,1
10577,22657,1
10623,13475,1
10629,19414,1
10632,21983,1
10634,14901,1
10634,18179,1
10639,11953,1
10639,12415,1
10639,13556,1
10655,11403,1
10655,14581,1
10655,20067,1
10655,20569,1
10667,13754,1
10667,16728,1
10667,17742,1
10667,20677,1
10673,11027,1
10673,18968,1
10688,21857,1
10701,15134,1
10701,15366,1
10704,17643,1
10708,15921,1
10708,18097,1
10708,22540,1
10710,14737,1
10710,15873,1
10710,18176,1
10731,13365,1
10738,15185,1
10745,20146,1
10757,11755,1
10761,15908,1
10781,11049,1
10781,12832,1
10781,22114,1
10798,12648,1
10808,13096,1
10808,20440,1
10833,16983,1
10866,20949,1
10867,16191,1
10878,14676,1
10878,21267,1
10890,13038,1
10890,20215,1
10893,11327,1
10893,16171,1
10896,13749,1
10907,12843,1
10908,12790,1
10908,18462,1
10912,13477,1
10912,13718,1
10940,20665,1
10948,11401,1
10955,15785,1
10955,18932,1
10993,14923,1
11002,11293,1
11016,14202,1
11018,14220,1
11019,22045,1
11027,15842,1
11027,19997,1
11035,12505,1
11035,13236,1
11035,18312,1
11039,11721,1
11049,22114,1
11059,21932,1
11077,12361,1
11095,18451,1
11121,12901,1
11121,15597,1
11121,18547,1
11121,19717,1
11121,20366,1
11138,13722,1
11138,14659,1
11138,19831,1
11141,20001,1
11154,19063,1
11172,22238,1
11179,14953,1
11218,14602,1
11218,19152,1
11220,22432,1
11229,11460,1
11229,14350,1
11249,18078,1
11249,21260,1
11257,22383,1
11259,11991,1
11259,13586,1
11259,14745,1
11259,15935,1
11269,15498,1
11286,16629,1
11286,20281,1
11289,13202,1
11290,14736,1
11293,14730,1
11293,20607,1
11305,16166,1
11305,20960,1
11324,19168,1
11325,21793,1
11327,12845,1
11327,17588,1
11327,18942,1
11327,20009,1
11327,21879,1
11327,22434,1
11331,12560,1
11331,22109,1
11366,14420,1
11366,21807,1
11369,18587,1
11382,13537,1
11388,11921,1
11399,16808,1
11403,13754,1
11403,16728,1
11403,17742,1
11403,20569,1
11403,20677,1
11403,21829,1
11416,12795,1
11436,19408,1
11460,21761,1
11468,17745,1
11484,21066,1
11484,22043,1
11499,11622,1
11502,13108,1
11509,13253,1
11521,13289,1
11522,20427,1
11529,16166,1
11529,20960,1
11536,11921,1
11542,16588,1
11542,20624,1
11557,15711,1
11566,14420,1
11566,21807,1
11570,21365,1
11583,15160,1
11588,19147,1
11589,16062,1
11602,22688,1
11609,15671,1
11609,17479,1
11609,20086,1
11648,12224,1
11651,20806,1
11674,13316,1
11693,12281,1
11693,22611,1
11711,13172,1
11716,19617,1
11732,20544,1
11732,21650,1
11738,14787,1
11741,13330,1
11741,14059,1
11745,13289,1
11745,15802,1
11747,12591,1
11753,12552,1
11771,13364,1
11771,13665,1
11787,13642,1
11800,13852,1
11800,21427,1
11809,21958,1
11814,22045,1
11819,20821,1
11826,14921,1
11826,18259,1
11829,15798,1
11838,20544,1
11838,21650,1
11843,22369,1
11847,16129,1
11853,16889,1
11855,14764,1
11859,12404,1
11868,18849,1
11905,19307,1
11909,18703,1
11921,15094,1
11924,18535,1
11925,20123,1
11926,21264,1
11933,13495,1
11933,17573,1
11936,14589,1
11953,14405,1
11953,14481,1
11955,20877,1
11959,12195,1
11959,17866,1
11964,15803,1
11964,16537,1
11973,19959,1
11988,19068,1
11991,13586,1
11991,14745,1
11991,15276,1
11991,17377,1
12003,12856,1
12015,12543,1
12024,13122,1
12039,15524,1
12048,21684,1
12050,12435,1
12055,12064,1
12055,17209,1
12064,22175,1
12066,12612,1
12081,14042,1
12081,16353,1
12092,16474,1
12098,15692,1
12098,18030,1
12107,13308,1
12107,13964,1
12107,16828,1
12108,19942,1
12135,21357,1
12150,13085,1
12150,20682,1
12151,18689,1
12151,22052,1
12154,20446,1
12155,14457,1
12155,19913,1
12177,17415,1
12187,13631,1
12187,20133,1
12187,21374,1
12190,13228,1
12195,20617,1
12199,15160,1
12217,13336,1
12217,13747,1
12220,17988,1
12251,16303,1
12266,14560,1
12269,17185,1
12283,21178,1
12285,20873,1
12298,14024,1
12298,20684,1
12299,22219,1
12333,12887,1
12334,21293,1
12339,14824,1
12339,16603,1
12339,20025,1
12352,14824,1
12352,16603,1
12352,20025,1
12392,15535,1
12412,20496,1
12415,14405,1
12415,14481,1
12420,20246,1
12424,20767,1
12424,21692,1
12437,17553,1
12456,17760,1
12461,14305,1
12461,15051,1
12461,15592,1
12461,18813,1
12461,20048,1
12461,20679,1
12480,14682,1
12480,20115,1
12484,15009,1
12494,19232,1
12536,16283,1
12542,20508,1
12560,20338,1
12596,14509,1
12596,17702,1
12601,13364,1
12601,13665,1
12601,19210,1
12601,20767,1
12601,21692,1
12620,13413,1
12620,13633,1
12626,12823,1
12639,12966,1
12645,17647,1
12648,16427,1
12648,19783,1
12648,21895,1
12662,12887,1
12669,22238,1
12681,20320,1
12687,14648,1
12689,14082,1
12700,20648,1
12704,14305,1
12704,15051,1
12704,15592,1
12704,18813,1
12704,20048,1
12704,20679,1
12715,16867,1
12715,17093,1
12730,15597,1
12730,18547,1
12747,12959,1
12747,19047,1
12748,14684,1
12749,16209,1
12749,16364,1
12794,15039,1
12794,18825,1
12802,14727,1
12803,22060,1
12812,12853,1
12819,19420,1
12819,21800,1
12832,22114,1
12845,16171,1
12845,20009,1
12845,21879,1
12853,13759,1
12853,15785,1
12853,18932,1
12855,20158,1
12856,17577,1
12897,19614,1
12908,21541,1
12916,14787,1
12924,17319,1
12924,22288,1
12925,17781,1
12925,18207,1
12926,15283,1
12929,14377,1
12947,21285,1
12949,21724,1
12950,17331,1
12957,15160,1
12959,13467,1
12959,22388,1
12975,13330,1
12975,13364,1
12975,13665,1
12975,14059,1
12997,16099,1
12999,14176,1
12999,21975,1
13021,14305,1
13021,15051,1
13021,15592,1
13021,18813,1
13021,20048,1
13021,20679,1
13029,13276,1
13039,15350,1
13063,13955,1
13069,16900,1
13069,18891,1
13100,16912,1
13119,16269,1
13126,14585,1
13137,13152,1
13152,14817,1
13159,16262,1
13159,16405,1
13162,14635,1
13164,13359,1
13164,15573,1
13164,17594,1
13165,20787,1
13174,13694,1
13190,15540,1
13190,21847,1
13228,17794,1
13230,14636,1
13230,20380,1
13242,18003,1
13242,19451,1
13265,14298,1
13265,22214,1
13270,13283,1
13276,14527,1
13308,13981,1
13308,15079,1
13308,15567,1
13308,17283,1
13308,18630,1
13308,19073,1
13308,20848,1
13308,22007,1
13309,15103,1
13309,19834,1
13314,15862,1
13314,17923,1
13314,19779,1
13314,20929,1
13316,21375,1
13320,16951,1
13320,21011,1
13322,22536,1
13327,19253,1
13328,14486,1
13330,13364,1
13330,13665,1
13332,16043,1
13336,17103,1
13336,19161,1
13359,16934,1
13359,19477,1
13364,14059,1
13364,19210,1
13364,20220,1
13364,20767,1
13413,18797,1
13442,15513,1
13461,18612,1
13467,19047,1
13475,14500,1
13477,17393,1
13482,17693,1
13491,18997,1
13495,17573,1
13495,17802,1
13537,17377,1
13537,18191,1
13546,15662,1
13546,17723,1
13546,19283,1
13556,14405,1
13556,14481,1
13586,15276,1
13586,15935,1
13616,14153,1
13616,16184,1
13631,14706,1
13633,15830,1
13633,18797,1
13636,15572,1
13656,18357,1
13665,14059,1
13665,19210,1
13665,20220,1
13665,20767,1
13666,14128,1
13666,14376,1
13671,22635,1
13676,22471,1
13677,15826,1
13694,19789,1
13698,15381,1
13715,16934,1
13715,19477,1
13718,18736,1
13722,17288,1
13722,22312,1
13747,17103,1
13747,19161,1
13749,16404,1
13752,21090,1
13754,14135,1
13754,14581,1
13754,14664,1
13754,18930,1
13754,20067,1
13760,14729,1
13771,14737,1
13771,15873,1
13771,18176,1
13789,22297,1
13792,20427,1
13796,17479,1
13796,20086,1
13803,18968,1
13803,19714,1
13803,20528,1
13803,22675,1
13832,20590,1
13859,14525,1
13864,16951,1
13875,20114,1
13876,15514,1
13878,21938,1
13897,17366,1
13906,14719,1
13912,18674,1
13921,14377,1
13942,18494,1
13958,21421,1
13964,13981,1
13964,15079,1
13964,15567,1
13964,17283,1
13964,18630,1
13964,19073,1
13964,20848,1
13964,22007,1
13967,16421,1
13988,18798,1
13990,15498,1
14004,18643,1
14014,14420,1
14014,21807,1
14024,21919,1
14024,22181,1
14027,15725,1
14049,19686,1
14087,16797,1
14095,15340,1
14095,18938,1
14097,19639,1
14102,20531,1
14122,18435,1
14127,14865,1
14127,17426,1
14131,17257,1
14135,16728,1
14135,17742,1
14135,20677,1
14136,15621,1
14136,19179,1
14142,19351,1
14142,21040,1
14154,21244,1
14154,21606,1
14155,18273,1
14171,16861,1
14179,19503,1
14198,14249,1
14198,22329,1
14203,21162,1
14204,16431,1
14204,22479,1
14219,18870,1
14262,14402,1
14305,14403,1
14305,18813,1
14305,20679,1
14308,16753,1
14310,19485,1
14321,18235,1
14328,17092,1
14345,15153,1
14350,21761,1
14363,15567,1
14363,16828,1
14363,17283,1
14363,20848,1
14376,17807,1
14383,16588,1
14383,20624,1
14402,19141,1
14402,19963,1
14402,22646,1
14403,15051,1
14403,15592,1
14403,18813,1
14403,20048,1
14403,20679,1
14420,21727,1
14423,14935,1
14436,20446,1
14452,14560,1
14454,16867,1
14454,17093,1
14492,17229,1
14509,20994,1
14550,22686,1
14560,17692,1
14581,16728,1
14581,17742,1
14581,20569,1
14581,20677,1
14581,21829,1
14585,18135,1
14589,18520,1
14612,20665,1
14618,17846,1
14636,17775,1
14636,20380,1
14639,16824,1
14659,17288,1
14659,22312,1
14662,20496,1
14664,16728,1
14664,17742,1
14664,20677,1
14676,17219,1
14682,14952,1
14682,17069,1
14683,14775,1
14683,17847,1
14683,21859,1
14684,20968,1
14706,20133,1
14706,21374,1
14729,15347,1
14729,19641,1
14737,16298,1
14737,19118,1
14744,20388,1
14745,15276,1
14745,15935,1
14774,20192,1
14788,20659,1
14816,21784,1
14829,16866,1
14829,20668,1
14848,17147,1
14853,15002,1
14855,16287,1
14855,17847,1
14865,18827,1
14881,19034,1
14884,18778,1
14890,17776,1
14890,19988,1
14890,20382,1
14894,20276,1
14920,17544,1
14923,17204,1
14952,20115,1
14991,22686,1
15013,18078,1
15013,21260,1
15039,18816,1
15039,18825,1
15051,18813,1
15051,20679,1
15073,21466,1
15079,16828,1
15116,15405,1
15116,18685,1
15118,18643,1
15134,15366,1
15134,21068,1
15160,20685,1
15179,20136,1
15190,22297,1
15203,21562,1
15229,17062,1
15229,19524,1
15234,19252,1
15262,16900,1
15262,18891,1
15276,15935,1
15280,18459,1
15286,22075,1
15314,18415,1
15324,16782,1
15340,18938,1
15362,22581,1
15364,16741,1
15367,19729,1
15367,21196,1
15370,15513,1
15373,16666,1
15403,15581,1
15403,16859,1
15403,19553,1
15403,21225,1
15403,22387,1
15473,17903,1
15487,20080,1
15498,18236,1
15498,20716,1
15498,21218,1
15498,22262,1
15508,15821,1
15515,17356,1
15524,21581,1
15540,18940,1
15543,17725,1
15550,20791,1
15550,22472,1
15559,18166,1
15567,16685,1
15567,16828,1
15572,21729,1
15575,22616,1
15592,18813,1
15592,20679,1
15597,19575,1
15632,17609,1
15632,21944,1
15662,19484,1
15662,20896,1
15662,21532,1
15671,17479,1
15671,20086,1
15689,17176,1
15719,17002,1
15727,17393,1
15735,19290,1
15783,16785,1
15785,19717,1
15821,19598,1
15830,18797,1
15842,18968,1
15862,19779,1
15862,20929,1
15870,16673,1
15873,16298,1
15873,19118,1
15881,20212,1
15886,15941,1
15886,17151,1
15901,18778,1
15921,16209,1
15921,16364,1
15921,19138,1
15935,17377,1
15939,18607,1
15947,16305,1
15958,17415,1
15981,19980,1
16010,19564,1
16020,16377,1
16043,20091,1
16085,19172,1
16088,16397,1
16088,18847,1
16119,20477,1
16150,21152,1
16167,22017,1
16171,17588,1
16171,18942,1
16171,20009,1
16171,21879,1
16171,22434,1
16209,18097,1
16209,19138,1
16262,20510,1
16265,18223,1
16285,16949,1
16285,19204,1
16287,17847,1
16298,18176,1
16364,18097,1
16364,19138,1
16368,17582,1
16375,22573,1
16377,19162,1
16405,20510,1
16431,20467,1
16472,20836,1
16478,17511,1
16492,21562,1
16497,19760,1
16531,21376,1
16562,20518,1
16562,22192,1
16572,18752,1
16588,17629,1
16630,18440,1
16646,17318,1
16650,18770,1
16650,19640,1
16666,17413,1
16685,16828,1
16685,17283,1
16685,20848,1
16692,18110,1
16720,21162,1
16727,19947,1
16728,18930,1
16728,20067,1
16773,21637,1
16785,21544,1
16797,21178,1
16827,17236,1
16828,17283,1
16828,18630,1
16828,20848,1
16859,19553,1
16859,22387,1
16890,17265,1
16900,18891,1
16900,19585,1
16934,17594,1
16934,18468,1
16949,20551,1
16953,21880,1
16965,22045,1
17007,21470,1
17062,19524,1
17069,20115,1
17090,20636,1
17209,22175,1
17219,21267,1
17221,20591,1
17269,18265,1
17288,19831,1
17319,18362,1
17332,17643,1
17372,18535,1
17373,20659,1
17394,20247,1
17398,19354,1
17398,19762,1
17426,18827,1
17430,20130,1
17468,19279,1
17482,19491,1
17513,19017,1
17538,19456,1
17538,21945,1
17542,18652,1
17551,19455,1
17588,20009,1
17588,21879,1
17594,19477,1
17609,21944,1
17624,22404,1
17629,20624,1
17647,20775,1
17702,20994,1
17723,19484,1
17723,20896,1
17723,21532,1
17738,19991,1
17742,18930,1
17742,20067,1
17770,19516,1
17775,20380,1
17776,19988,1
17776,20382,1
17801,21421,1
17803,18441,1
17809,18796,1
17846,22368,1
17847,21859,1
17863,22096,1
17866,20617,1
17869,22314,1
17882,21254,1
17923,19779,1
17923,20929,1
17995,20312,1
18000,18689,1
18016,21621,1
18017,20486,1
18024,22336,1
18033,18293,1
18092,19375,1
18097,22540,1
18137,19346,1
18153,19354,1
18153,19762,1
18162,20496,1
18173,19230,1
18176,19118,1
18187,21633,1
18212,19473,1
18235,18237,1
18236,19535,1
18264,20104,1
18265,18966,1
18265,20689,1
18338,18529,1
18357,19882,1
18357,22510,1
18425,21350,1
18435,21689,1
18468,19477,1
18482,22566,1
18485,18849,1
18504,21489,1
18511,19688,1
18533,21629,1
18547,19575,1
18572,18797,1
18618,21621,1
18674,19637,1
18692,21011,1
18741,21439,1
18774,19714,1
18774,20528,1
18774,22675,1
18775,21745,1
18780,19691,1
18787,22686,1
18813,20048,1
18816,18825,1
18891,19585,1
18930,20677,1
18932,19717,1
18940,21847,1
19035,20750,1
19047,22388,1
19048,20489,1
19138,22540,1
19153,20717,1
19172,20930,1
19185,21376,1
19204,20551,1
19210,20767,1
19217,22097,1
19232,20072,1
19283,19484,1
19283,20896,1
19283,21532,1
19326,20824,1
19351,20659,1
19351,21040,1
19408,21885,1
19434,20792,1
19459,20949,1
19494,22242,1
19535,22262,1
19609,20242,1
19624,21262,1
19639,20442,1
19686,19744,1
19688,20113,1
19719,21421,1
19747,20839,1
19754,20440,1
19805,20180,1
19831,22312,1
19859,19999,1
19942,20226,1
19986,21054,1
19988,20382,1
20009,22434,1
20019,20686,1
20048,20679,1
20067,20569,1
20067,20677,1
20067,21829,1
20128,20625,1
20153,22325,1
20232,21931,1
20247,20654,1
20250,21243,1
20276,21159,1
20338,22109,1
20352,21803,1
20357,22372,1
20424,21054,1
20569,21829,1
20585,22266,1
20666,20771,1
20684,21919,1
20684,22181,1
20781,21853,1
20836,20926,1
20951,21950,1
20965,22068,1
21244,22111,1
21266,21679,1
21310,21809,1
21340,22096,1
21470,22575,1
21606,22111,1
21727,21807,1
21879,22434,1
21886,22331,1
22045,22508,1
22055,22189,1
5,21643,2
7,9374,2
7,11065,2
7,15816,2
17,728,2
17,6658,2
17,18727,2
17,21358,2
19,278,2
19,3797,2
19,4350,2
19,14683,2
19,14855,2
19,16287,2
19,21859,2
25,18338,2
25,18529,2
25,20872,2
25,21140,2
26,2870,2
26,3112,2
26,3938,2
26,5043,2
26,5711,2
26,8758,2
26,8884,2
26,9870,2
26,9978,2
26,10708,2
26,10940,2
26,12749,2
26,18097,2
26,18485,2
36,10808,2
36,19754,2
50,1193,2
50,3979,2
50,5190,2
50,6194,2
74,13697,2
81,13199,2
81,19633,2
90,1267,2
90,13851,2
90,22068,2
94,3914,2
94,5270,2
94,20708,2
96,2751,2
96,11669,2
111,11172,2
111,12669,2
120,1473,2
121,1525,2
121,22383,2
123,9568,2
132,5441,2
132,6664,2
132,16341,2
132,19806,2
133,7709,2
134,17398,2
134,18153,2
134,19354,2
134,19762,2
143,2999,2
143,8885,2
143,15245,2
143,19882,2
143,21762,2
149,7500,2
149,8875,2
149,12107,2
149,15079,2
149,15567,2
149,17283,2
149,18630,2
149,20848,2
188,4902,2
188,14208,2
208,21906,2
223,5085,2
223,16501,2
234,13631,2
234,20133,2
242,15930,2
245,2125,2
245,10889,2
245,14225,2
245,16946,2
251,5600,2
251,10794,2
278,353,2
278,9837,2
278,14775,2
278,17847,2
280,12220,2
282,6442,2
282,9757,2
282,9766,2
282,20804,2
293,5563,2
295,21928,2
301,2766,2
301,8068,2
301,8460,2
301,11713,2
301,13830,2
301,18514,2
308,17251,2
318,463,2
318,10780,2
319,17278,2
323,2491,2
323,4296,2
323,12929,2
323,13921,2
323,14377,2
325,6788,2
325,10704,2
325,17332,2
325,17643,2
327,20788,2
332,2905,2
334,4094,2
334,10098,2
334,20798,2
338,6696,2
338,8491,2
353,1491,2
353,4350,2
353,14775,2
353,18436,2
358,16577,2
361,16368,2
361,17582,2
373,18254,2
374,2711,2
374,3640,2
374,9477,2
374,12901,2
374,15597,2
374,18547,2
374,19717,2
374,20366,2
407,1631,2
407,7204,2
407,12494,2
407,19232,2
407,20072,2
407,22472,2
425,3940,2
425,5802,2
425,9950,2
425,13168,2
425,16691,2
425,19814,2
425,20020,2
425,22076,2
426,2088,2
426,2622,2
426,13958,2
426,18887,2
426,19719,2
426,21421,2
432,12590,2
432,20845,2
441,20140,2
454,3483,2
463,10780,2
463,15755,2
464,3781,2
464,8625,2
464,10512,2
476,13332,2
476,20091,2
482,2719,2
482,2870,2
482,3112,2
482,3540,2
482,4641,2
482,5711,2
482,8758,2
482,8884,2
482,10708,2
482,10940,2
482,11868,2
482,18097,2
482,18849,2
482,22540,2
484,692,2
484,782,2
484,7622,2
484,10142,2
484,11276,2
484,13078,2
484,16888,2
484,19901,2
490,4039,2
490,6272,2
494,4355,2
496,9055,2
518,1492,2
518,4304,2
523,7651,2
523,13933,2
530,19170,2
531,10609,2
546,1527,2
546,3074,2
546,13796,2
546,17479,2
546,18915,2
546,20086,2
556,589,2
556,776,2
556,5670,2
556,6019,2
556,7157,2
556,8162,2
556,10673,2
556,13803,2
556,15842,2
556,18774,2
556,19714,2
556,20528,2
556,22126,2
556,22675,2
576,4545,2
576,4559,2
576,12461,2
576,12704,2
576,13021,2
576,14305,2
576,14403,2
576,15051,2
576,15592,2
576,18813,2
576,20048,2
576,20679,2
589,5670,2
589,6019,2
589,7157,2
589,13803,2
589,19997,2
601,2336,2
601,21322,2
602,12844,2
624,6459,2
625,6339,2
625,22504,2
626,11195,2
626,22241,2
631,10941,2
665,6992,2
681,12260,2
682,4167,2
682,15364,2
682,16741,2
683,2225,2
683,11439,2
692,6824,2
692,7457,2
692,7622,2
692,10173,2
692,15351,2
692,19970,2
695,2711,2
695,3640,2
695,4414,2
695,11121,2
695,15785,2
695,18932,2
698,11303,2
704,1607,2
704,7086,2
704,9784,2
704,12845,2
704,17588,2
704,21879,2
704,22434,2
717,16237,2
717,21600,2
728,1487,2
728,6534,2
728,7292,2
728,8096,2
728,11225,2
728,12240,2
728,21255,2
730,5133,2
730,19102,2
748,5822,2
750,2679,2
750,13333,2
773,12322,2
776,8162,2
776,9154,2
776,18968,2
776,19714,2
776,19997,2
776,22126,2
776,22675,2
778,22176,2
782,6824,2
782,7457,2
782,7622,2
782,10142,2
782,10173,2
782,15351,2
782,19970,2
783,5859,2
783,11882,2
810,8775,2
810,14851,2
811,13671,2
811,22635,2
847,4439,2
867,11113,2
867,14520,2
882,3720,2
883,11782,2
887,20149,2
887,22029,2
889,22005,2
894,2673,2
894,13636,2
894,15572,2
894,16069,2
894,21729,2
898,3914,2
898,5270,2
898,20708,2
900,8571,2
900,12430,2
900,20908,2
909,11152,2
909,12284,2
912,9635,2
912,10615,2
912,15910,2
912,18554,2
914,1527,2
914,3074,2
914,13796,2
914,17479,2
914,18915,2
914,20086,2
923,16359,2
944,1670,2
944,14843,2
944,18680,2
944,22170,2
948,20028,2
950,5600,2
950,10794,2
953,2041,2
953,2224,2
953,5624,2
953,11500,2
953,12490,2
953,19873,2
962,9263,2
962,18749,2
966,1307,2
966,9211,2
966,11920,2
966,21701,2
979,16067,2
979,18866,2
998,21483,2
1024,7901,2
1024,9776,2
1029,14871,2
1042,6520,2
1067,4173,2
1067,5873,2
1067,9647,2
1067,9868,2
1067,14363,2
1067,16685,2
1067,16828,2
1072,19046,2
1079,3556,2
1079,15498,2
1079,20716,2
1079,21218,2
1091,16309,2
1098,2758,2
1098,14726,2
1103,3086,2
1103,8029,2
1103,9348,2
1103,13223,2
1103,14630,2
1103,17389,2
1103,20326,2
1103,20733,2
1105,19727,2
1107,9540,2
1113,2882,2
1113,3120,2
1113,5696,2
1113,7589,2
1113,13320,2
1113,13864,2
1113,21011,2
1125,1262,2
1127,3067,2
1127,7470,2
1128,1941,2
1128,17672,2
1131,4037,2
1131,18223,2
1137,4532,2
1137,9098,2
1137,9477,2
1137,10955,2
1137,12853,2
1137,19717,2
1139,6290,2
1139,12090,2
1139,13232,2
1139,15040,2
1147,6394,2
1158,4658,2
1158,15572,2
1163,3552,2
1168,10171,2
1168,10639,2
1168,11953,2
1168,12415,2
1168,13556,2
1168,14405,2
1168,14481,2
1175,5460,2
1175,12744,2
1175,15398,2
1183,19092,2
1193,17181,2
1198,15394,2
1200,3600,2
1207,9122,2
1207,14613,2
1208,10356,2
1208,17290,2
1226,8693,2
1232,10407,2
1232,18433,2
1238,12342,2
1245,17335,2
1262,20029,2
1267,22068,2
1275,17398,2
1275,18153,2
1275,19354,2
1275,19762,2
1283,9180,2
1284,13002,2
1304,12376,2
1307,3595,2
1307,9211,2
1307,11920,2
1307,21442,2
1312,1574,2
1312,17036,2
1312,18751,2
1312,19019,2
1319,3511,2
1319,20183,2
1322,22071,2
1331,10756,2
1331,15510,2
1339,7810,2
1339,11331,2
1339,20338,2
1340,2141,2
1340,3544,2
1340,17442,2
1349,13115,2
1349,15850,2
1354,5627,2
1363,12545,2
1363,22330,2
1394,4770,2
1394,13985,2
1394,21075,2
1394,21914,2
1399,5678,2
1399,17397,2
1403,5083,2
1403,5609,2
1403,11643,2
1403,16357,2
1412,6380,2
1413,5484,2
1413,14365,2
1414,2040,2
1414,2451,2
1414,2579,2
1414,2988,2
1414,4317,2
1414,6518,2
1414,7282,2
1414,12601,2
1414,12975,2
1414,13330,2
1414,14059,2
1414,20767,2
1420,14522,2
1421,2965,2
1431,4930,2
1433,3511,2
1433,20183,2
1435,7672,2
1435,7713,2
1435,8466,2
1435,13477,2
1435,13718,2
1435,14049,2
1435,17393,2
1435,18736,2
1440,17530,2
1440,19168,2
1461,11249,2
1461,15013,2
1480,8914,2
1487,6658,2
1487,18727,2
1487,21358,2
1488,3112,2
1488,3540,2
1488,4641,2
1488,5711,2
1488,8758,2
1488,10708,2
1488,11868,2
1488,18097,2
1488,18849,2
1488,22540,2
1491,3797,2
1491,4350,2
1491,14855,2
1491,16287,2
1491,21859,2
1492,2477,2
1501,3449,2
1521,2358,2
1521,9738,2
1525,11257,2
1527,13796,2
1527,17479,2
1527,20086,2
1529,4161,2
1529,21800,2
1540,9836,2
1540,19736,2
1559,8013,2
1559,9454,2
1563,5166,2
1563,12333,2
1565,2390,2
1565,22557,2
1574,2852,2
1574,8221,2
1574,15564,2
1574,18751,2
1583,5876,2
1583,14142,2
1583,20659,2
1583,21040,2
1585,2751,2
1585,11669,2
1593,11149,2
1601,5460,2
1601,12744,2
1601,15398,2
1601,18921,2
1604,13029,2
1604,13276,2
1604,14527,2
1607,5378,2
1607,10893,2
1607,18942,2
1626,2394,2
1631,20791,2
1634,6380,2
1643,12660,2
1643,14881,2
1643,19034,2
1655,14258,2
1667,6396,2
1667,9686,2
1670,4370,2
1670,11516,2
1670,12643,2
1683,2883,2
1683,15411,2
1708,8154,2
1708,15951,2
1730,20391,2
1744,4116,2
1744,8093,2
1754,3715,2
1754,7955,2
1760,2491,2
1760,4296,2
1760,12929,2
1760,13921,2
1786,17090,2
1786,20636,2
1789,7525,2
1799,4365,2
1799,13917,2
1803,13162,2
1808,6459,2
1832,4524,2
1832,7430,2
1832,7623,2
1839,21813,2
1840,5339,2
1840,6444,2
1840,8713,2
1841,16553,2
1845,6369,2
1845,9952,2
1845,16379,2
1845,20095,2
1848,14156,2
1851,5876,2
1851,14142,2
1851,14788,2
1851,19351,2
1853,10878,2
1853,14676,2
1853,17219,2
1853,21267,2
1858,2088,2
1858,2622,2
1858,13958,2
1858,18887,2
1858,19719,2
1858,21421,2
1869,6510,2
1869,21203,2
1877,15568,2
1877,18258,2
1880,4042,2
1880,9928,2
1880,11578,2
1880,12200,2
1892,11522,2
1892,18762,2
1892,20415,2
1895,19912,2
1912,7835,2
1920,15392,2
1934,4798,2
1941,18582,2
1962,2719,2
1962,2870,2
1962,3540,2
1962,3938,2
1962,4641,2
1962,8758,2
1962,8884,2
1962,10708,2
1962,10940,2
1962,11868,2
1962,12749,2
1962,18097,2
1962,18849,2
1962,22540,2
1963,7423,2
1963,19850,2
1965,6965,2
1965,15949,2
1965,17296,2
1972,10394,2
1972,22399,2
1978,5543,2
1979,2762,2
1979,2852,2
1979,4776,2
1979,6596,2
1979,11117,2
1979,19019,2
1984,13736,2
1990,6737,2
1990,22654,2
2001,16934,2
2001,19477,2
2007,17076,2
2011,7724,2
2014,2882,2
2014,5465,2
2014,13320,2
2014,13864,2
2014,16951,2
2025,6269,2
2025,16953,2
2040,2284,2
2040,3195,2
2040,9411,2
2040,9749,2
2040,9957,2
2040,11741,2
2040,12424,2
2040,13364,2
2040,13665,2
2040,21692,2
2041,5624,2
2041,11500,2
2041,17242,2
2042,7672,2
2042,7713,2
2042,19686,2
2048,15724,2
2048,16730,2
2050,12218,2
2050,16247,2
2056,7394,2
2056,8586,2
2056,14746,2
2056,15073,2
2056,21466,2
2056,22276,2
2065,7488,2
2065,22259,2
2072,4675,2
2072,7136,2
2072,8664,2
2072,17386,2
2088,2622,2
2088,18887,2
2092,18488,2
2113,5226,2
2125,10889,2
2125,16946,2
2131,9478,2
2141,3544,2
2141,17442,2
2151,3856,2
2151,4227,2
2151,4752,2
2151,6659,2
2151,9866,2
2151,12480,2
2151,14495,2
2151,14682,2
2151,14952,2
2151,17069,2
2151,19275,2
2151,20115,2
2152,19052,2
2153,9374,2
2153,11065,2
2153,15816,2
2160,9677,2
2160,20714,2
2175,9859,2
2198,7353,2
2202,16703,2
2213,10171,2
2213,10639,2
2213,11953,2
2213,12415,2
2213,13556,2
2213,14405,2
2213,14481,2
2221,14991,2
2221,18787,2
2222,21135,2
2223,17827,2
2223,17850,2
2224,5624,2
2224,11500,2
2224,17242,2
2225,7264,2
2225,10291,2
2225,11459,2
2225,22447,2
2233,4967,2
2233,16679,2
2235,4770,2
2235,13985,2
2235,21075,2
2235,21914,2
2243,7143,2
2247,10493,2
2250,3495,2
2250,8521,2
2250,17267,2
2250,21266,2
2262,9987,2
2262,15680,2
2270,8072,2
2284,2376,2
2284,2988,2
2284,4916,2
2284,9411,2
2284,9749,2
2284,12424,2
2284,12975,2
2284,13364,2
2284,13665,2
2284,21692,2
2289,11697,2
2289,12155,2
2298,5425,2
2298,17295,2
2298,22407,2
2298,22522,2
2302,7691,2
2304,8647,2
2304,9176,2
2304,10025,2
2304,11855,2
2320,5901,2
2320,9991,2
2336,9104,2
2339,4465,2
2342,5236,2
2342,13520,2
2356,20277,2
2362,5188,2
2362,21272,2
2365,6627,2
2365,10461,2
2375,13554,2
2375,13587,2
2376,3195,2
2376,9411,2
2376,9749,2
2376,9957,2
2376,11741,2
2376,11771,2
2376,12424,2
2376,13364,2
2376,13665,2
2376,20220,2
2376,21692,2
2389,2581,2
2390,21416,2
2391,10555,2
2398,12748,2
2398,20968,2
2404,17861,2
2406,3633,2
2408,14871,2
2416,12191,2
2416,13897,2
2427,8755,2
2433,8692,2
2436,5083,2
2436,5609,2
2436,11643,2
2436,16357,2
2445,3729,2
2445,4963,2
2445,9501,2
2445,10701,2
2445,20690,2
2451,2988,2
2451,3195,2
2451,4317,2
2451,6518,2
2451,9411,2
2451,9957,2
2451,11771,2
2451,12975,2
2451,13330,2
2451,14059,2
2451,20220,2
2451,21692,2
2453,4837,2
2453,13522,2
2457,17022,2
2470,3138,2
2473,18900,2
2473,21897,2
2477,4304,2
2480,20140,2
2491,4296,2
2491,14599,2
2514,6117,2
2514,12689,2
2514,14082,2
2520,21043,2
2546,2852,2
2546,3964,2
2546,4757,2
2546,18738,2
2548,7073,2
2548,9031,2
2555,6778,2
2555,7220,2
2555,10473,2
2555,19452,2
2579,2988,2
2579,3195,2
2579,4317,2
2579,6518,2
2579,9749,2
2579,9957,2
2579,11771,2
2579,12424,2
2579,12975,2
2579,13330,2
2579,14059,2
2579,20220,2
2584,15192,2
2597,8397,2
2597,11638,2
2614,5914,2
2615,11973,2
2622,6702,2
2622,13424,2
2622,13958,2
2622,19719,2
2622,21421,2
2624,12622,2
2627,13897,2
2627,17366,2
2639,3940,2
2639,5802,2
2639,9950,2
2639,13168,2
2639,16691,2
2639,19814,2
2639,20020,2
2639,22076,2
2652,10194,2
2652,16924,2
2652,21936,2
2657,15153,2
2658,9635,2
2658,10615,2
2658,15910,2
2658,18554,2
2663,5441,2
2663,6664,2
2663,16341,2
2663,19806,2
2664,12821,2
2673,4658,2
2673,9157,2
2673,13636,2
2673,15572,2
2673,21729,2
2679,9891,2
2689,19811,2
2691,10353,2
2691,10938,2
2691,14163,2
2702,13513,2
2702,15577,2
2702,20173,2
2708,5262,2
2708,11760,2
2708,16033,2
2708,17550,2
2708,20839,2
2711,6684,2
2711,9477,2
2711,12454,2
2711,12730,2
2711,12901,2
2711,15597,2
2711,15785,2
2711,18547,2
2711,18932,2
2711,19575,2
2711,19717,2
2711,20366,2
2719,2870,2
2719,2931,2
2719,4641,2
2719,8758,2
2719,9870,2
2719,14612,2
2719,18097,2
2719,18485,2
2719,20665,2
2719,22540,2
2740,4891,2
2751,11669,2
2758,14726,2
2762,6758,2
2766,3369,2
2766,8068,2
2766,8460,2
2766,11713,2
2766,13830,2
2792,12821,2
2792,22632,2
2800,6188,2
2818,10634,2
2818,14901,2
2818,18179,2
2819,12220,2
2819,13596,2
2819,15268,2
2832,8438,2
2847,9375,2
2847,16445,2
2851,20277,2
2852,3964,2
2869,6719,2
2869,8688,2
2870,2931,2
2870,3540,2
2870,11868,2
2870,14612,2
2870,16209,2
2870,16364,2
2870,18849,2
2870,19138,2
2870,20665,2
2882,3120,2
2882,5696,2
2882,7589,2
2882,13320,2
2882,15617,2
2882,18692,2
2882,21011,2
2883,15411,2
2887,4601,2
2887,6167,2
2889,17488,2
2890,10562,2
2899,10153,2
2899,19669,2
2905,10579,2
2919,6104,2
2927,13035,2
2931,3540,2
2931,3938,2
2931,4641,2
2931,8758,2
2931,8884,2
2931,10708,2
2931,10940,2
2931,11868,2
2931,12749,2
2931,18097,2
2931,18849,2
2931,22540,2
2934,4787,2
2956,3017,2
2956,14730,2
2956,20607,2
2956,20875,2
2965,16036,2
2988,3195,2
2988,7282,2
2988,9957,2
2988,11741,2
2988,11771,2
2988,12601,2
2988,19210,2
2988,20220,2
2988,20767,2
2998,5753,2
2999,8885,2
2999,9894,2
2999,13656,2
2999,18357,2
2999,18419,2
2999,21762,2
2999,22510,2
3017,9568,2
3017,11002,2
3017,14730,2
3017,20607,2
3019,4737,2
3019,19513,2
3028,22176,2
3049,20816,2
3067,17585,2
3074,10520,2
3074,11609,2
3074,15671,2
3074,18915,2
3084,4138,2
3084,14051,2
3084,15969,2
3084,21166,2
3086,8029,2
3086,8431,2
3086,9318,2
3086,10062,2
3086,14630,2
3086,17389,2
3086,20733,2
3091,16748,2
3112,3807,2
3112,9978,2
3112,14612,2
3112,15921,2
3112,16209,2
3112,16364,2
3112,18485,2
3112,19138,2
3112,20665,2
3115,4514,2
3115,9734,2
3120,13864,2
3120,15617,2
3146,6091,2
3155,6933,2
3159,10475,2
3159,21507,2
3163,11842,2
3173,9635,2
3173,10615,2
3173,15910,2
3173,18554,2
3175,3984,2
3175,17218,2
3178,10416,2
3178,12650,2
3183,5634,2
3183,10105,2
3183,10896,2
3183,11608,2
3183,11735,2
3183,18060,2
3190,4408,2
3190,11370,2
3190,22055,2
3190,22189,2
3195,4916,2
3195,7282,2
3195,12601,2
3195,12975,2
3195,13330,2
3195,14059,2
3195,19210,2
3195,20767,2
3208,11829,2
3208,15798,2
3210,13472,2
3218,9180,2
3227,5823,2
3235,4611,2
3235,6496,2
3235,9964,2
3235,10914,2
3237,16890,2
3248,19621,2
3288,11209,2
3297,5758,2
3297,18679,2
3297,20121,2
3305,5703,2
3308,11727,2
3333,15621,2
3338,9694,2
3338,14697,2
3348,4506,2
3348,12684,2
3348,13753,2
3348,14110,2
3348,14401,2
3348,21682,2
3362,10786,2
3365,5441,2
3365,6664,2
3365,16341,2
3365,19806,2
3369,8068,2
3369,11713,2
3369,13830,2
3369,18514,2
3371,5232,2
3378,15508,2
3378,19598,2
3379,8236,2
3414,5083,2
3414,5609,2
3414,11643,2
3414,16357,2
3426,18299,2
3439,4445,2
3439,22039,2
3442,12376,2
3442,14908,2
3442,21981,2
3446,9118,2
3446,13487,2
3450,5273,2
3450,8875,2
3450,12107,2
3450,13308,2
3450,13964,2
3450,15079,2
3450,18630,2
3455,18883,2
3455,21872,2
3467,9020,2
3467,15903,2
3467,20982,2
3467,21520,2
3491,17377,2
3495,8521,2
3495,11484,2
3495,21066,2
3495,21266,2
3495,22043,2
3511,9078,2
3511,12150,2
3511,13085,2
3511,20682,2
3517,3713,2
3530,6853,2
3532,5634,2
3532,11608,2
3532,11735,2
3540,4641,2
3540,8758,2
3540,10708,2
3540,14612,2
3540,18097,2
3540,20665,2
3540,22540,2
3542,10195,2
3542,10908,2
3544,7631,2
3549,5754,2
3556,7150,2
3556,8318,2
3556,19535,2
3563,9396,2
3563,12054,2
3583,18535,2
3595,9211,2
3595,11920,2
3595,21701,2
3600,18802,2
3614,12419,2
3619,19300,2
3619,20829,2
3636,12673,2
3636,17189,2
3640,6684,2
3640,9477,2
3640,12454,2
3640,12730,2
3640,12901,2
3640,15597,2
3640,15785,2
3640,18547,2
3640,18932,2
3640,19575,2
3640,19717,2
3640,20366,2
3655,16884,2
3673,14138,2
3692,4345,2
3692,6705,2
3692,7903,2
3692,9748,2
3693,5636,2
3693,6693,2
3707,7130,2
3707,14385,2
3707,15116,2
3707,15405,2
3707,15678,2
3707,18685,2
3714,9398,2
3718,14436,2
3719,9063,2
3719,20512,2
3720,16793,2
3729,4963,2
3729,5848,2
3729,7217,2
3729,10701,2
3729,15366,2
3751,7140,2
3759,14327,2
3769,4601,2
3769,6167,2
3781,4889,2
3781,6173,2
3781,13878,2
3785,6877,2
3785,17468,2
3792,4545,2
3792,4559,2
3792,12461,2
3792,12704,2
3792,13021,2
3792,14305,2
3792,14403,2
3792,15051,2
3792,15592,2
3792,18813,2
3792,20048,2
3792,20679,2
3793,3818,2
3793,8427,2
3793,21715,2
3793,21718,2
3797,4350,2
3797,14683,2
3797,21859,2
3801,12724,2
3801,22376,2
3804,8037,2
3804,11172,2
3804,12669,2
3804,22238,2
3807,3938,2
3807,5043,2
3807,5711,2
3807,8758,2
3807,8884,2
3807,9870,2
3807,9978,2
3807,10940,2
3807,12749,2
3807,18097,2
3807,18485,2
3807,22540,2
3818,21715,2
3826,22017,2
3839,5891,2
3839,14684,2
3840,10339,2
3851,11548,2
3851,14257,2
3852,13057,2
3852,18885,2
3856,4227,2
3856,4752,2
3856,6659,2
3856,9883,2
3856,11542,2
3856,12480,2
3856,14383,2
3856,14682,2
3856,14952,2
3856,16588,2
3856,17069,2
3856,17629,2
3856,20115,2
3856,20624,2
3858,21082,2
3859,8053,2
3859,9184,2
3870,8203,2
3879,8734,2
3879,9275,2
3879,12426,2
3879,15213,2
3887,7394,2
3887,14746,2
3887,15073,2
3898,5766,2
3898,9844,2
3900,4103,2
3914,5183,2
3914,18903,2
3914,20186,2
3914,21618,2
3938,8758,2
3938,8884,2
3938,10940,2
3938,15921,2
3938,18097,2
3938,19138,2
3940,7745,2
3940,9950,2
3940,11032,2
3940,13168,2
3940,19814,2
3940,20020,2
3941,4545,2
3941,4559,2
3941,12461,2
3941,12704,2
3941,13021,2
3941,14305,2
3941,14403,2
3941,15051,2
3941,15592,2
3941,18813,2
3941,20048,2
3941,20679,2
3957,13637,2
3963,5262,2
3963,7464,2
3963,11760,2
3963,17550,2
3964,4776,2
3964,6596,2
3964,15564,2
3964,18751,2
3979,17181,2
3984,18220,2
3985,8163,2
4016,21389,2
4023,19503,2
4038,13754,2
4038,16728,2
4038,17742,2
4038,20677,2
4039,12967,2
4040,9119,2
4042,7818,2
4042,8294,2
4042,22492,2
4043,9961,2
4055,8345,2
4055,13097,2
4055,17126,2
4094,14895,2
4094,20542,2
4116,13280,2
4130,12199,2
4130,12957,2
4130,20685,2
4133,19385,2
4133,22244,2
4138,4495,2
4138,9261,2
4138,15969,2
4138,21166,2
4139,9154,2
4139,18968,2
4140,22430,2
4156,9843,2
4160,18271,2
4161,19420,2
4167,15364,2
4167,16741,2
4173,5273,2
4173,13308,2
4173,13964,2
4188,17653,2
4190,4616,2
4190,10602,2
4195,22634,2
4200,13540,2
4200,17309,2
4201,21714,2
4204,7473,2
4218,17543,2
4226,11589,2
4226,16062,2
4227,7452,2
4227,9866,2
4227,9883,2
4227,11542,2
4227,14383,2
4227,14495,2
4227,16588,2
4227,17629,2
4227,19275,2
4227,20624,2
4232,5206,2
4232,9923,2
4240,8383,2
4240,12037,2
4246,11150,2
4277,7414,2
4277,13449,2
4278,21036,2
4292,8711,2
4292,19065,2
4296,12929,2
4296,13921,2
4296,14377,2
4314,5862,2
4314,14737,2
4314,15873,2
4314,18176,2
4317,11771,2
4317,12601,2
4317,13364,2
4317,13665,2
4317,20220,2
4317,20767,2
4321,13359,2
4321,16934,2
4321,17594,2
4321,19477,2
4327,14878,2
4328,17934,2
4345,6705,2
4345,9748,2
4345,18811,2
4347,5678,2
4347,17397,2
4350,14775,2
4350,14855,2
4350,16287,2
4350,18436,2
4353,4827,2
4353,10451,2
4358,9291,2
4358,21288,2
4365,10702,2
4369,21122,2
4370,14843,2
4370,18680,2
4370,22170,2
4374,16630,2
4386,5892,2
4389,9325,2
4389,12527,2
4389,15052,2
4389,16523,2
4403,5339,2
4403,6444,2
4403,8713,2
4408,5391,2
4408,11370,2
4408,19247,2
4409,6226,2
4413,5050,2
4413,15689,2
4413,17176,2
4414,12454,2
4414,12730,2
4414,15785,2
4414,18932,2
4414,19575,2
4423,5643,2
4423,7783,2
4423,15342,2
4423,17090,2
4423,20636,2
4435,9282,2
4435,18777,2
4444,13987,2
4445,19510,2
4454,18273,2
4493,5921,2
4493,14077,2
4495,14051,2
4495,15969,2
4495,21166,2
4501,9325,2
4501,12527,2
4501,15052,2
4501,16523,2
4506,10770,2
4506,14946,2
4506,15011,2
4511,5845,2
4511,19942,2
4514,7125,2
4524,7623,2
4532,5995,2
4532,8385,2
4532,9098,2
4532,9477,2
4532,9727,2
4532,12730,2
4532,12853,2
4532,15597,2
4532,18547,2
4532,19575,2
4532,19717,2
4535,16028,2
4535,17061,2
4535,17979,2
4535,22095,2
4538,19756,2
4545,11019,2
4545,11814,2
4545,16965,2
4545,22045,2
4545,22508,2
4546,10413,2
4559,11019,2
4559,11814,2
4559,16965,2
4559,22045,2
4559,22508,2
4565,9764,2
4586,21002,2
4586,21797,2
4591,14970,2
4591,17316,2
4603,19072,2
4607,9395,2
4607,14807,2
4611,21162,2
4626,18210,2
4630,9730,2
4632,16028,2
4632,17061,2
4632,17979,2
4632,22095,2
4641,11868,2
4641,14612,2
4641,15921,2
4641,16209,2
4641,16364,2
4641,18849,2
4641,20665,2
4645,6249,2
4651,6712,2
4651,13677,2
4656,21864,2
4658,4886,2
4658,9157,2
4658,16069,2
4675,8664,2
4675,13065,2
4675,17386,2
4703,16485,2
4719,5379,2
4719,21587,2
4722,14130,2
4747,14068,2
4751,12979,2
4752,7452,2
4752,9883,2
4752,11542,2
4752,14383,2
4752,14495,2
4752,16588,2
4752,17629,2
4752,19275,2
4752,20624,2
4757,6596,2
4757,18751,2
4770,11355,2
4770,19798,2
4770,21075,2
4770,21914,2
4776,11117,2
4776,18738,2
4794,10418,2
4794,13912,2
4811,14111,2
4827,10451,2
4837,13522,2
4843,9436,2
4845,6218,2
4845,15581,2
4845,16859,2
4845,19553,2
4845,22387,2
4853,7257,2
4853,9239,2
4853,14042,2
4886,15572,2
4887,9974,2
4887,14706,2
4889,10512,2
4902,6724,2
4909,11249,2
4909,15013,2
4916,9411,2
4916,9749,2
4916,9957,2
4916,11741,2
4916,11771,2
4916,12424,2
4916,13364,2
4916,13665,2
4916,20220,2
4916,21692,2
4923,8985,2
4923,15150,2
4949,5765,2
4954,5570,2
4954,7400,2
4954,7435,2
4954,10452,2
4954,22524,2
4954,22687,2
4957,19133,2
4960,11150,2
4963,9765,2
4963,15134,2
4963,21068,2
4964,11745,2
4964,13195,2
4964,17297,2
4964,20149,2
4964,22029,2
4967,12098,2
4967,15692,2
4967,18030,2
4968,17241,2
4973,17325,2
4976,11847,2
4984,8078,2
4984,21056,2
4986,5088,2
4986,21090,2
4987,11958,2
4987,22462,2
4999,10353,2
5001,15157,2
5040,22538,2
5043,5711,2
5043,9870,2
5043,10940,2
5043,15921,2
5043,16209,2
5043,18485,2
5043,19138,2
5060,16607,2
5069,6815,2
5071,21519,2
5075,12785,2
5077,11282,2
5078,8538,2
5078,16775,2
5078,19870,2
5078,21403,2
5085,7675,2
5088,6888,2
5088,10317,2
5088,14239,2
5097,10563,2
5105,6098,2
5105,7669,2
5105,13751,2
5105,16821,2
5105,20872,2
5129,5925,2
5138,14258,2
5149,15504,2
5160,5431,2
5160,12133,2
5160,20226,2
5162,11636,2
5166,12333,2
5166,12662,2
5168,5729,2
5168,13128,2
5183,5270,2
5183,20708,2
5188,5788,2
5190,17181,2
5206,9923,2
5206,17778,2
5206,19024,2
5207,10625,2
5207,10836,2
5211,7037,2
5226,9517,2
5230,7346,2
5236,13520,2
5238,16179,2
5247,13066,2
5258,7331,2
5262,17550,2
5264,14583,2
5269,10624,2
5269,20832,2
5270,18903,2
5270,20186,2
5270,21618,2
5273,9647,2
5273,9868,2
5273,14363,2
5273,16685,2
5273,16828,2
5331,14219,2
5339,20589,2
5339,22595,2
5372,14538,2
5375,11583,2
5375,12199,2
5375,12957,2
5375,20685,2
5378,7086,2
5378,9784,2
5378,12845,2
5378,17588,2
5378,20009,2
5378,21879,2
5379,9397,2
5385,11399,2
5391,11370,2
5391,22055,2
5391,22189,2
5397,12394,2
5425,17707,2
5425,19309,2
5425,22604,2
5431,8823,2
5431,12108,2
5435,20140,2
5460,5660,2
5460,6324,2
5460,6732,2
5460,7966,2
5460,8958,2
5460,16519,2
5465,18692,2
5465,21011,2
5474,15881,2
5484,10362,2
5500,14388,2
5524,10203,2
5527,13097,2
5527,17126,2
5527,18571,2
5545,19168,2
5548,7832,2
5548,12639,2
5548,12966,2
5548,17773,2
5554,18996,2
5570,7435,2
5570,13900,2
5571,18954,2
5586,8281,2
5586,9187,2
5586,13751,2
5586,19219,2
5589,9415,2
5620,12746,2
5624,9788,2
5624,9815,2
5624,12490,2
5624,17242,2
5624,19873,2
5632,18658,2
5634,8878,2
5634,9722,2
5634,10105,2
5634,10896,2
5634,11608,2
5634,11735,2
5634,13749,2
5634,16404,2
5636,6693,2
5637,7835,2
5640,14662,2
5640,18162,2
5643,7783,2
5643,12976,2
5643,17090,2
5643,20636,2
5660,12744,2
5660,15398,2
5660,18921,2
5663,16953,2
5670,8162,2
5670,9154,2
5670,18774,2
5670,18968,2
5670,19714,2
5670,19997,2
5670,22126,2
5670,22675,2
5678,9959,2
5678,13312,2
5696,13864,2
5696,15617,2
5696,18692,2
5711,9870,2
5711,9978,2
5711,14612,2
5711,15921,2
5711,16209,2
5711,16364,2
5711,18485,2
5711,19138,2
5711,20665,2
5719,13382,2
5719,19068,2
5721,15506,2
5729,9955,2
5729,21536,2
5739,7081,2
5744,17968,2
5758,9051,2
5758,15103,2
5758,19834,2
5766,13149,2
5767,17319,2
5767,18362,2
5767,22288,2
5771,11583,2
5771,12199,2
5771,12957,2
5771,20685,2
5788,21272,2
5802,7745,2
5802,9950,2
5802,11032,2
5802,13168,2
5802,19814,2
5802,20020,2
5807,17207,2
5808,11115,2
5814,9323,2
5814,18395,2
5836,19606,2
5848,9765,2
5848,10701,2
5848,15366,2
5848,18139,2
5848,21068,2
5858,13450,2
5859,11882,2
5862,8714,2
5862,9223,2
5862,20741,2
5866,15002,2
5870,12970,2
5873,13308,2
5873,13964,2
5876,20659,2
5891,15012,2
5900,11642,2
5901,13786,2
5901,19079,2
5905,16463,2
5914,21526,2
5920,22538,2
5930,17986,2
5931,7669,2
5931,8281,2
5935,8037,2
5935,11172,2
5935,12669,2
5935,22238,2
5936,7956,2
5936,18611,2
5942,6171,2
5967,14298,2
5967,22214,2
5968,19649,2
5968,20981,2
5995,9098,2
5995,9477,2
5995,10955,2
5995,12812,2
5995,12853,2
5995,13759,2
5995,19717,2
6019,8162,2
6019,10673,2
6019,15842,2
6019,18774,2
6019,19997,2
6019,22126,2
6028,20603,2
6036,16938,2
6036,18407,2
6059,13163,2
6059,16045,2
6060,8612,2
6060,9373,2
6060,9813,2
6061,21572,2
6064,19727,2
6086,8260,2
6086,10657,2
6086,22319,2
6097,11605,2
6097,14307,2
6117,12626,2
6117,12689,2
6117,12823,2
6117,14082,2
6123,13698,2
6123,15381,2
6127,7349,2
6127,7709,2
6127,8750,2
6127,19706,2
6129,20404,2
6140,22153,2
6173,8625,2
6173,10512,2
6173,21938,2
6189,21060,2
6194,17181,2
6202,17345,2
6204,13332,2
6204,20091,2
6211,7329,2
6214,17325,2
6215,10828,2
6215,14506,2
6218,15581,2
6218,21225,2
6218,21643,2
6225,17228,2
6225,22079,2
6226,16769,2
6230,16537,2
6233,21551,2
6260,10673,2
6260,15842,2
6272,12967,2
6290,12090,2
6290,15040,2
6290,15548,2
6308,10256,2
6308,10291,2
6308,11439,2
6308,18368,2
6308,22447,2
6324,12744,2
6324,15398,2
6327,19727,2
6342,9325,2
6342,12527,2
6342,15052,2
6342,16523,2
6345,6689,2
6345,14004,2
6345,18643,2
6369,10905,2
6369,15607,2
6369,19012,2
6379,11958,2
6379,22462,2
6384,18883,2
6384,21872,2
6396,9686,2
6413,9558,2
6413,22565,2
6416,11220,2
6416,22432,2
6433,10055,2
6433,22278,2
6442,14043,2
6442,15115,2
6442,17038,2
6444,20589,2
6444,22595,2
6446,6873,2
6454,14672,2
6458,15482,2
6458,20348,2
6461,13786,2
6483,9357,2
6483,11388,2
6483,15094,2
6483,21178,2
6486,16086,2
6495,9170,2
6495,9514,2
6496,21162,2
6510,21203,2
6511,16738,2
6516,6824,2
6516,8229,2
6516,11437,2
6516,13363,2
6516,15351,2
6516,16044,2
6516,19970,2
6518,12601,2
6518,13364,2
6518,13665,2
6518,20220,2
6518,20767,2
6526,21338,2
6534,6658,2
6534,18727,2
6534,21358,2
6541,11489,2
6541,16590,2
6554,13029,2
6554,13276,2
6554,14527,2
6587,21977,2
6596,15564,2
6596,18738,2
6596,19019,2
6615,21129,2
6627,19374,2
6647,12009,2
6647,20999,2
6652,14862,2
6658,7292,2
6658,8096,2
6658,11225,2
6658,12240,2
6658,21255,2
6659,7452,2
6659,9866,2
6659,9883,2
6659,11542,2
6659,14383,2
6659,14495,2
6659,16588,2
6659,17629,2
6659,19275,2
6659,20624,2
6663,8167,2
6664,18912,2
6671,6754,2
6684,9477,2
6684,12901,2
6684,15597,2
6684,18547,2
6684,19717,2
6684,20366,2
6689,14004,2
6689,15118,2
6696,8491,2
6702,18672,2
6702,18887,2
6702,21634,2
6705,7903,2
6705,18811,2
6708,12612,2
6712,13677,2
6719,8688,2
6723,22385,2
6724,14208,2
6732,12744,2
6732,15398,2
6732,18921,2
6737,20174,2
6750,9093,2
6751,11794,2
6754,22297,2
6758,9987,2
6761,18129,2
6765,9446,2
6765,16442,2
6778,7220,2
6778,9701,2
6778,10473,2
6788,19329,2
6801,10515,2
6801,18658,2
6806,19692,2
6819,22364,2
6824,7622,2
6824,10142,2
6824,18583,2
6825,8571,2
6825,12430,2
6825,20908,2
6827,8538,2
6827,16775,2
6827,19870,2
6827,21403,2
6831,7727,2
6871,8143,2
6872,10356,2
6872,17290,2
6873,17067,2
6877,9262,2
6888,21090,2
6895,11091,2
6957,8174,2
6965,15949,2
6965,17296,2
6972,10821,2
6972,11145,2
6992,13273,2
6992,15046,2
7000,8571,2
7000,12430,2
7000,20908,2
7026,13754,2
7026,16728,2
7026,17742,2
7026,20677,2
7065,18861,2
7073,9835,2
7086,10893,2
7086,18942,2
7099,10729,2
7103,11111,2
7110,8509,2
7119,19678,2
7125,9734,2
7130,9353,2
7136,8664,2
7136,13065,2
7136,17386,2
7140,10039,2
7146,17324,2
7150,15498,2
7157,8162,2
7157,9154,2
7157,18774,2
7157,18968,2
7157,19714,2
7157,19997,2
7157,22126,2
7157,22675,2
7169,11522,2
7169,18762,2
7169,20415,2
7177,20421,2
7204,20791,2
7209,13483,2
7209,14793,2
7209,19576,2
7209,19923,2
7211,10562,2
7215,13754,2
7215,16728,2
7215,17742,2
7215,20677,2
7217,9501,2
7217,9765,2
7217,10345,2
7217,10701,2
7217,15366,2
7217,18139,2
7217,21068,2
7220,9701,2
7220,19452,2
7257,12081,2
7257,16353,2
7259,11921,2
7259,16797,2
7259,21178,2
7264,11439,2
7266,9523,2
7266,20833,2
7271,9080,2
7271,9300,2
7278,20337,2
7282,9411,2
7282,9749,2
7282,9957,2
7282,12424,2
7282,12975,2
7282,13330,2
7282,14059,2
7282,21692,2
7289,22518,2
7292,18727,2
7292,21358,2
7303,14384,2
7303,20031,2
7328,19385,2
7328,22244,2
7349,7709,2
7349,12708,2
7376,16217,2
7390,16773,2
7392,8618,2
7393,22246,2
7394,14746,2
7394,15073,2
7396,15902,2
7400,10452,2
7400,17619,2
7406,9333,2
7407,8401,2
7407,12251,2
7407,16303,2
7414,16198,2
7417,15857,2
7424,11583,2
7424,12199,2
7424,12957,2
7424,20685,2
7430,7623,2
7435,10452,2
7435,13900,2
7452,9866,2
7452,12480,2
7452,14495,2
7452,14682,2
7452,14952,2
7452,17069,2
7452,19275,2
7452,20115,2
7457,7622,2
7457,10142,2
7457,18583,2
7462,10673,2
7462,15842,2
7464,19747,2
7470,17585,2
7482,12505,2
7482,13236,2
7487,9115,2
7487,12620,2
7487,18797,2
7488,18096,2
7488,22259,2
7500,8875,2
7500,12107,2
7500,13981,2
7500,15079,2
7500,18630,2
7500,19073,2
7500,22007,2
7508,17611,2
7513,12978,2
7521,13775,2
7538,21074,2
7540,17508,2
7547,11859,2
7547,12404,2
7558,21284,2
7560,12724,2
7560,22376,2
7561,9003,2
7589,13864,2
7589,15617,2
7589,16951,2
7622,13078,2
7622,15351,2
7622,19901,2
7622,19970,2
7631,17442,2
7642,12218,2
7642,16247,2
7647,10737,2
7651,16053,2
7669,13751,2
7669,21140,2
7672,8466,2
7672,19686,2
7672,21874,2
7675,16501,2
7695,10256,2
7695,10291,2
7695,18368,2
7695,22447,2
7709,8750,2
7709,12708,2
7709,21443,2
7713,10912,2
7713,17393,2
7713,18736,2
7713,19744,2
7715,10755,2
7720,14068,2
7724,8170,2
7724,19915,2
7727,21109,2
7731,9829,2
7738,17377,2
7738,18191,2
7742,13540,2
7742,17309,2
7745,9950,2
7745,13168,2
7745,16691,2
7745,19814,2
7745,20020,2
7745,22076,2
7749,8538,2
7749,16775,2
7749,19870,2
7749,21403,2
7783,12976,2
7783,15342,2
7783,17090,2
7783,20636,2
7785,16020,2
7785,19162,2
7795,7845,2
7808,13592,2
7810,7879,2
7810,11331,2
7810,12560,2
7810,20338,2
7810,22109,2
7817,22097,2
7818,9928,2
7818,11578,2
7818,12200,2
7832,12639,2
7832,12966,2
7832,19674,2
7840,11162,2
7845,9066,2
7849,11113,2
7849,14520,2
7865,8136,2
7879,11331,2
7879,20338,2
7893,15954,2
7903,9748,2
7903,18811,2
7961,11686,2
7966,12744,2
7966,15398,2
7966,18921,2
7968,8221,2
8013,8597,2
8029,8431,2
8029,9318,2
8029,9348,2
8029,10062,2
8029,13223,2
8029,20326,2
8053,16729,2
8068,18514,2
8078,9044,2
8093,13280,2
8096,18727,2
8096,21358,2
8114,12322,2
8115,8620,2
8135,8480,2
8135,10436,2
8135,17269,2
8135,18966,2
8136,20168,2
8162,13803,2
8162,19997,2
8162,20528,2
8170,19915,2
8174,8864,2
8201,12402,2
8221,15564,2
8221,19019,2
8225,11177,2
8229,11437,2
8229,13363,2
8229,18583,2
8243,16782,2
8248,9446,2
8248,16442,2
8251,11005,2
8251,19447,2
8260,10657,2
8281,19219,2
8281,21140,2
8292,9091,2
8292,17482,2
8292,19491,2
8294,9928,2
8294,11578,2
8294,12200,2
8314,10750,2
8315,18869,2
8318,15498,2
8333,15482,2
8333,20348,2
8340,16659,2
8345,12060,2
8345,21525,2
8372,10761,2
8372,15908,2
8383,12037,2
8385,9098,2
8385,9477,2
8385,10955,2
8385,12853,2
8385,19717,2
8397,13265,2
8401,12251,2
8401,12958,2
8401,16303,2
8427,21718,2
8431,9348,2
8431,13223,2
8431,14630,2
8431,17389,2
8431,20326,2
8431,20733,2
8454,11259,2
8454,11991,2
8454,13537,2
8454,13586,2
8454,14745,2
8454,15276,2
8454,15935,2
8454,18191,2
8460,18514,2
8461,19302,2
8466,13477,2
8466,13718,2
8466,21874,2
8469,14541,2
8480,10436,2
8480,18966,2
8480,20689,2
8489,20044,2
8504,21440,2
8505,21833,2
8505,22025,2
8521,11484,2
8521,17267,2
8521,21066,2
8521,22043,2
8531,22538,2
8538,16775,2
8538,21403,2
8538,21423,2
8545,16572,2
8552,12483,2
8571,9958,2
8571,10016,2
8571,10935,2
8571,12430,2
8586,8982,2
8586,21466,2
8597,9454,2
8612,19577,2
8618,18593,2
8618,19913,2
8622,10120,2
8647,9176,2
8647,10025,2
8664,13065,2
8669,17845,2
8692,14983,2
8692,18445,2
8713,20589,2
8713,22595,2
8714,14737,2
8714,15873,2
8714,18176,2
8750,12708,2
8750,19706,2
8755,9172,2
8758,11868,2
8758,12749,2
8758,14612,2
8758,15921,2
8758,18849,2
8758,19138,2
8758,20665,2
8775,14851,2
8783,15280,2
8802,9020,2
8802,15903,2
8802,20982,2
8802,21520,2
8823,12133,2
8823,20226,2
8846,11673,2
8851,22621,2
8872,11605,2
8872,14307,2
8875,9868,2
8875,13981,2
8875,14363,2
8875,15567,2
8875,16685,2
8875,17283,2
8875,19073,2
8875,20848,2
8875,22007,2
8878,10105,2
8878,10896,2
8878,11608,2
8878,11735,2
8878,18060,2
8884,9870,2
8884,9978,2
8884,12749,2
8884,14612,2
8884,15921,2
8884,16209,2
8884,16364,2
8884,18485,2
8884,19138,2
8885,9894,2
8885,13656,2
8885,18357,2
8885,18419,2
8885,19882,2
8885,22510,2
8892,13057,2
8892,18885,2
8909,11253,2
8910,9769,2
8910,15488,2
8947,13720,2
8958,12744,2
8958,18921,2
8982,21466,2
8982,22276,2
8985,15150,2
9002,19356,2
9020,9632,2
9020,12339,2
9020,12352,2
9020,14824,2
9020,16603,2
9020,20025,2
9021,16626,2
9031,9835,2
9044,21056,2
9050,11347,2
9051,18679,2
9051,20121,2
9053,15486,2
9062,19114,2
9063,16698,2
9078,20183,2
9079,9342,2
9079,15096,2
9079,16779,2
9080,9300,2
9091,17482,2
9095,17560,2
9095,20143,2
9098,9477,2
9098,9727,2
9098,10955,2
9098,12901,2
9098,19717,2
9098,20366,2
9101,17892,2
9104,21322,2
9115,13413,2
9115,13633,2
9115,15830,2
9117,14919,2
9118,19721,2
9122,14262,2
9122,14402,2
9122,19141,2
9126,13983,2
9126,20233,2
9135,11220,2
9135,22432,2
9139,14311,2
9144,14027,2
9144,21969,2
9154,11027,2
9154,19714,2
9154,20528,2
9154,22675,2
9157,13636,2
9157,15572,2
9157,16069,2
9157,21729,2
9166,18893,2
9170,9514,2
9176,11855,2
9184,16729,2
9187,13751,2
9187,19219,2
9211,21442,2
9211,21701,2
9219,19000,2
9219,19784,2
9223,14737,2
9223,15873,2
9223,18176,2
9237,10667,2
9237,14135,2
9237,14664,2
9237,18930,2
9239,12081,2
9239,16353,2
9240,17647,2
9243,22173,2
9243,22206,2
9261,14051,2
9261,15969,2
9261,21166,2
9262,17468,2
9263,9637,2
9318,9348,2
9318,13223,2
9318,14630,2
9318,17389,2
9318,20326,2
9318,20733,2
9323,12177,2
9323,15958,2
9323,17415,2
9325,12406,2
9342,16924,2
9342,21936,2
9348,14630,2
9348,17389,2
9348,20733,2
9353,14385,2
9353,15116,2
9353,15405,2
9353,15678,2
9353,18685,2
9357,11388,2
9357,12283,2
9357,15094,2
9357,16797,2
9373,19577,2
9374,9929,2
9374,14811,2
9383,18718,2
9395,20564,2
9396,12054,2
9397,21587,2
9407,11303,2
9411,11741,2
9411,13665,2
9411,19210,2
9411,20767,2
9416,11522,2
9416,18762,2
9416,20415,2
9441,10101,2
9446,16442,2
9451,15611,2
9477,9727,2
9477,10955,2
9477,12853,2
9477,12901,2
9477,15597,2
9477,18547,2
9477,20366,2
9497,21145,2
9501,9765,2
9501,10345,2
9501,10701,2
9501,20690,2
9523,19384,2
9548,15647,2
9558,22565,2
9565,12440,2
9568,11293,2
9568,14730,2
9568,20607,2
9568,20875,2
9589,17228,2
9589,22079,2
9603,12718,2
9620,10831,2
9620,12070,2
9621,15461,2
9627,11005,2
9627,19447,2
9632,15903,2
9632,20982,2
9632,21520,2
9635,12786,2
9637,18749,2
9647,13308,2
9647,13964,2
9677,20714,2
9681,15382,2
9682,20388,2
9684,11398,2
9694,17333,2
9699,19964,2
9701,10473,2
9701,19452,2
9711,13483,2
9711,14793,2
9711,19576,2
9711,19923,2
9720,14413,2
9722,10105,2
9722,10896,2
9722,11735,2
9722,18060,2
9727,10955,2
9727,12812,2
9727,12853,2
9727,13759,2
9727,19717,2
9730,13001,2
9748,18811,2
9749,11741,2
9749,12601,2
9749,13364,2
9749,13665,2
9749,19210,2
9755,21479,2
9757,14043,2
9757,17038,2
9758,13942,2
9758,18494,2
9764,19678,2
9765,10345,2
9765,15134,2
9765,18139,2
9765,20690,2
9766,14043,2
9766,15115,2
9766,17038,2
9769,15753,2
9784,10893,2
9784,18942,2
9801,14298,2
9801,22214,2
9810,12748,2
9810,20968,2
9813,19577,2
9815,11500,2
9837,14775,2
9837,14855,2
9837,16287,2
9837,17847,2
9842,21109,2
9844,13149,2
9863,17146,2
9863,18484,2
9866,9883,2
9866,11542,2
9866,12480,2
9866,14383,2
9866,14682,2
9866,14952,2
9866,16588,2
9866,17069,2
9866,20115,2
9866,20624,2
9868,12107,2
9868,13308,2
9868,15079,2
9868,18630,2
9870,9978,2
9870,10940,2
9870,16209,2
9870,16364,2
9870,19138,2
9880,17973,2
9883,12480,2
9883,14495,2
9883,14682,2
9883,14952,2
9883,17069,2
9883,19275,2
9883,20115,2
9891,13333,2
9894,15245,2
9894,21762,2
9922,11583,2
9922,12199,2
9922,12957,2
9922,20685,2
9923,17778,2
9925,12826,2
9928,22492,2
9929,11065,2
9929,15816,2
9941,10317,2
9941,14239,2
9950,11032,2
9950,22076,2
9952,10905,2
9952,15607,2
9952,19012,2
9955,13128,2
9957,12601,2
9957,12975,2
9957,13330,2
9957,14059,2
9957,19210,2
9957,20767,2
9958,12430,2
9958,20908,2
9959,17397,2
9964,21162,2
9974,12187,2
9978,15921,2
9978,16209,2
9978,16364,2
9978,18485,2
9978,19138,2
9983,17377,2
9987,11117,2
9987,15680,2
9987,17036,2
9987,19836,2
9991,13786,2
9991,19079,2
10016,12430,2
10016,20908,2
10025,11855,2
10028,15536,2
10042,10927,2
10062,13223,2
10062,14630,2
10062,20326,2
10062,20733,2
10083,17282,2
10090,18550,2
10098,14895,2
10098,20542,2
10105,16404,2
10105,18060,2
10109,12935,2
10109,18997,2
10119,18869,2
10120,15596,2
10142,10173,2
10142,13078,2
10142,15351,2
10142,19901,2
10142,19970,2
10153,19669,2
10154,10881,2
10154,14983,2
10154,18445,2
10170,12924,2
10171,13463,2
10171,20075,2
10173,11276,2
10173,13078,2
10173,16888,2
10173,19901,2
10194,15096,2
10194,16779,2
10195,16598,2
10209,12570,2
10217,17245,2
10251,16531,2
10256,10291,2
10256,11459,2
10256,22447,2
10259,21625,2
10264,20044,2
10284,18404,2
10291,11439,2
10291,11459,2
10291,18368,2
10302,10459,2
10306,14683,2
10306,17847,2
10306,18436,2
10317,15605,2
10317,21090,2
10337,11172,2
10337,12669,2
10339,14555,2
10339,15027,2
10343,13748,2
10343,20979,2
10350,12821,2
10362,14365,2
10363,14348,2
10364,13754,2
10364,16728,2
10364,17742,2
10364,20677,2
10366,10625,2
10366,10836,2
10407,20159,2
10418,19637,2
10419,13958,2
10419,19719,2
10433,12133,2
10436,17269,2
10436,20689,2
10441,10777,2
10444,10790,2
10452,22687,2
10461,19374,2
10469,10634,2
10469,14901,2
10469,18179,2
10471,21985,2
10473,19452,2
10475,19115,2
10475,20358,2
10491,16786,2
10499,20976,2
10512,13878,2
10514,13754,2
10514,16728,2
10514,17742,2
10514,20677,2
10515,18658,2
10520,13796,2
10545,16511,2
10554,18409,2
10602,15123,2
10609,19114,2
10615,12786,2
10616,16366,2
10624,12165,2
10634,20951,2
10634,21950,2
10639,13463,2
10639,20075,2
10655,13754,2
10655,16728,2
10655,17742,2
10655,20677,2
10657,22319,2
10667,11403,2
10667,14581,2
10667,20067,2
10673,13803,2
10673,22675,2
10701,20690,2
10701,21068,2
10702,13917,2
10704,19329,2
10708,11868,2
10708,14612,2
10708,16209,2
10708,16364,2
10708,18849,2
10708,19138,2
10708,20665,2
10721,20765,2
10729,21603,2
10742,11496,2
10748,13591,2
10748,20813,2
10756,15510,2
10761,11925,2
10761,20123,2
10767,17934,2
10770,12684,2
10770,13753,2
10770,14110,2
10770,14401,2
10770,21682,2
10780,15755,2
10806,14777,2
10808,19754,2
10821,19791,2
10828,19737,2
10878,12673,2
10878,17189,2
10878,17916,2
10881,14983,2
10889,12988,2
10889,14225,2
10893,12845,2
10893,17588,2
10893,20009,2
10893,21879,2
10893,22434,2
10896,18060,2
10905,16379,2
10905,20095,2
10908,16598,2
10912,17393,2
10912,18736,2
10914,21162,2
10917,16695,2
10917,21817,2
10935,12430,2
10935,20908,2
10940,12749,2
10940,14612,2
10940,15921,2
10940,16209,2
10940,16364,2
10940,18485,2
10940,19138,2
10948,14948,2
10955,12730,2
10955,12853,2
10955,15597,2
10955,18547,2
10955,19575,2
10955,19717,2
10970,14967,2
10972,18667,2
10992,19651,2
10996,17853,2
11002,14730,2
11002,20607,2
11002,20875,2
11019,12461,2
11019,12704,2
11019,13021,2
11019,14305,2
11019,14403,2
11019,15051,2
11019,15592,2
11019,18813,2
11019,20048,2
11019,20679,2
11027,18968,2
11032,13168,2
11032,16691,2
11032,19814,2
11032,20020,2
11032,22076,2
11040,20740,2
11065,14811,2
11065,15816,2
11109,19971,2
11117,15680,2
11117,17036,2
11117,18751,2
11117,19836,2
11121,12454,2
11121,12730,2
11121,18932,2
11121,19575,2
11145,19791,2
11152,12284,2
11162,17153,2
11191,16592,2
11195,12936,2
11225,18727,2
11225,21358,2
11259,13537,2
11259,17377,2
11259,18191,2
11267,16737,2
11269,18236,2
11269,20716,2
11269,21218,2
11269,22262,2
11276,13078,2
11276,15351,2
11276,19901,2
11276,19970,2
11289,11891,2
11324,17530,2
11324,20376,2
11336,20081,2
11341,14593,2
11345,17325,2
11355,21075,2
11355,21914,2
11363,16149,2
11370,19247,2
11370,22055,2
11370,22189,2
11382,17377,2
11382,18191,2
11388,11536,2
11388,12283,2
11388,15094,2
11403,14135,2
11403,14664,2
11403,18930,2
11426,21468,2
11436,21885,2
11437,16044,2
11437,18583,2
11439,11459,2
11439,22447,2
11459,18368,2
11459,22447,2
11468,19888,2
11473,12307,2
11477,21864,2
11483,22548,2
11484,17267,2
11484,21266,2
11489,17506,2
11492,12322,2
11499,18017,2
11499,20486,2
11500,12490,2
11500,17242,2
11500,19873,2
11516,14843,2
11516,18680,2
11516,22170,2
11521,11745,2
11521,17297,2
11522,13792,2
11527,14872,2
11527,19955,2
11532,20683,2
11536,15094,2
11536,21756,2
11542,12480,2
11542,14495,2
11542,14682,2
11542,14952,2
11542,17069,2
11542,19275,2
11542,20115,2
11564,13532,2
11583,14122,2
11583,21689,2
11597,18188,2
11597,21378,2
11608,13749,2
11608,16404,2
11608,18060,2
11609,13796,2
11611,18440,2
11614,15286,2
11614,22075,2
11614,22495,2
11618,21036,2
11638,13265,2
11685,13035,2
11713,18514,2
11718,21239,2
11728,15851,2
11735,13749,2
11735,16404,2
11735,18060,2
11738,21833,2
11738,22025,2
11741,12424,2
11741,12975,2
11741,13364,2
11741,13665,2
11741,21692,2
11745,20149,2
11758,14879,2
11760,16033,2
11760,17550,2
11763,20637,2
11771,12601,2
11771,12975,2
11771,13330,2
11771,14059,2
11771,19210,2
11771,20767,2
11773,12608,2
11778,20976,2
11809,12948,2
11810,13980,2
11814,12461,2
11814,12704,2
11814,13021,2
11814,14305,2
11814,14403,2
11814,15051,2
11814,15592,2
11814,18813,2
11814,20048,2
11814,20679,2
11825,16522,2
11844,12398,2
11868,14612,2
11868,18097,2
11868,18485,2
11868,20665,2
11868,22540,2
11899,15779,2
11920,21442,2
11920,21701,2
11924,17372,2
11925,15908,2
11936,18520,2
11953,13463,2
11953,20075,2
11958,14291,2
11958,19750,2
11990,22476,2
11991,13537,2
11991,18191,2
11993,14956,2
11995,13867,2
12007,15338,2
12009,20999,2
12030,19353,2
12035,14163,2
12048,17398,2
12048,18153,2
12048,19354,2
12048,19762,2
12060,13097,2
12060,17126,2
12060,18571,2
12090,13232,2
12090,15548,2
12098,16679,2
12107,13981,2
12107,14363,2
12107,15567,2
12107,16685,2
12107,17283,2
12107,19073,2
12107,20848,2
12107,22007,2
12108,12133,2
12108,20226,2
12150,20183,2
12151,14128,2
12151,14376,2
12151,18000,2
12154,14436,2
12163,14428,2
12165,20832,2
12177,18395,2
12187,14706,2
12190,17794,2
12191,12611,2
12191,13897,2
12199,14122,2
12199,18435,2
12199,21689,2
12200,22492,2
12204,18040,2
12208,15986,2
12220,13596,2
12220,19693,2
12232,13935,2
12239,14857,2
12240,18727,2
12240,21358,2
12251,12958,2
12283,14087,2
12283,16797,2
12313,19133,2
12317,13889,2
12317,17896,2
12320,22023,2
12332,21649,2
12333,12662,2
12339,15903,2
12339,20982,2
12339,21520,2
12343,19300,2
12343,20829,2
12352,15903,2
12352,20982,2
12352,21520,2
12376,14908,2
12385,21311,2
12406,12527,2
12406,15052,2
12406,16523,2
12411,17215,2
12412,14662,2
12412,18162,2
12415,13463,2
12415,20075,2
12424,12601,2
12424,13364,2
12424,13665,2
12424,19210,2
12429,21627,2
12430,20908,2
12437,22573,2
12441,17113,2
12441,19964,2
12454,15785,2
12454,18932,2
12461,16965,2
12461,22045,2
12480,14383,2
12480,14495,2
12480,16588,2
12480,17629,2
12480,19275,2
12480,20624,2
12490,17242,2
12494,20791,2
12496,16644,2
12505,18312,2
12545,16812,2
12566,14179,2
12566,19503,2
12579,18441,2
12590,20845,2
12601,12975,2
12601,13330,2
12601,14059,2
12611,13897,2
12620,15830,2
12620,18797,2
12626,12689,2
12628,19631,2
12639,17773,2
12643,14843,2
12643,18680,2
12643,22170,2
12645,20775,2
12657,15941,2
12660,14881,2
12660,19034,2
12673,14173,2
12673,17219,2
12684,14946,2
12684,15011,2
12689,12823,2
12704,16965,2
12704,22045,2
12704,22508,2
12708,19706,2
12724,12897,2
12724,19614,2
12731,13898,2
12731,21071,2
12744,16519,2
12749,15921,2
12749,18097,2
12749,19138,2
12761,22274,2
12765,14257,2
12786,15910,2
12786,18554,2
12812,12901,2
12812,15785,2
12812,18932,2
12812,20366,2
12823,14082,2
12837,13549,2
12845,18942,2
12853,12901,2
12853,19717,2
12853,20366,2
12874,18187,2
12874,18907,2
12874,21633,2
12897,22376,2
12901,13759,2
12901,15597,2
12901,19717,2
12903,21620,2
12912,19727,2
12916,21833,2
12916,22025,2
12924,18362,2
12929,14599,2
12935,18997,2
12936,22241,2
12948,21958,2
12950,14578,2
12957,18435,2
12957,21689,2
12958,16303,2
12966,17773,2
12966,19674,2
12975,19210,2
12975,20220,2
12975,20767,2
12976,15342,2
12976,17090,2
12976,20636,2
12988,14225,2
12988,16946,2
13021,16965,2
13021,22045,2
13056,16893,2
13056,22225,2
13065,17386,2
13078,16888,2
13085,20183,2
13096,20440,2
13097,21525,2
13107,16819,2
13107,20755,2
13115,21746,2
13128,21536,2
13163,21164,2
13164,16934,2
13164,19477,2
13168,16691,2
13168,22076,2
13195,15802,2
13195,17297,2
13196,13349,2
13196,17264,2
13199,19633,2
13223,14630,2
13223,17389,2
13223,20733,2
13228,22451,2
13232,15040,2
13232,15548,2
13236,18312,2
13289,15802,2
13289,17297,2
13291,18893,2
13308,16685,2
13308,16828,2
13312,17397,2
13320,13864,2
13320,15617,2
13320,18692,2
13330,19210,2
13330,20220,2
13330,20767,2
13349,22666,2
13359,13715,2
13359,15573,2
13359,18468,2
13363,16044,2
13363,18583,2
13364,21692,2
13413,13633,2
13413,15830,2
13413,18572,2
13424,18672,2
13424,18887,2
13424,21634,2
13436,19577,2
13449,16198,2
13463,13556,2
13463,14405,2
13463,14481,2
13477,13718,2
13477,15727,2
13477,21874,2
13483,14793,2
13483,16361,2
13483,19576,2
13483,22365,2
13487,19721,2
13496,16151,2
13513,15577,2
13513,19369,2
13537,13586,2
13537,14745,2
13537,15276,2
13537,15935,2
13554,13587,2
13556,20075,2
13586,17377,2
13586,18191,2
13591,18025,2
13596,19693,2
13631,21374,2
13633,18572,2
13636,16069,2
13656,15245,2
13656,19882,2
13656,21762,2
13665,21692,2
13666,17807,2
13671,16941,2
13691,17009,2
13709,14853,2
13709,15002,2
13715,17594,2
13718,21874,2
13720,18780,2
13729,16622,2
13729,18522,2
13729,22504,2
13748,20979,2
13749,18060,2
13751,16821,2
13751,19219,2
13752,15605,2
13753,14946,2
13753,15011,2
13754,20569,2
13754,21829,2
13759,15785,2
13759,18932,2
13759,20366,2
13760,15347,2
13760,19641,2
13786,22514,2
13792,18762,2
13792,20415,2
13796,15671,2
13796,18915,2
13800,16063,2
13803,15842,2
13803,18774,2
13803,19997,2
13803,22126,2
13830,18514,2
13839,19273,2
13840,22140,2
13851,20965,2
13855,21478,2
13864,15617,2
13864,18692,2
13864,21011,2
13892,15727,2
13892,19744,2
13892,21874,2
13898,21071,2
13900,22524,2
13900,22687,2
13912,19637,2
13921,14599,2
13933,16053,2
13958,17801,2
13958,18887,2
13964,14363,2
13964,16685,2
13964,16828,2
13981,15567,2
13981,17283,2
13981,18630,2
13981,20848,2
13983,15967,2
13985,19798,2
13985,21075,2
13985,21914,2
13990,18236,2
13990,20716,2
13990,21218,2
13990,22262,2
14004,15118,2
14042,16353,2
14043,20804,2
14049,19744,2
14051,15969,2
14051,21166,2
14059,19210,2
14059,20220,2
14059,20767,2
14087,21178,2
14097,17533,2
14110,14946,2
14110,15011,2
14122,20685,2
14128,14376,2
14128,22052,2
14135,14581,2
14135,20067,2
14142,20659,2
14173,17189,2
14177,21392,2
14204,20467,2
14225,16946,2
14239,15605,2
14239,21090,2
14262,14613,2
14262,22646,2
14291,22462,2
14305,16965,2
14305,22508,2
14327,18285,2
14336,15338,2
14338,16104,2
14348,16213,2
14363,15079,2
14363,18630,2
14370,21404,2
14375,21436,2
14376,22052,2
14377,14599,2
14383,14495,2
14383,14682,2
14383,14952,2
14383,17069,2
14383,19275,2
14383,20115,2
14384,18647,2
14395,14919,2
14401,14946,2
14401,15011,2
14402,14613,2
14403,16965,2
14403,22045,2
14403,22508,2
14405,20075,2
14419,15724,2
14419,16730,2
14457,19913,2
14460,20495,2
14465,20454,2
14481,20075,2
14492,22419,2
14495,14682,2
14495,14952,2
14495,16588,2
14495,17069,2
14495,17629,2
14495,20115,2
14495,20624,2
14496,16783,2
14496,19502,2
14497,15570,2
14506,19737,2
14512,15610,2
14512,17009,2
14522,17543,2
14538,20327,2
14543,20660,2
14550,14991,2
14550,18787,2
14555,15027,2
14566,15119,2
14576,18375,2
14578,17331,2
14581,14664,2
14581,18930,2
14582,19435,2
14612,18097,2
14612,18849,2
14612,22540,2
14613,19141,2
14615,15122,2
14618,22368,2
14630,20326,2
14664,20067,2
14676,17916,2
14682,16588,2
14682,17629,2
14682,19275,2
14682,20624,2
14683,14855,2
14683,16287,2
14684,15012,2
14696,22467,2
14697,17333,2
14730,20875,2
14737,20741,2
14745,17377,2
14745,18191,2
14746,15073,2
14746,22276,2
14775,17847,2
14775,18436,2
14775,21859,2
14788,17373,2
14788,19351,2
14793,19923,2
14807,20564,2
14811,15816,2
14824,15903,2
14824,20982,2
14824,21520,2
14855,21859,2
14872,22484,2
14895,20798,2
14901,20951,2
14901,21950,2
14908,21981,2
14921,18259,2
14924,17051,2
14946,21682,2
14952,16588,2
14952,17629,2
14952,19275,2
14952,20624,2
14970,17486,2
14981,16538,2
14983,18445,2
15011,21682,2
15018,16746,2
15040,15548,2
15046,15894,2
15051,16965,2
15051,22045,2
15051,22508,2
15079,15567,2
15079,16685,2
15079,17283,2
15079,19073,2
15079,20848,2
15079,22007,2
15083,16385,2
15094,21756,2
15096,16924,2
15096,21936,2
15103,18679,2
15103,20121,2
15104,19429,2
15115,20804,2
15128,22352,2
15134,20690,2
15176,19693,2
15183,16160,2
15218,19335,2
15245,18357,2
15245,18419,2
15245,21762,2
15245,22510,2
15276,17377,2
15276,18191,2
15278,16649,2
15280,19076,2
15286,22495,2
15294,21129,2
15328,21220,2
15339,18314,2
15342,17090,2
15342,20636,2
15351,16888,2
15351,18583,2
15362,18093,2
15366,20690,2
15366,21068,2
15376,17379,2
15393,18927,2
15398,16519,2
15403,21643,2
15451,20044,2
15460,16585,2
15460,20480,2
15482,20348,2
15487,21754,2
15488,15753,2
15498,19535,2
15508,20354,2
15538,22442,2
15564,18751,2
15567,18630,2
15567,19073,2
15567,22007,2
15568,18258,2
15572,16069,2
15573,16934,2
15573,17594,2
15573,19477,2
15577,19369,2
15581,16859,2
15581,21225,2
15581,21643,2
15581,22387,2
15592,16965,2
15592,22045,2
15592,22508,2
15597,19717,2
15597,20366,2
15607,16379,2
15607,20095,2
15617,21011,2
15680,19836,2
15692,16679,2
15725,21969,2
15733,18659,2
15803,16537,2
15825,20082,2
15830,18572,2
15842,19714,2
15842,19997,2
15842,22675,2
15850,21746,2
15873,20741,2
15902,19639,2
15903,16603,2
15903,20025,2
15908,20123,2
15916,17461,2
15921,18097,2
15921,18485,2
15921,22540,2
15935,18191,2
15941,16709,2
15949,18087,2
15958,18395,2
15967,20233,2
15990,16233,2
16019,19042,2
16020,19162,2
16028,22143,2
16033,20839,2
16036,22565,2
16040,16067,2
16040,18866,2
16044,18583,2
16045,21164,2
16069,21729,2
16085,20930,2
16146,22173,2
16146,22206,2
16209,18485,2
16209,22540,2
16222,19092,2
16237,21600,2
16265,21430,2
16287,21859,2
16312,19035,2
16312,20750,2
16341,18912,2
16358,17131,2
16358,21278,2
16361,19923,2
16363,21240,2
16364,18485,2
16364,22540,2
16375,16572,2
16375,17718,2
16379,19012,2
16404,18060,2
16415,19286,2
16431,22479,2
16497,18332,2
16519,18921,2
16531,19185,2
16538,20454,2
16572,17553,2
16572,19903,2
16572,22573,2
16577,22549,2
16585,20480,2
16588,17069,2
16588,19275,2
16588,20115,2
16590,17506,2
16601,20596,2
16603,20982,2
16603,21520,2
16622,22504,2
16679,18030,2
16685,18630,2
16691,19814,2
16691,20020,2
16695,21817,2
16698,20512,2
16706,19568,2
16709,17151,2
16725,21519,2
16728,20569,2
16728,21829,2
16775,19870,2
16775,21423,2
16777,17391,2
16779,16924,2
16779,21936,2
16783,19502,2
16786,21304,2
16802,22421,2
16812,22330,2
16819,18414,2
16821,21140,2
16846,20400,2
16856,19797,2
16859,21225,2
16859,21643,2
16888,19901,2
16888,19970,2
16893,21662,2
16899,21127,2
16938,17815,2
16941,22635,2
16951,18692,2
16951,21011,2
16965,18813,2
16965,20048,2
16965,20679,2
16973,17391,2
17022,19235,2
17036,18738,2
17036,19019,2
17038,20804,2
17061,22143,2
17069,17629,2
17069,19275,2
17069,20624,2
17113,19964,2
17126,21525,2
17131,18720,2
17146,20931,2
17159,19159,2
17159,19907,2
17189,17219,2
17207,21787,2
17219,17916,2
17242,19873,2
17250,20421,2
17264,22666,2
17267,21066,2
17267,21266,2
17267,22043,2
17269,18966,2
17269,20689,2
17283,18630,2
17283,19073,2
17283,22007,2
17295,17707,2
17295,19309,2
17295,22604,2
17296,18087,2
17316,17486,2
17319,22288,2
17332,19329,2
17339,19565,2
17371,18743,2
17373,19351,2
17377,18191,2
17389,20326,2
17393,18736,2
17398,21684,2
17411,22235,2
17415,18395,2
17479,18915,2
17530,20376,2
17533,20442,2
17544,17827,2
17544,17850,2
17547,21937,2
17553,18752,2
17553,19903,2
17588,18942,2
17592,17708,2
17594,18468,2
17619,22524,2
17629,19275,2
17629,20115,2
17643,19329,2
17672,18582,2
17687,18243,2
17707,22522,2
17717,18743,2
17718,19903,2
17718,22573,2
17742,20569,2
17742,21829,2
17745,19888,2
17773,19674,2
17777,19964,2
17794,22451,2
17801,19719,2
17807,18000,2
17807,18689,2
17815,18407,2
17845,18681,2
17916,21267,2
17979,22143,2
17988,19693,2
18000,22052,2
18016,18618,2
18025,20813,2
18093,22581,2
18097,18849,2
18097,19138,2
18097,20665,2
18153,21684,2
18176,20741,2
18179,20951,2
18179,21950,2
18182,20893,2
18188,21378,2
18236,20716,2
18236,21218,2
18314,22123,2
18332,19760,2
18357,21762,2
18362,22288,2
18368,22447,2
18414,20755,2
18419,19882,2
18419,21762,2
18433,20159,2
18435,20685,2
18459,19076,2
18479,19286,2
18484,20931,2
18485,19138,2
18492,19830,2
18538,18550,2
18547,19717,2
18547,20366,2
18571,21525,2
18583,19970,2
18593,19913,2
18611,20696,2
18630,19073,2
18630,20848,2
18630,22007,2
18647,20031,2
18679,19834,2
18689,22052,2
18698,20284,2
18720,21278,2
18727,21255,2
18762,20427,2
18773,21080,2
18774,19997,2
18793,19115,2
18813,22045,2
18813,22508,2
18849,20665,2
18849,22540,2
18887,19719,2
18887,21421,2
18903,20708,2
18908,20652,2
18912,19806,2
18915,20086,2
18930,20067,2
18935,22208,2
18942,20009,2
18942,21879,2
18942,22434,2
18957,21786,2
18966,20689,2
18968,19714,2
18968,20528,2
18968,22675,2
19000,19784,2
19012,20095,2
19115,19373,2
19115,21507,2
19141,19963,2
19141,22646,2
19159,19907,2
19168,20376,2
19210,20220,2
19210,21692,2
19232,20791,2
19247,22055,2
19247,22189,2
19259,21483,2
19275,20115,2
19275,20624,2
19309,22407,2
19309,22522,2
19354,21684,2
19369,20173,2
19379,22524,2
19379,22687,2
19384,20833,2
19416,21377,2
19420,21800,2
19510,22039,2
19535,20716,2
19535,21218,2
19553,21225,2
19553,21643,2
19567,20894,2
19576,19923,2
19598,20354,2
19602,21607,2
19614,22376,2
19649,20981,2
19706,21443,2
19714,19997,2
19714,20528,2
19717,20366,2
19750,22462,2
19762,21684,2
19798,21075,2
19798,21914,2
19814,22076,2
19834,20121,2
19850,21996,2
19861,20122,2
19870,21403,2
19870,21423,2
19876,21404,2
19882,21762,2
19882,22510,2
19923,22365,2
19940,20865,2
19997,20528,2
19997,22675,2
20020,22076,2
20025,20982,2
20025,21520,2
20046,21221,2
20048,22045,2
20048,22508,2
20072,20791,2
20115,20624,2
20133,21374,2
20174,22654,2
20183,20682,2
20186,20708,2
20220,20767,2
20326,20733,2
20358,21507,2
20528,22126,2
20528,22675,2
20542,20798,2
20569,20677,2
20607,20875,2
20650,21686,2
20659,21040,2
20665,22540,2
20679,22045,2
20679,22508,2
20685,21689,2
20708,21618,2
20716,22262,2
20767,21692,2
20791,22472,2
21002,21797,2
21066,21266,2
21110,22375,2
21218,22262,2
21225,22387,2
21255,21358,2
21266,22043,2
21403,21423,2
21416,22557,2
21442,21701,2
21466,22276,2
21643,22387,2
21662,22225,2
21702,22518,2
21715,21718,2
21747,22005,2
21762,22510,2
22075,22495,2
22095,22143,2
22407,22604,2
22522,22604,2
22524,22687,2
22538,22661,2
7,2153,3
7,14811,3
15,7762,3
15,11245,3
17,1487,3
17,6534,3
17,6983,3
17,8855,3
17,11225,3
17,12240,3
17,12649,3
17,13581,3
19,353,3
19,9837,3
19,10306,3
19,14775,3
25,7669,3
25,8281,3
26,482,3
26,1488,3
26,1962,3
26,2931,3
26,3540,3
26,11868,3
26,14612,3
26,18849,3
26,20665,3
32,9746,3
33,6120,3
36,20440,3
52,15023,3
81,6741,3
87,17404,3
88,2161,3
88,13991,3
96,19312,3
100,6493,3
100,7460,3
111,3804,3
121,11257,3
123,3017,3
123,17525,3
123,20875,3
133,6127,3
143,9894,3
143,13656,3
143,18357,3
143,22510,3
149,3450,3
149,4173,3
149,9647,3
149,9868,3
149,14363,3
149,16685,3
170,4130,3
170,5375,3
170,5771,3
170,7424,3
170,14122,3
170,18435,3
170,21689,3
184,6064,3
184,12912,3
249,13720,3
250,2416,3
250,12611,3
266,1045,3
278,3797,3
278,4350,3
278,14855,3
278,16287,3
278,21859,3
280,19693,3
311,482,3
311,1488,3
311,1962,3
311,9978,3
311,14612,3
311,20665,3
332,10579,3
338,2243,3
344,5277,3
344,17086,3
347,4740,3
353,9837,3
353,10306,3
353,17847,3
353,21859,3
360,522,3
365,1449,3
365,20107,3
367,20046,3
372,2069,3
372,2143,3
372,20673,3
374,12730,3
374,18932,3
409,1893,3
409,4384,3
409,5336,3
409,11732,3
409,11838,3
409,20544,3
409,21650,3
411,7727,3
411,9842,3
411,21109,3
420,12180,3
425,6491,3
425,13130,3
425,19618,3
426,9336,3
426,10521,3
426,17801,3
433,8133,3
441,2480,3
454,12460,3
464,13878,3
467,484,3
467,10173,3
482,2973,3
482,9870,3
482,15921,3
482,16364,3
482,18485,3
482,19138,3
484,13363,3
484,16044,3
484,20790,3
495,6924,3
495,19872,3
513,6149,3
513,11693,3
520,8174,3
522,22580,3
531,9062,3
540,4850,3
540,20386,3
546,10520,3
546,11609,3
546,15671,3
556,9154,3
562,14308,3
567,16920,3
567,19476,3
587,15564,3
589,4139,3
589,6260,3
589,7462,3
589,11027,3
589,18968,3
589,22126,3
624,1808,3
625,16622,3
630,794,3
630,4662,3
639,14863,3
639,16956,3
639,19289,3
649,14028,3
658,5659,3
665,15046,3
683,7695,3
683,10256,3
683,18368,3
692,11276,3
692,16888,3
695,1137,3
695,5995,3
695,8385,3
695,9098,3
695,10955,3
695,12730,3
695,12812,3
695,12901,3
695,13759,3
695,18547,3
695,19575,3
695,19717,3
695,20366,3
697,5060,3
703,19776,3
717,796,3
717,22259,3
731,17123,3
738,2556,3
738,19821,3
767,5758,3
767,20121,3
776,4139,3
776,6260,3
776,7462,3
776,15842,3
778,4511,3
782,16888,3
796,7488,3
796,16237,3
796,22259,3
802,3570,3
802,10876,3
802,19274,3
802,19890,3
837,5877,3
838,3359,3
838,19442,3
867,7077,3
867,7326,3
870,3212,3
873,3466,3
873,7600,3
874,15107,3
874,18077,3
877,6433,3
887,11745,3
894,1158,3
894,4886,3
900,9958,3
900,10935,3
914,10520,3
914,11609,3
914,15671,3
951,2178,3
951,18431,3
970,12018,3
1019,1599,3
1036,16860,3
1079,13990,3
1084,22572,3
1096,10022,3
1105,6064,3
1107,10261,3
1109,12830,3
1109,17531,3
1112,2451,3
1112,2579,3
1112,7282,3
1112,12601,3
1112,13364,3
1112,13665,3
1112,19210,3
1112,20767,3
1113,2014,3
1113,5465,3
1113,16951,3
1137,2711,3
1137,4414,3
1137,11121,3
1137,12454,3
1137,12812,3
1140,12493,3
1141,14263,3
1158,2673,3
1158,9157,3
1158,16069,3
1175,5660,3
1175,7966,3
1175,8958,3
1180,3500,3
1180,9516,3
1183,16222,3
1212,6149,3
1212,11693,3
1222,9304,3
1232,6769,3
1232,17879,3
1240,7600,3
1242,12246,3
1242,15628,3
1273,9063,3
1273,20512,3
1277,9165,3
1277,13101,3
1277,16337,3
1304,14908,3
1312,1979,3
1312,2852,3
1312,7968,3
1312,15564,3
1312,18738,3
1335,19449,3
1338,2788,3
1338,9165,3
1338,13101,3
1338,16337,3
1361,4895,3
1365,2908,3
1365,17476,3
1370,3634,3
1399,4347,3
1399,9959,3
1400,20834,3
1412,18214,3
1414,2284,3
1414,9411,3
1414,9749,3
1414,11741,3
1414,12424,3
1414,21692,3
1421,9558,3
1435,15727,3
1435,19686,3
1440,20376,3
1447,3376,3
1447,3546,3
1447,11602,3
1449,11766,3
1487,8096,3
1488,2973,3
1488,3807,3
1488,3938,3
1488,9870,3
1488,16209,3
1488,16364,3
1488,18485,3
1488,19138,3
1489,14461,3
1491,3391,3
1491,9837,3
1491,10306,3
1491,14775,3
1505,16889,3
1506,7539,3
1509,10295,3
1519,1893,3
1519,4384,3
1519,5336,3
1519,11732,3
1519,11838,3
1519,20544,3
1525,22383,3
1527,10520,3
1527,11609,3
1527,15671,3
1531,2074,3
1555,5587,3
1561,6238,3
1572,7813,3
1574,3964,3
1574,4776,3
1574,18738,3
1579,2378,3
1579,4170,3
1579,5023,3
1579,11044,3
1583,17373,3
1585,19312,3
1601,5660,3
1601,6324,3
1601,7966,3
1601,8958,3
1608,2317,3
1611,14181,3
1622,2159,3
1622,8307,3
1622,11171,3
1631,7204,3
1631,12494,3
1631,19232,3
1631,20072,3
1634,18214,3
1661,19394,3
1662,18889,3
1675,13816,3
1675,14583,3
1680,7874,3
1716,10138,3
1716,20744,3
1733,5124,3
1733,11153,3
1752,7186,3
1752,12464,3
1752,17735,3
1786,4423,3
1786,15342,3
1823,17259,3
1839,16585,3
1853,3636,3
1853,12673,3
1853,14173,3
1853,17189,3
1857,3064,3
1857,12864,3
1858,9336,3
1858,10419,3
1858,10521,3
1858,17801,3
1868,12735,3
1868,18882,3
1868,20609,3
1893,4420,3
1893,7106,3
1931,6676,3
1931,8825,3
1931,16316,3
1962,2973,3
1962,3807,3
1962,9870,3
1962,15921,3
1962,16209,3
1962,16364,3
1962,18485,3
1962,19138,3
1979,3964,3
1979,12409,3
1979,17036,3
1979,18738,3
1979,18751,3
1986,2378,3
1986,4170,3
1986,5023,3
1986,11044,3
2001,13653,3
2001,18468,3
2006,22124,3
2011,19915,3
2014,3120,3
2014,15617,3
2040,2451,3
2040,2579,3
2040,2988,3
2040,4317,3
2040,6518,3
2040,7282,3
2040,12601,3
2040,12975,3
2040,14059,3
2040,19210,3
2040,20767,3
2042,8466,3
2042,15727,3
2042,21874,3
2059,15372,3
2065,18096,3
2069,11120,3
2070,10876,3
2070,19274,3
2070,19890,3
2072,2293,3
2072,7823,3
2072,7995,3
2088,6702,3
2088,9336,3
2088,10521,3
2088,13424,3
2088,18672,3
2090,7259,3
2094,18844,3
2095,2161,3
2095,13991,3
2109,12916,3
2109,14787,3
2113,7414,3
2113,13449,3
2124,9559,3
2143,6977,3
2143,11120,3
2153,9929,3
2159,10763,3
2159,17768,3
2160,8985,3
2178,18412,3
2183,12830,3
2183,17531,3
2201,19041,3
2202,3305,3
2202,19731,3
2225,7695,3
2225,10256,3
2250,6948,3
2250,8677,3
2250,21679,3
2261,16743,3
2262,2762,3
2269,6442,3
2269,9766,3
2269,20804,3
2284,2579,3
2284,7282,3
2284,9957,3
2284,11771,3
2284,12601,3
2284,19210,3
2284,20220,3
2284,20767,3
2289,8618,3
2289,18593,3
2293,13065,3
2295,15134,3
2314,16840,3
2320,6461,3
2320,13786,3
2320,22514,3
2322,7084,3
2322,12216,3
2328,8922,3
2339,16494,3
2376,2451,3
2376,2579,3
2376,6518,3
2376,7282,3
2376,12601,3
2376,13330,3
2376,14059,3
2376,20767,3
2406,21979,3
2411,20971,3
2416,2627,3
2416,17366,3
2427,9172,3
2433,10881,3
2433,14983,3
2445,9765,3
2445,15134,3
2445,15366,3
2448,13156,3
2448,18880,3
2451,10431,3
2451,11741,3
2452,8782,3
2456,5805,3
2459,21113,3
2480,5435,3
2482,3348,3
2482,4064,3
2482,10770,3
2482,13756,3
2482,14859,3
2482,15011,3
2487,5588,3
2507,2843,3
2507,4023,3
2518,8468,3
2525,22627,3
2532,19807,3
2540,10323,3
2546,2762,3
2546,11117,3
2546,15564,3
2546,19019,3
2556,17057,3
2557,11195,3
2557,22241,3
2568,22362,3
2579,4916,3
2579,10431,3
2579,11741,3
2583,19178,3
2584,14492,3
2615,8622,3
2622,10419,3
2622,17801,3
2622,21634,3
2627,12191,3
2627,12611,3
2639,6491,3
2639,13130,3
2639,19618,3
2641,6831,3
2641,21109,3
2657,7665,3
2657,14345,3
2664,10350,3
2664,22632,3
2673,4886,3
2686,21759,3
2691,19305,3
2695,18506,3
2702,19369,3
2706,3940,3
2706,5802,3
2706,16691,3
2706,22076,3
2708,19747,3
2711,5995,3
2711,8385,3
2711,9098,3
2711,9727,3
2711,10955,3
2711,12812,3
2711,12853,3
2718,15328,3
2719,3112,3
2719,3807,3
2719,8884,3
2719,10940,3
2719,16209,3
2719,16364,3
2719,19138,3
2727,12274,3
2727,15532,3
2737,3675,3
2737,16611,3
2744,15780,3
2748,14109,3
2751,9239,3
2759,5870,3
2762,4757,3
2762,9987,3
2762,11117,3
2762,19836,3
2768,19652,3
2771,17929,3
2788,9704,3
2792,9190,3
2792,10350,3
2792,17695,3
2806,10636,3
2810,9285,3
2815,11198,3
2815,20478,3
2819,17988,3
2821,4011,3
2821,12138,3
2843,4023,3
2843,12566,3
2850,19400,3
2852,4776,3
2852,6596,3
2852,7968,3
2852,8221,3
2852,18738,3
2852,19019,3
2861,22349,3
2869,5905,3
2870,3112,3
2870,5711,3
2870,8884,3
2870,9870,3
2870,18485,3
2876,18958,3
2896,4088,3
2908,19549,3
2925,22360,3
2927,11685,3
2931,3807,3
2931,9870,3
2931,15921,3
2931,16209,3
2931,16364,3
2931,18485,3
2931,19138,3
2944,12018,3
2956,13962,3
2956,17525,3
2973,5043,3
2973,14612,3
2973,20665,3
2988,4317,3
2988,4916,3
2988,6518,3
2988,9411,3
2988,9749,3
2988,12424,3
2994,6105,3
2994,18059,3
2994,21473,3
2999,19882,3
3003,6600,3
3017,11293,3
3028,4511,3
3040,18689,3
3064,11907,3
3084,4495,3
3097,14327,3
3109,21670,3
3112,3540,3
3112,4641,3
3112,10708,3
3112,18849,3
3112,22540,3
3120,5465,3
3120,5696,3
3120,7589,3
3120,13320,3
3120,16951,3
3120,21011,3
3133,4450,3
3159,18793,3
3159,19115,3
3159,19373,3
3183,8878,3
3183,9722,3
3195,9411,3
3195,9749,3
3195,11741,3
3195,12424,3
3195,21692,3
3225,17970,3
3225,19698,3
3231,22568,3
3236,12005,3
3242,9999,3
3243,17404,3
3265,5677,3
3305,19731,3
3348,7186,3
3348,12464,3
3348,17735,3
3359,11170,3
3378,7425,3
3378,15821,3
3427,9311,3
3450,13981,3
3450,19073,3
3476,12978,3
3476,16707,3
3482,13719,3
3482,15107,3
3491,8454,3
3491,11991,3
3491,13586,3
3491,14745,3
3491,15276,3
3491,15935,3
3494,13200,3
3495,6948,3
3495,8677,3
3495,21679,3
3520,4346,3
3521,9516,3
3532,8878,3
3532,9722,3
3540,3807,3
3540,5711,3
3540,8884,3
3540,10940,3
3540,15921,3
3540,16209,3
3540,16364,3
3540,19138,3
3542,12790,3
3542,18462,3
3546,10252,3
3555,6627,3
3570,9660,3
3570,22193,3
3606,7043,3
3606,22486,3
3607,8923,3
3620,5860,3
3636,10878,3
3636,14676,3
3636,17219,3
3636,17916,3
3636,21267,3
3640,4532,3
3640,5995,3
3640,8385,3
3640,9098,3
3640,9727,3
3640,12812,3
3640,12853,3
3640,13759,3
3665,8114,3
3665,15565,3
3665,15720,3
3693,16737,3
3715,7955,3
3716,18667,3
3719,4346,3
3727,4207,3
3729,9765,3
3729,20690,3
3756,16351,3
3759,8211,3
3759,20355,3
3797,10306,3
3797,14775,3
3804,10337,3
3807,11868,3
3807,14612,3
3807,18849,3
3807,20665,3
3816,17063,3
3818,6771,3
3826,16167,3
3831,20637,3
3837,5744,3
3837,5790,3
3837,9303,3
3839,12748,3
3839,20968,3
3848,6142,3
3865,20826,3
3865,22537,3
3872,14872,3
3905,21310,3
3925,12780,3
3925,13161,3
3928,17301,3
3938,4641,3
3938,5043,3
3938,9870,3
3938,9978,3
3938,10708,3
3938,14612,3
3938,18485,3
3938,20665,3
3938,22540,3
3940,13764,3
3940,13810,3
3963,16033,3
3964,4757,3
3964,17036,3
3968,6409,3
3985,5461,3
3993,7020,3
3993,20628,3
4010,15529,3
4011,16858,3
4023,12566,3
4037,21430,3
4038,10667,3
4038,14664,3
4064,7186,3
4064,12464,3
4064,17735,3
4071,4424,3
4083,16150,3
4085,6813,3
4085,21324,3
4113,16920,3
4130,4356,3
4130,6051,3
4130,15160,3
4139,6019,3
4139,7157,3
4139,8162,3
4139,13803,3
4139,19714,3
4139,20528,3
4139,22126,3
4139,22675,3
4140,16193,3
4140,16402,3
4140,17547,3
4140,18459,3
4140,19076,3
4146,8010,3
4173,13981,3
4186,15924,3
4200,19286,3
4201,13800,3
4201,16063,3
4232,19024,3
4246,4460,3
4246,4960,3
4297,7043,3
4297,22486,3
4307,5330,3
4314,10710,3
4314,19118,3
4317,9749,3
4317,12424,3
4317,12975,3
4317,13330,3
4317,14059,3
4317,21692,3
4321,13715,3
4321,16578,3
4321,18468,3
4327,11436,3
4327,18618,3
4333,8132,3
4333,19935,3
4346,16698,3
4347,13312,3
4350,9837,3
4351,13877,3
4356,5375,3
4356,5771,3
4356,9922,3
4356,18435,3
4356,21689,3
4384,4420,3
4384,7106,3
4406,8223,3
4409,14429,3
4414,5995,3
4414,8385,3
4414,9098,3
4414,9727,3
4414,10955,3
4414,12812,3
4414,12853,3
4414,13759,3
4420,5336,3
4420,11838,3
4420,21650,3
4433,10636,3
4433,11207,3
4435,10793,3
4450,8432,3
4455,5725,3
4465,4539,3
4465,16494,3
4506,13753,3
4506,14401,3
4506,21682,3
4511,5160,3
4511,5431,3
4511,8823,3
4511,10433,3
4511,12133,3
4511,20226,3
4524,8086,3
4532,11121,3
4532,12812,3
4538,9377,3
4573,21383,3
4574,6258,3
4611,9964,3
4611,14203,3
4611,16720,3
4613,17519,3
4621,16546,3
4629,21548,3
4630,13001,3
4640,6580,3
4641,5711,3
4641,8884,3
4641,9870,3
4641,10940,3
4641,12749,3
4641,18485,3
4655,11829,3
4655,15798,3
4698,19688,3
4746,7841,3
4746,22021,3
4754,16878,3
4757,15680,3
4757,17036,3
4757,18738,3
4757,19836,3
4764,11686,3
4776,7968,3
4776,8221,3
4776,15564,3
4776,18751,3
4816,17076,3
4843,11493,3
4845,21643,3
4850,9943,3
4882,18443,3
4886,9157,3
4886,16069,3
4889,6173,3
4916,7282,3
4916,12601,3
4916,12975,3
4916,13330,3
4916,14059,3
4916,19210,3
4916,20767,3
4923,20714,3
4929,12854,3
4937,9321,3
4954,19379,3
4957,12313,3
4958,18770,3
4958,19640,3
4962,11720,3
4963,5848,3
4963,7217,3
4963,9501,3
4963,10345,3
4963,15366,3
4963,18139,3
4964,11521,3
4964,13289,3
4967,22225,3
4976,11809,3
4980,22068,3
4986,6064,3
4986,12912,3
4986,13752,3
4999,10938,3
4999,14163,3
5027,22105,3
5033,5463,3
5036,14837,3
5042,19642,3
5043,12749,3
5044,5991,3
5051,9088,3
5073,6396,3
5073,9686,3
5078,6827,3
5088,9941,3
5088,15605,3
5099,17063,3
5099,21801,3
5105,5586,3
5105,5931,3
5105,21140,3
5124,6054,3
5147,6442,3
5147,9757,3
5147,9766,3
5147,20804,3
5205,6861,3
5205,18511,3
5205,19688,3
5205,20113,3
5222,5822,3
5237,17022,3
5245,12254,3
5258,20149,3
5262,16033,3
5277,21303,3
5282,6085,3
5282,15984,3
5283,11235,3
5286,19011,3
5334,6676,3
5334,8825,3
5334,16316,3
5336,7106,3
5349,18499,3
5375,6051,3
5375,15160,3
5410,6409,3
5422,14769,3
5431,10433,3
5452,15339,3
5463,14982,3
5480,12443,3
5513,19964,3
5517,6090,3
5543,11397,3
5548,19021,3
5550,5872,3
5550,6321,3
5556,6109,3
5570,7400,3
5570,17619,3
5570,19379,3
5573,15851,3
5582,13145,3
5586,5931,3
5586,18529,3
5586,20872,3
5586,21140,3
5606,21621,3
5623,7318,3
5623,13371,3
5623,19653,3
5629,16860,3
5648,7276,3
5648,12644,3
5660,6732,3
5660,16519,3
5670,6260,3
5670,7462,3
5670,10673,3
5670,11027,3
5677,11506,3
5697,10578,3
5711,8758,3
5711,10708,3
5711,11868,3
5711,18849,3
5724,8615,3
5738,22191,3
5758,7911,3
5759,7451,3
5759,20971,3
5763,12093,3
5767,12924,3
5771,6051,3
5771,15160,3
5790,17968,3
5802,13764,3
5802,13810,3
5802,19515,3
5803,9280,3
5823,17536,3
5825,21833,3
5825,22025,3
5833,6627,3
5833,10461,3
5835,10574,3
5835,13679,3
5842,21265,3
5845,8823,3
5845,10433,3
5845,12133,3
5845,22176,3
5848,9501,3
5848,10345,3
5848,20690,3
5854,6676,3
5854,8825,3
5854,16316,3
5860,15595,3
5873,13981,3
5873,19073,3
5873,22007,3
5876,14788,3
5883,18003,3
5883,19451,3
5892,16223,3
5931,9187,3
5931,13751,3
5931,14210,3
5931,18529,3
5931,19219,3
5932,8608,3
5935,10337,3
5960,19483,3
5995,12454,3
6014,7527,3
6019,6260,3
6019,7462,3
6019,11027,3
6024,20164,3
6049,7337,3
6051,7424,3
6051,14122,3
6051,18435,3
6051,21689,3
6052,6781,3
6052,17750,3
6054,11153,3
6064,6327,3
6064,6888,3
6085,8672,3
6090,13108,3
6098,7669,3
6098,8281,3
6098,9187,3
6098,16821,3
6098,19219,3
6105,20647,3
6127,21443,3
6168,22459,3
6170,7736,3
6170,10939,3
6173,13878,3
6174,6781,3
6177,10970,3
6191,9951,3
6230,11964,3
6230,15803,3
6241,11770,3
6260,7157,3
6260,8162,3
6260,9154,3
6260,13803,3
6260,18968,3
6260,19714,3
6260,20528,3
6260,22126,3
6260,22675,3
6298,22255,3
6308,7695,3
6324,6732,3
6324,16519,3
6326,13971,3
6327,12912,3
6339,18522,3
6345,15118,3
6345,20400,3
6349,18472,3
6358,7468,3
6358,11646,3
6372,14603,3
6383,22431,3
6442,6695,3
6442,6875,3
6442,7418,3
6442,7907,3
6442,9956,3
6442,13069,3
6442,15262,3
6442,16900,3
6442,18891,3
6458,8333,3
6461,19079,3
6466,15577,3
6466,19369,3
6491,7745,3
6491,11032,3
6495,16239,3
6496,10914,3
6516,10142,3
6516,11276,3
6516,13078,3
6516,16888,3
6516,19901,3
6518,9749,3
6518,12975,3
6518,13330,3
6518,14059,3
6518,21692,3
6524,10956,3
6530,8301,3
6534,7292,3
6534,8096,3
6534,21255,3
6537,12657,3
6537,16709,3
6540,18747,3
6543,16006,3
6543,20634,3
6580,11720,3
6596,8221,3
6596,11117,3
6627,8486,3
6627,10049,3
6663,17966,3
6676,8470,3
6684,12730,3
6684,15785,3
6684,18932,3
6684,19575,3
6689,16846,3
6693,11267,3
6695,9757,3
6695,9766,3
6695,20804,3
6700,19397,3
6702,9336,3
6702,10521,3
6702,13958,3
6702,19719,3
6702,21421,3
6719,16463,3
6726,15227,3
6732,7966,3
6758,8221,3
6758,19019,3
6769,20159,3
6771,21715,3
6771,21718,3
6803,11007,3
6824,8229,3
6824,13078,3
6824,13363,3
6824,16044,3
6824,19901,3
6825,9958,3
6825,10935,3
6827,7749,3
6844,13227,3
6861,10465,3
6861,10832,3
6861,19924,3
6861,21147,3
6875,9757,3
6875,20804,3
6888,12912,3
6888,13752,3
6924,7769,3
6948,11484,3
6948,21066,3
6948,21266,3
6948,22043,3
6975,10038,3
6977,20673,3
6983,7292,3
6983,8096,3
6983,21255,3
6992,12956,3
6992,15894,3
7000,9958,3
7000,10935,3
7014,15556,3
7020,20456,3
7026,10667,3
7026,14135,3
7026,14664,3
7026,18930,3
7043,7509,3
7043,16208,3
7044,20494,3
7058,7784,3
7064,12168,3
7064,19304,3
7077,7849,3
7092,7204,3
7092,19232,3
7092,20072,3
7106,11732,3
7106,11838,3
7106,20544,3
7106,21650,3
7123,11635,3
7130,14385,3
7130,15678,3
7135,12007,3
7135,14336,3
7144,11198,3
7144,20478,3
7150,11269,3
7157,7462,3
7157,11027,3
7157,15842,3
7177,13198,3
7177,17250,3
7186,10770,3
7186,13756,3
7186,14946,3
7186,15011,3
7204,15550,3
7204,22472,3
7209,22365,3
7213,10334,3
7215,14135,3
7215,14664,3
7215,18930,3
7217,20690,3
7233,7859,3
7242,11022,3
7251,8769,3
7257,14042,3
7259,11536,3
7259,21756,3
7263,10071,3
7264,7695,3
7264,10256,3
7264,18368,3
7265,7547,3
7265,11859,3
7276,16772,3
7282,10431,3
7282,11741,3
7289,7795,3
7289,9066,3
7292,12240,3
7292,13581,3
7310,9153,3
7317,18413,3
7318,10138,3
7318,15211,3
7318,20744,3
7326,7849,3
7330,12164,3
7331,11745,3
7364,17572,3
7390,21637,3
7391,15529,3
7394,8586,3
7394,22276,3
7396,17533,3
7400,19379,3
7400,22687,3
7414,9517,3
7418,9757,3
7418,9766,3
7418,20804,3
7424,15160,3
7425,20354,3
7435,19379,3
7435,22687,3
7451,7826,3
7457,8229,3
7457,11437,3
7457,13078,3
7457,13363,3
7457,16044,3
7462,9154,3
7462,13803,3
7462,18968,3
7462,19714,3
7462,20528,3
7462,22126,3
7462,22675,3
7464,16033,3
7468,13740,3
7487,13633,3
7509,22486,3
7513,16707,3
7525,17051,3
7529,7941,3
7554,22198,3
7593,17827,3
7593,17850,3
7622,11276,3
7622,16888,3
7622,18583,3
7669,8281,3
7669,18529,3
7672,10912,3
7672,13892,3
7672,19744,3
7695,11439,3
7701,21394,3
7713,8466,3
7713,13718,3
7713,13892,3
7713,19686,3
7736,8568,3
7738,8454,3
7738,11259,3
7738,11991,3
7738,14745,3
7738,15276,3
7738,15935,3
7742,19286,3
7745,19618,3
7750,21833,3
7750,22025,3
7762,16671,3
7769,19872,3
7783,7872,3
7795,21702,3
7823,13065,3
7826,20971,3
7841,15786,3
7841,20252,3
7845,22518,3
7856,9289,3
7865,11078,3
7865,16996,3
7865,21852,3
7874,22000,3
7889,12901,3
7889,20366,3
7901,9776,3
7907,9757,3
7907,9766,3
7907,20804,3
7911,20121,3
7942,9763,3
7946,16973,3
7963,21639,3
7968,15564,3
7968,18738,3
7968,19019,3
7982,8782,3
7985,15820,3
7995,13065,3
8004,9036,3
8018,15048,3
8018,18526,3
8096,8855,3
8096,11225,3
8096,12649,3
8096,13581,3
8104,13736,3
8118,11995,3
8122,15590,3
8132,9007,3
8154,15951,3
8160,9204,3
8162,9154,3
8162,11027,3
8162,18968,3
8162,19714,3
8162,22675,3
8167,17966,3
8168,11597,3
8209,14939,3
8211,18285,3
8219,9380,3
8219,11830,3
8219,15863,3
8219,22525,3
8221,18738,3
8229,13078,3
8229,19901,3
8229,19970,3
8260,22319,3
8275,19492,3
8279,12475,3
8281,13751,3
8281,16821,3
8303,21966,3
8307,10763,3
8307,17768,3
8307,21769,3
8308,17273,3
8315,10119,3
8318,11269,3
8318,13990,3
8385,11121,3
8385,12454,3
8385,12812,3
8385,13759,3
8397,14298,3
8397,22214,3
8432,19646,3
8452,14151,3
8454,9983,3
8454,11382,3
8456,11137,3
8466,14049,3
8466,17393,3
8466,18736,3
8466,19686,3
8467,12735,3
8467,20609,3
8470,8825,3
8470,16316,3
8486,10461,3
8505,13913,3
8521,17854,3
8524,11195,3
8524,22241,3
8532,16966,3
8545,12437,3
8545,17553,3
8545,18752,3
8545,19903,3
8568,10939,3
8586,15073,3
8618,12155,3
8624,11223,3
8677,11484,3
8677,17267,3
8677,21066,3
8692,10881,3
8700,22087,3
8714,13771,3
8714,19118,3
8734,12426,3
8758,8884,3
8758,9870,3
8758,10940,3
8758,18485,3
8783,18459,3
8823,19942,3
8828,14714,3
8840,11619,3
8855,21255,3
8868,10469,3
8878,13749,3
8878,16404,3
8884,10708,3
8884,11868,3
8884,18097,3
8884,18849,3
8884,22540,3
8933,11788,3
8933,20647,3
8937,22105,3
8958,16519,3
9009,22398,3
9028,11942,3
9028,13422,3
9053,13154,3
9066,21702,3
9097,10992,3
9097,19651,3
9098,11121,3
9098,12454,3
9115,12620,3
9122,22646,3
9144,15725,3
9154,18774,3
9154,19997,3
9154,22126,3
9165,9704,3
9165,22030,3
9187,18338,3
9187,18529,3
9187,21140,3
9190,10350,3
9223,10710,3
9223,16298,3
9223,19118,3
9239,14042,3
9240,12645,3
9260,12215,3
9275,15213,3
9303,17968,3
9308,15925,3
9317,19981,3
9336,13424,3
9336,13958,3
9336,19719,3
9357,11921,3
9357,15362,3
9357,21756,3
9380,13059,3
9386,17653,3
9392,14045,3
9392,17079,3
9411,9957,3
9411,12975,3
9411,13330,3
9411,14059,3
9411,20220,3
9436,11493,3
9477,12454,3
9477,12730,3
9477,13759,3
9501,15134,3
9514,16239,3
9540,10261,3
9540,12232,3
9540,13935,3
9540,21383,3
9574,16490,3
9585,14518,3
9602,17970,3
9602,19698,3
9602,21295,3
9647,13981,3
9647,19073,3
9647,22007,3
9660,10876,3
9660,19274,3
9660,19890,3
9677,15150,3
9678,10763,3
9678,17768,3
9678,21769,3
9699,17777,3
9704,13101,3
9704,16337,3
9711,16361,3
9711,22365,3
9722,13749,3
9722,16404,3
9727,11121,3
9727,12454,3
9746,17485,3
9749,9957,3
9749,11771,3
9749,12975,3
9749,13330,3
9749,14059,3
9749,20220,3
9757,13069,3
9757,15262,3
9757,16900,3
9757,19585,3
9765,10701,3
9765,21068,3
9766,9956,3
9766,13069,3
9766,15262,3
9766,16900,3
9766,18891,3
9766,19585,3
9809,22302,3
9837,14683,3
9837,18436,3
9837,21859,3
9838,15430,3
9868,19073,3
9868,22007,3
9870,10708,3
9870,14612,3
9870,18097,3
9870,20665,3
9894,18419,3
9900,19626,3
9906,17250,3
9922,15160,3
9929,14811,3
9943,20386,3
9949,16472,3
9949,20836,3
9951,11334,3
9951,12802,3
9956,20804,3
9957,11741,3
9957,12424,3
9957,21692,3
9958,10016,3
9959,13312,3
9964,10914,3
9978,12749,3
9983,11991,3
9983,14745,3
9983,15276,3
9983,15935,3
9987,18751,3
9987,19019,3
10011,13156,3
10011,18880,3
10016,10935,3
10039,20102,3
10049,10461,3
10071,16177,3
10105,11608,3
10105,11735,3
10109,13491,3
10129,21725,3
10138,19653,3
10142,11276,3
10142,16888,3
10142,18583,3
10173,13363,3
10173,16044,3
10173,20790,3
10231,19959,3
10252,11602,3
10258,18829,3
10261,13935,3
10306,14775,3
10306,14855,3
10306,16287,3
10317,13752,3
10334,14308,3
10345,15134,3
10345,20690,3
10349,14374,3
10353,12035,3
10353,22264,3
10359,13268,3
10359,14428,3
10364,10667,3
10364,14135,3
10364,14664,3
10364,18930,3
10374,15578,3
10396,20657,3
10419,18672,3
10419,18887,3
10419,21634,3
10431,13364,3
10431,13665,3
10431,20767,3
10433,19942,3
10433,20226,3
10434,11942,3
10434,13422,3
10452,17619,3
10454,18059,3
10454,21473,3
10469,21050,3
10475,18793,3
10475,19373,3
10499,11778,3
10514,10667,3
10514,14135,3
10514,14664,3
10520,13196,3
10520,18915,3
10521,13424,3
10521,19719,3
10521,21421,3
10572,20149,3
10574,21132,3
10655,10667,3
10655,14135,3
10655,14664,3
10655,18930,3
10667,20569,3
10667,21829,3
10673,18774,3
10677,18033,3
10677,18293,3
10690,13420,3
10708,10940,3
10708,18485,3
10763,11171,3
10770,12464,3
10770,17735,3
10793,18777,3
10825,19422,3
10831,12070,3
10832,18511,3
10832,19688,3
10846,20173,3
10851,17336,3
10851,19193,3
10876,22193,3
10878,14173,3
10896,11608,3
10912,14049,3
10912,15727,3
10912,19686,3
10912,21874,3
10914,14203,3
10914,16720,3
10938,19305,3
10940,18097,3
10940,18849,3
10940,22540,3
10953,17273,3
10955,11121,3
10955,12454,3
10955,12812,3
10955,13759,3
10967,21870,3
10992,22566,3
11002,13962,3
11002,17525,3
11022,16351,3
11027,13803,3
11027,18774,3
11027,19714,3
11027,22126,3
11027,22675,3
11032,13130,3
11072,21552,3
11075,16966,3
11076,14863,3
11076,16956,3
11078,20168,3
11096,14364,3
11109,15793,3
11120,20673,3
11121,12812,3
11121,12853,3
11121,13759,3
11141,13443,3
11170,19442,3
11171,17768,3
11171,21769,3
11192,22023,3
11228,22431,3
11246,19677,3
11259,11382,3
11269,19535,3
11276,18583,3
11293,13962,3
11293,17525,3
11293,20875,3
11302,16447,3
11382,13586,3
11382,14745,3
11382,15276,3
11382,15935,3
11388,14087,3
11388,18093,3
11388,21178,3
11401,14948,3
11437,13078,3
11437,15351,3
11437,19901,3
11437,19970,3
11455,19028,3
11484,17854,3
11484,21679,3
11506,16383,3
11507,12465,3
11521,20149,3
11522,18762,3
11522,20415,3
11561,14045,3
11561,17079,3
11584,20299,3
11609,13196,3
11609,18915,3
11609,22666,3
11611,16630,3
11622,18017,3
11633,18151,3
11638,14298,3
11638,22214,3
11646,13740,3
11652,12246,3
11652,15628,3
11669,16353,3
11681,14964,3
11697,14457,3
11697,18593,3
11697,19913,3
11727,19885,3
11738,13913,3
11741,11771,3
11741,12601,3
11741,19210,3
11741,20220,3
11741,20767,3
11745,17297,3
11751,22572,3
11756,15644,3
11766,20107,3
11770,16550,3
11771,12424,3
11788,18059,3
11788,21473,3
11799,15633,3
11830,13059,3
11868,15921,3
11868,16364,3
11868,19138,3
11872,16180,3
11890,21740,3
11891,13202,3
11907,12864,3
11921,12283,3
11921,21756,3
11941,13446,3
11973,15596,3
11988,13382,3
12005,16468,3
12007,14336,3
12050,19912,3
12069,16005,3
12074,16372,3
12074,17651,3
12083,22254,3
12133,19942,3
12138,16858,3
12151,13666,3
12151,17807,3
12155,18593,3
12163,13268,3
12190,22451,3
12191,17366,3
12220,15176,3
12237,20726,3
12246,20282,3
12255,14649,3
12255,21550,3
12276,16647,3
12281,14868,3
12335,16795,3
12348,13785,3
12366,18051,3
12376,21981,3
12381,21588,3
12424,12975,3
12424,13330,3
12424,14059,3
12424,20220,3
12435,19912,3
12437,16375,3
12437,16572,3
12437,18752,3
12437,19903,3
12438,14186,3
12454,12730,3
12454,12812,3
12454,12853,3
12454,13759,3
12454,15597,3
12454,18547,3
12454,19575,3
12454,19717,3
12454,20366,3
12464,14859,3
12464,14946,3
12475,16088,3
12494,15550,3
12540,17847,3
12562,13261,3
12562,16385,3
12578,19269,3
12579,17803,3
12604,16472,3
12604,20836,3
12604,20926,3
12620,18572,3
12627,15912,3
12644,16772,3
12649,21255,3
12657,15886,3
12673,17916,3
12684,13753,3
12684,14110,3
12684,14401,3
12684,21682,3
12730,12901,3
12730,15785,3
12730,19717,3
12735,16705,3
12735,16967,3
12749,14612,3
12749,18485,3
12749,20665,3
12749,22540,3
12790,16598,3
12812,19717,3
12821,22632,3
12901,15785,3
12901,18050,3
12901,18932,3
12901,19575,3
12916,13913,3
12935,13491,3
12956,13273,3
12975,21692,3
12978,16707,3
13038,14886,3
13038,17392,3
13049,13580,3
13049,17970,3
13049,19698,3
13049,21295,3
13056,18030,3
13059,15863,3
13059,22525,3
13078,13363,3
13078,15351,3
13078,16044,3
13078,18583,3
13078,19970,3
13083,14799,3
13096,19754,3
13101,22030,3
13117,19244,3
13154,15486,3
13164,13715,3
13164,18468,3
13187,19045,3
13195,20149,3
13213,13678,3
13213,18459,3
13213,19076,3
13261,16385,3
13273,15046,3
13289,20149,3
13309,18679,3
13309,20121,3
13347,13580,3
13347,21295,3
13363,15351,3
13363,19901,3
13363,19970,3
13371,15211,3
13371,20744,3
13382,19068,3
13385,20197,3
13414,19845,3
13424,13958,3
13446,15556,3
13477,18736,3
13513,20173,3
13563,18438,3
13581,21255,3
13596,17988,3
13599,18500,3
13637,17736,3
13653,15573,3
13656,18419,3
13661,16722,3
13661,21198,3
13666,22052,3
13679,21132,3
13715,15573,3
13719,19977,3
13719,20834,3
13720,19691,3
13751,18338,3
13751,18529,3
13751,21140,3
13756,17735,3
13759,19717,3
13764,16691,3
13764,22076,3
13769,15786,3
13769,20252,3
13771,20741,3
13786,19079,3
13793,20244,3
13810,16691,3
13810,22076,3
13842,16088,3
13851,22068,3
13892,17393,3
13892,18736,3
13892,19686,3
13900,17619,3
13900,19379,3
13913,14787,3
13958,18672,3
13958,21634,3
13981,14363,3
13981,16685,3
13981,16828,3
13989,19615,3
13990,19535,3
14004,16846,3
14027,14913,3
14027,21969,3
14059,21692,3
14097,15902,3
14122,15160,3
14128,18000,3
14128,18689,3
14131,21350,3
14135,21829,3
14142,14788,3
14142,17373,3
14151,18447,3
14163,22264,3
14173,14676,3
14173,17219,3
14237,14778,3
14332,16840,3
14363,19073,3
14363,22007,3
14370,19876,3
14376,18000,3
14376,18689,3
14385,15116,3
14385,15405,3
14385,18685,3
14429,16769,3
14583,22375,3
14612,16209,3
14612,16364,3
14612,18485,3
14612,19138,3
14613,19963,3
14613,22646,3
14649,17225,3
14664,20569,3
14676,17189,3
14683,18436,3
14726,21828,3
14746,21466,3
14775,14855,3
14775,16287,3
14793,16361,3
14793,22365,3
14795,17684,3
14842,19615,3
14859,17735,3
14868,22611,3
14878,18016,3
14878,21885,3
14886,20215,3
14920,17827,3
14920,17850,3
14946,17735,3
14999,15995,3
15012,20968,3
15041,21410,3
15048,16324,3
15073,22276,3
15087,19223,3
15094,16797,3
15107,19977,3
15107,20834,3
15134,18139,3
15160,18435,3
15211,19653,3
15245,19882,3
15262,20804,3
15339,22123,3
15351,16044,3
15351,19901,3
15378,20634,3
15405,15678,3
15460,21813,3
15550,19232,3
15550,20072,3
15573,16578,3
15577,20173,3
15580,15925,3
15595,19020,3
15597,15785,3
15597,18932,3
15605,21090,3
15610,17009,3
15617,16951,3
15617,18692,3
15628,20282,3
15671,18915,3
15678,18685,3
15680,18751,3
15692,21662,3
15703,19011,3
15727,18736,3
15728,17587,3
15728,22093,3
15785,18547,3
15785,19575,3
15786,22021,3
15802,20149,3
15820,22627,3
15821,20354,3
15842,18774,3
15842,20528,3
15886,16709,3
15902,17533,3
15921,18849,3
15921,20665,3
15981,19766,3
16033,19747,3
16044,19901,3
16096,17587,3
16096,22093,3
16150,19394,3
16189,21833,3
16189,22025,3
16193,21937,3
16208,22486,3
16209,18849,3
16209,20665,3
16298,20741,3
16364,18849,3
16364,20665,3
16372,22403,3
16375,17553,3
16375,18752,3
16375,19903,3
16394,20340,3
16402,22430,3
16468,20375,3
16527,21819,3
16572,17718,3
16598,18462,3
16631,22634,3
16679,16893,3
16679,22225,3
16685,19073,3
16685,22007,3
16691,19515,3
16703,19731,3
16705,18882,3
16705,20609,3
16757,16956,3
16757,19289,3
16828,19073,3
16846,18643,3
16888,18583,3
16967,18882,3
16967,20609,3
16996,20168,3
17036,18751,3
17057,19821,3
17077,20632,3
17086,21303,3
17113,17777,3
17189,17916,3
17189,21267,3
17190,22430,3
17208,20976,3
17225,21550,3
17229,22419,3
17249,21338,3
17256,17478,3
17257,18425,3
17267,17854,3
17267,21679,3
17273,22688,3
17286,22009,3
17297,20149,3
17336,17938,3
17373,21040,3
17392,20215,3
17393,19686,3
17393,21874,3
17450,17747,3
17476,19549,3
17533,19639,3
17553,22573,3
17572,19416,3
17627,20324,3
17651,22403,3
17695,22632,3
17703,21161,3
17801,18887,3
17801,21634,3
17807,21615,3
17846,21391,3
17847,18436,3
17854,21266,3
17854,22043,3
17879,20159,3
17919,19151,3
17938,19193,3
18030,21662,3
18050,20366,3
18059,20647,3
18077,19977,3
18077,20834,3
18096,22259,3
18097,18485,3
18223,21430,3
18338,19219,3
18338,20872,3
18338,21140,3
18357,18419,3
18419,22510,3
18436,21859,3
18459,22430,3
18485,20665,3
18485,22540,3
18522,22504,3
18529,19219,3
18529,20872,3
18529,21140,3
18547,18932,3
18583,19901,3
18584,20457,3
18672,18887,3
18672,19719,3
18736,19686,3
18736,21874,3
18738,19019,3
18752,19903,3
18752,22573,3
18774,18968,3
18774,22126,3
18786,19382,3
18793,20358,3
18848,20432,3
18849,19138,3
18887,21634,3
18891,20804,3
18930,20569,3
18930,21829,3
18932,19575,3
18932,20366,3
18951,21922,3
18968,19997,3
18968,22126,3
19021,19674,3
19072,21491,3
19076,22430,3
19079,22514,3
19115,20358,3
19118,20741,3
19138,20665,3
19219,20872,3
19219,21140,3
19232,22472,3
19274,22193,3
19373,20358,3
19515,22076,3
19546,21391,3
19575,19717,3
19575,20366,3
19576,22365,3
19585,20804,3
19649,22589,3
19653,20744,3
19686,21874,3
19688,19924,3
19719,21634,3
19766,21084,3
19795,22231,3
19845,20164,3
19846,21558,3
19890,22193,3
19901,19970,3
19942,22176,3
19955,20110,3
20049,20512,3
20072,22472,3
20080,21754,3
20149,22029,3
20208,22568,3
20220,21692,3
20252,22021,3
20456,20628,3
20467,22479,3
20647,21473,3
20656,20893,3
20658,22642,3
20690,21068,3
20772,22303,3
20872,21140,3
20951,21050,3
20971,21487,3
20981,22589,3
21066,21679,3
21084,22423,3
21178,21756,3
21225,21643,3
21352,22688,3
21421,21634,3
21679,22043,3
21917,22613,3
22126,22675,3
22127,22176,3
0,18429,4
0,21703,4
6,15153,4
6,17205,4
13,22609,4
16,19539,4
18,1695,4
19,3391,4
19,18436,4
22,11874,4
23,13286,4
25,5105,4
25,13751,4
25,14210,4
25,19219,4
34,737,4
40,13183,4
41,8546,4
41,9622,4
47,20434,4
50,8627,4
55,1012,4
55,5756,4
55,18988,4
59,9745,4
60,2079,4
60,22236,4
62,3665,4
79,6079,4
81,8260,4
81,10574,4
83,11288,4
83,17658,4
88,11144,4
88,12861,4
88,19939,4
90,20716,4
94,5183,4
94,20186,4
96,13482,4
102,14329,4
105,4559,4
105,12298,4
105,12461,4
105,12704,4
105,14305,4
105,14403,4
105,15051,4
105,15592,4
105,20048,4
105,22181,4
128,3080,4
131,17703,4
135,15833,4
136,5253,4
136,14415,4
149,10667,4
149,14135,4
149,14664,4
151,7964,4
154,6834,4
157,11326,4
157,16940,4
158,4807,4
159,1211,4
159,4739,4
159,17194,4
162,6350,4
166,4051,4
168,19401,4
170,16298,4
171,15699,4
171,21997,4
172,4534,4
180,5861,4
184,5088,4
184,21090,4
185,10582,4
193,6160,4
197,2232,4
197,11775,4
207,10267,4
208,8409,4
209,2801,4
209,11979,4
228,19684,4
236,9403,4
236,11893,4
237,871,4
239,5456,4
247,11089,4
250,13897,4
252,4027,4
253,7475,4
254,13208,4
257,22182,4
266,10065,4
268,14642,4
269,944,4
269,4370,4
269,6622,4
269,11516,4
269,12643,4
269,15203,4
271,1914,4
271,14995,4
272,1073,4
275,19844,4
280,2184,4
280,13596,4
280,15176,4
281,6939,4
281,7039,4
281,9527,4
281,13525,4
281,15343,4
286,404,4
286,2726,4
286,9718,4
286,11297,4
286,16274,4
289,6794,4
289,13466,4
293,18206,4
304,571,4
307,2802,4
307,14027,4
307,14913,4
307,21969,4
310,7202,4
310,10573,4
311,2719,4
311,2870,4
311,3112,4
311,3540,4
311,4641,4
311,8758,4
311,8884,4
311,18097,4
311,22540,4
313,16377,4
324,14355,4
333,6942,4
333,10117,4
335,470,4
343,4098,4
350,2110,4
350,3592,4
350,7776,4
350,21952,4
353,3797,4
353,14855,4
353,16287,4
361,11588,4
361,19147,4
362,21439,4
363,21889,4
367,19123,4
367,21221,4
370,17119,4
373,1797,4
374,1137,4
374,4532,4
374,5995,4
374,10955,4
374,12853,4
374,13759,4
380,17336,4
380,19193,4
381,7163,4
389,12736,4
395,8477,4
395,8665,4
395,13139,4
395,16328,4
400,14045,4
409,21302,4
413,15792,4
413,18263,4
417,2020,4
417,13208,4
421,21490,4
425,13764,4
427,15428,4
430,2263,4
430,2495,4
430,21720,4
438,14244,4
444,18387,4
448,6553,4
449,22637,4
452,6481,4
467,6516,4
467,6824,4
467,7457,4
467,15351,4
467,18583,4
469,3653,4
469,4288,4
469,8591,4
470,10620,4
470,13776,4
475,10689,4
475,15517,4
477,12572,4
479,4175,4
480,5337,4
480,6939,4
480,7039,4
480,9527,4
480,11182,4
480,13525,4
492,5437,4
492,14783,4
495,9804,4
495,22577,4
499,18688,4
503,6160,4
503,6898,4
504,15918,4
513,12281,4
516,713,4
517,649,4
518,744,4
518,1757,4
520,6957,4
520,8864,4
520,15787,4
529,13346,4
529,20565,4
531,14088,4
531,20687,4
536,2248,4
536,11296,4
536,16994,4
536,19206,4
542,963,4
542,2316,4
542,7776,4
542,11053,4
542,13147,4
542,13941,4
542,16764,4
549,13843,4
552,4748,4
552,5337,4
552,7039,4
552,9527,4
552,11182,4
552,15838,4
552,18131,4
555,7970,4
555,10571,4
556,10140,4
556,16650,4
558,1273,4
558,20049,4
560,18322,4
562,16753,4
564,1755,4
575,20250,4
581,7307,4
582,8575,4
582,12511,4
582,15862,4
582,17923,4
582,18247,4
582,19202,4
582,21933,4
587,1574,4
587,3964,4
601,1857,4
601,4594,4
601,10501,4
601,11907,4
604,3211,4
604,3771,4
604,11190,4
604,21234,4
611,1021,4
613,18006,4
614,17125,4
614,17294,4
616,7039,4
616,9527,4
616,15343,4
622,12002,4
627,2776,4
627,5658,4
627,10958,4
627,11653,4
627,15991,4
627,21841,4
641,20481,4
644,2460,4
644,11160,4
645,8554,4
658,2295,4
660,6408,4
660,7910,4
660,12918,4
662,3691,4
663,13433,4
665,15894,4
666,13902,4
667,22317,4
671,4334,4
671,10620,4
675,1161,4
675,18463,4
675,21129,4
679,10061,4
685,6745,4
688,4812,4
688,17033,4
692,19901,4
693,9600,4
693,21907,4
711,19020,4
713,4025,4
713,13825,4
713,13894,4
714,2959,4
714,4289,4
714,4496,4
714,7613,4
714,8287,4
714,9128,4
714,14780,4
714,15631,4
714,19131,4
714,19272,4
714,20000,4
716,2134,4
720,2610,4
720,9351,4
723,3787,4
728,8855,4
728,12649,4
728,13581,4
730,8154,4
740,5871,4
740,11817,4
746,20168,4
761,19608,4
774,8253,4
782,13078,4
782,19901,4
794,19044,4
796,2632,4
796,18096,4
797,2110,4
797,2687,4
797,7776,4
797,19007,4
797,21005,4
801,15250,4
803,10056,4
813,14412,4
822,13678,4
825,21584,4
835,7067,4
835,10674,4
838,9479,4
838,19646,4
842,17081,4
843,2255,4
849,17044,4
852,8406,4
852,22151,4
864,4530,4
865,4820,4
865,5890,4
865,8729,4
865,12281,4
865,14416,4
865,22611,4
869,1766,4
869,5520,4
873,14827,4
878,17813,4
886,5765,4
887,10572,4
887,11521,4
887,13195,4
887,13289,4
887,15802,4
887,17297,4
888,7102,4
888,22564,4
898,5183,4
898,18903,4
901,11375,4
905,19973,4
908,3012,4
908,9559,4
911,3500,4
911,9516,4
916,18457,4
919,8723,4
919,13151,4
919,13995,4
928,12292,4
936,3653,4
936,12189,4
936,12879,4
936,20535,4
939,19675,4
943,1006,4
943,5445,4
944,6622,4
944,12487,4
944,16492,4
944,21368,4
944,21727,4
947,6153,4
955,16512,4
963,3592,4
963,7776,4
963,10787,4
963,13147,4
963,13941,4
963,14432,4
963,16764,4
963,17849,4
963,21005,4
970,12379,4
970,12777,4
979,2971,4
979,5414,4
984,11417,4
994,8347,4
1000,19016,4
1002,1883,4
1003,14748,4
1006,6006,4
1021,18755,4
1029,13056,4
1030,14025,4
1030,14641,4
1039,1893,4
1039,5336,4
1039,11732,4
1039,11838,4
1039,20544,4
1041,19572,4
1046,15465,4
1048,10111,4
1050,22535,4
1051,6869,4
1051,13797,4
1052,6408,4
1052,12918,4
1052,18662,4
1056,8165,4
1056,14528,4
1056,15813,4
1056,16990,4
1056,20215,4
1062,1503,4
1062,2208,4
1062,5169,4
1062,6397,4
1062,7786,4
1062,9918,4
1062,9996,4
1062,10598,4
1062,11342,4
1062,15204,4
1066,12404,4
1067,13754,4
1067,16728,4
1067,17742,4
1067,20677,4
1071,13768,4
1071,22180,4
1075,1617,4
1079,13851,4
1080,12727,4
1080,13093,4
1082,4852,4
1082,14892,4
1106,2318,4
1106,10860,4
1106,19497,4
1108,7224,4
1108,11182,4
1108,15838,4
1108,18131,4
1108,22233,4
1110,9712,4
1111,17455,4
1112,4317,4
1112,9749,4
1112,9957,4
1112,11771,4
1112,12424,4
1112,12975,4
1112,13330,4
1112,14059,4
1112,21692,4
1137,6684,4
1137,12730,4
1137,12901,4
1137,18547,4
1140,7696,4
1144,17667,4
1151,1427,4
1152,9408,4
1160,11396,4
1161,21129,4
1161,22133,4
1162,10597,4
1162,11781,4
1185,10595,4
1186,19725,4
1193,8627,4
1198,9505,4
1198,19169,4
1198,19465,4
1205,10004,4
1206,8556,4
1216,7703,4
1216,17101,4
1216,18731,4
1217,9032,4
1217,18952,4
1227,2033,4
1229,5619,4
1233,11968,4
1235,7102,4
1235,22564,4
1240,14827,4
1240,17115,4
1254,12861,4
1254,19939,4
1260,9499,4
1262,15535,4
1264,9391,4
1264,9761,4
1267,22262,4
1271,13018,4
1271,16625,4
1272,17367,4
1273,3719,4
1273,16698,4
1283,20480,4
1303,4265,4
1303,15395,4
1303,17936,4
1304,3442,4
1309,15151,4
1309,22610,4
1312,4757,4
1312,6596,4
1312,6758,4
1312,11117,4
1313,2989,4
1313,5928,4
1316,20316,4
1324,15105,4
1328,7433,4
1333,6342,4
1333,12406,4
1349,6243,4
1349,8992,4
1349,9267,4
1349,12991,4
1349,17274,4
1350,11660,4
1350,22033,4
1354,11820,4
1354,20976,4
1367,14726,4
1368,7503,4
1372,6808,4
1379,8981,4
1382,8547,4
1382,14321,4
1382,18237,4
1386,7239,4
1386,8894,4
1386,21441,4
1387,3015,4
1391,5972,4
1391,10374,4
1393,15334,4
1401,2081,4
1401,2208,4
1401,5169,4
1401,6397,4
1401,9996,4
1401,11342,4
1401,15204,4
1402,21413,4
1405,8742,4
1405,20266,4
1406,18429,4
1406,18666,4
1408,17890,4
1411,16756,4
1411,19580,4
1412,5845,4
1412,19942,4
1414,10431,4
1415,12690,4
1415,16926,4
1435,2042,4
1435,21874,4
1443,3485,4
1443,7164,4
1443,20444,4
1447,8308,4
1447,10953,4
1447,22688,4
1459,3513,4
1459,8828,4
1468,22602,4
1469,17905,4
1469,17975,4
1479,12640,4
1484,2034,4
1484,2147,4
1484,7613,4
1484,9305,4
1484,13305,4
1484,14780,4
1484,15631,4
1484,15855,4
1484,16852,4
1489,4706,4
1491,12540,4
1491,18436,4
1492,1757,4
1500,13521,4
1500,15738,4
1500,17375,4
1501,10015,4
1503,4280,4
1503,7341,4
1503,7786,4
1503,9425,4
1503,9918,4
1503,10598,4
1505,11853,4
1519,13082,4
1519,17247,4
1519,21302,4
1523,18784,4
1527,8616,4
1540,16783,4
1546,4920,4
1546,5618,4
1546,14344,4
1555,6332,4
1555,10548,4
1555,15229,4
1555,17062,4
1555,19524,4
1560,11107,4
1560,15216,4
1560,16702,4
1567,2916,4
1567,16655,4
1567,20785,4
1568,7789,4
1573,11933,4
1574,2546,4
1574,4757,4
1574,6596,4
1574,6758,4
1574,17036,4
1585,17693,4
1587,16978,4
1592,6468,4
1592,10674,4
1597,19086,4
1600,9125,4
1602,11904,4
1608,3440,4
1608,5301,4
1608,11827,4
1608,13572,4
1613,21968,4
1617,1981,4
1621,1673,4
1621,5871,4
1621,11817,4
1629,18205,4
1630,5119,4
1634,19942,4
1637,17772,4
1639,7164,4
1640,13071,4
1645,6307,4
1645,6401,4
1645,21450,4
1649,16524,4
1656,12830,4
1656,17531,4
1667,5073,4
1668,14193,4
1673,9510,4
1674,2510,4
1674,21891,4
1678,9152,4
1679,12898,4
1699,9972,4
1701,18491,4
1702,17125,4
1702,17294,4
1706,12867,4
1708,13382,4
1710,7216,4
1729,5437,4
1729,14783,4
1744,6260,4
1744,7462,4
1745,22552,4
1748,16935,4
1757,2477,4
1766,12571,4
1771,7156,4
1772,14992,4
1774,3244,4
1786,7872,4
1789,3897,4
1793,15208,4
1810,15105,4
1816,7432,4
1816,10288,4
1816,12224,4
1817,14828,4
1819,16811,4
1821,12763,4
1821,17781,4
1821,18247,4
1821,18677,4
1835,6482,4
1835,17591,4
1835,21251,4
1835,21777,4
1837,8880,4
1855,5718,4
1857,4594,4
1863,13507,4
1866,15284,4
1868,2814,4
1868,6443,4
1875,17541,4
1876,8463,4
1883,18565,4
1893,13082,4
1893,17247,4
1893,21302,4
1896,5329,4
1909,22501,4
1912,21793,4
1918,5419,4
1926,18201,4
1930,2737,4
1940,4877,4
1940,8930,4
1940,12973,4
1947,21755,4
1955,11965,4
1976,6540,4
1979,6758,4
1979,8221,4
1979,9987,4
1979,15680,4
1981,6354,4
1981,6410,4
1981,8575,4
1981,10227,4
1981,12763,4
1981,18247,4
1981,18677,4
1981,19202,4
1981,21293,4
1985,9466,4
1985,22026,4
1987,22602,4
1999,9325,4
1999,12527,4
1999,16523,4
2001,14011,4
2001,19616,4
2007,13494,4
2011,8170,4
2018,6629,4
2018,14414,4
2018,18351,4
2023,12363,4
2032,9608,4
2032,18028,4
2032,21228,4
2034,2309,4
2034,2959,4
2034,4289,4
2034,4496,4
2034,13456,4
2034,20597,4
2042,17393,4
2042,18736,4
2047,13165,4
2053,13555,4
2057,5731,4
2057,15049,4
2057,18521,4
2059,18699,4
2063,14445,4
2065,21600,4
2072,12938,4
2072,14657,4
2075,14603,4
2081,4280,4
2081,7786,4
2081,9400,4
2081,9918,4
2081,10598,4
2081,10854,4
2081,15016,4
2087,3967,4
2089,13774,4
2090,6483,4
2090,9357,4
2090,18343,4
2094,16354,4
2095,11144,4
2095,12861,4
2095,14190,4
2095,19939,4
2099,11714,4
2099,21732,4
2104,8272,4
2105,8566,4
2105,9127,4
2105,13174,4
2107,2983,4
2107,3279,4
2108,7854,4
2109,7750,4
2109,22025,4
2110,10787,4
2110,10809,4
2110,13147,4
2110,19448,4
2111,14690,4
2120,11241,4
2120,11948,4
2120,19242,4
2120,20163,4
2120,20597,4
2120,21174,4
2124,4717,4
2124,7964,4
2131,18278,4
2131,18559,4
2132,8134,4
2134,8701,4
2134,16176,4
2147,2309,4
2147,2959,4
2147,7613,4
2147,11807,4
2147,14780,4
2147,20000,4
2151,17773,4
2157,6065,4
2157,9665,4
2157,17007,4
2157,20276,4
2157,22575,4
2161,18448,4
2168,10620,4
2175,15167,4
2181,22594,4
2182,15682,4
2184,12220,4
2198,20070,4
2201,12653,4
2201,14540,4
2203,4828,4
2203,7267,4
2208,7591,4
2208,9400,4
2208,9425,4
2208,10854,4
2208,15016,4
2209,21759,4
2211,3782,4
2215,19604,4
2221,18743,4
2223,6588,4
2232,4490,4
2233,3191,4
2233,9000,4
2233,13056,4
2233,17331,4
2240,11438,4
2241,4763,4
2241,6164,4
2241,8567,4
2244,16150,4
2248,6344,4
2248,12293,4
2253,3639,4
2253,17733,4
2255,18732,4
2256,8832,4
2256,11747,4
2260,7310,4
2262,4757,4
2262,6758,4
2262,11117,4
2262,18738,4
2262,19836,4
2263,2495,4
2263,18249,4
2269,12709,4
2269,16544,4
2269,17891,4
2270,14557,4
2273,14582,4
2279,6869,4
2279,13797,4
2279,21533,4
2284,6518,4
2289,7392,4
2295,3729,4
2295,5848,4
2295,7217,4
2295,15366,4
2309,13456,4
2309,15631,4
2316,3592,4
2316,7776,4
2316,8368,4
2316,13941,4
2316,14432,4
2316,17849,4
2316,21005,4
2318,20181,4
2318,21001,4
2325,13234,4
2326,13895,4
2335,2768,4
2343,3389,4
2348,10555,4
2355,9665,4
2355,20276,4
2355,22424,4
2359,10334,4
2359,10781,4
2377,9911,4
2377,11420,4
2378,5023,4
2388,3549,4
2389,6836,4
2390,4354,4
2390,19169,4
2390,19465,4
2394,16056,4
2394,18717,4
2395,9610,4
2403,14577,4
2404,5757,4
2410,18081,4
2414,6636,4
2414,21151,4
2415,22257,4
2418,2550,4
2424,16083,4
2424,16684,4
2424,21315,4
2430,20557,4
2435,3009,4
2435,15180,4
2435,19075,4
2441,9032,4
2441,20825,4
2458,12840,4
2460,11160,4
2464,10050,4
2470,19392,4
2475,19471,4
2482,12684,4
2482,21682,4
2486,19414,4
2487,5326,4
2487,12116,4
2495,18249,4
2495,21720,4
2498,12837,4
2500,17075,4
2501,10428,4
2508,16182,4
2508,17589,4
2510,17460,4
2514,8292,4
2515,18732,4
2519,19343,4
2528,3748,4
2528,4748,4
2528,11182,4
2528,16330,4
2528,18323,4
2528,22233,4
2533,18885,4
2542,17772,4
2542,20485,4
2543,13016,4
2546,12409,4
2546,18751,4
2554,5059,4
2554,9068,4
2554,13972,4
2565,16753,4
2573,3653,4
2573,4288,4
2573,12189,4
2573,12337,4
2584,13923,4
2585,9313,4
2602,2959,4
2602,4289,4
2602,4496,4
2602,6148,4
2602,8287,4
2602,9128,4
2602,13305,4
2602,14780,4
2602,19131,4
2602,19272,4
2602,20000,4
2604,13220,4
2604,22398,4
2606,11989,4
2606,15413,4
2606,17299,4
2611,6994,4
2611,10162,4
2611,16902,4
2612,13742,4
2614,3805,4
2615,10231,4
2618,19999,4
2625,5445,4
2630,7491,4
2630,9100,4
2632,21600,4
2633,6016,4
2639,13764,4
2639,13810,4
2639,19515,4
2649,6314,4
2656,12928,4
2662,3916,4
2662,10783,4
2662,12691,4
2664,11745,4
2672,11240,4
2672,11285,4
2672,18379,4
2676,20065,4
2684,16083,4
2684,16684,4
2684,21315,4
2687,10809,4
2687,13941,4
2690,9403,4
2690,11893,4
2690,18710,4
2691,12035,4
2691,22264,4
2702,6214,4
2702,10846,4
2703,13647,4
2705,9440,4
2706,7745,4
2706,9950,4
2706,19618,4
2706,20020,4
2707,17591,4
2707,21251,4
2707,21777,4
2711,18050,4
2719,12749,4
2726,9344,4
2726,9718,4
2726,11297,4
2727,10219,4
2730,9524,4
2733,15741,4
2736,19613,4
2751,7257,4
2751,13482,4
2751,19312,4
2762,2852,4
2762,4776,4
2762,6596,4
2762,19019,4
2762,19382,4
2769,8631,4
2769,15801,4
2770,16719,4
2773,10917,4
2776,12952,4
2776,21896,4
2779,20806,4
2780,5606,4
2790,18228,4
2791,8255,4
2795,3817,4
2802,9144,4
2802,14027,4
2802,15725,4
2802,21969,4
2809,17932,4
2814,8467,4
2814,16705,4
2814,16967,4
2816,5048,4
2818,21050,4
2819,8490,4
2823,8328,4
2826,13341,4
2826,13539,4
2828,4612,4
2828,21015,4
2829,18998,4
2831,8650,4
2832,16032,4
2832,20930,4
2840,14861,4
2842,5268,4
2843,14179,4
2843,19503,4
2849,20297,4
2852,11117,4
2852,17036,4
2864,4131,4
2865,3209,4
2865,7438,4
2865,12774,4
2865,17924,4
2870,2973,4
2898,19893,4
2903,19526,4
2905,20349,4
2907,5266,4
2907,8310,4
2907,11158,4
2907,15090,4
2908,11582,4
2908,15432,4
2916,3737,4
2916,11278,4
2916,11598,4
2928,8944,4
2928,16483,4
2941,3427,4
2944,12379,4
2948,10082,4
2948,18080,4
2956,11881,4
2959,13456,4
2959,15631,4
2959,15855,4
2959,16852,4
2959,20597,4
2963,4009,4
2969,6941,4
2969,15766,4
2971,16040,4
2972,14556,4
2973,3112,4
2973,3540,4
2973,4641,4
2973,8884,4
2973,10940,4
2973,11868,4
2973,18097,4
2973,18849,4
2973,22540,4
2977,7416,4
2983,4125,4
2988,10431,4
2990,13950,4
2996,8121,4
2997,18496,4
3005,5352,4
3005,13882,4
3009,17198,4
3010,9857,4
3010,16606,4
3012,12367,4
3015,22277,4
3019,5573,4
3020,14285,4
3020,16406,4
3031,14060,4
3040,12151,4
3040,21615,4
3042,8331,4
3053,18355,4
3058,8084,4
3058,8095,4
3065,3231,4
3065,20208,4
3070,19220,4
3079,13341,4
3079,19171,4
3083,20180,4
3087,12091,4
3087,13329,4
3087,18310,4
3087,21605,4
3089,13146,4
3091,11496,4
3095,17039,4
3095,18229,4
3097,3759,4
3097,8211,4
3097,18285,4
3097,20355,4
3117,16088,4
3117,16397,4
3117,18847,4
3117,21550,4
3130,11091,4
3130,17749,4
3132,6773,4
3132,10823,4
3133,3359,4
3133,10851,4
3133,19442,4
3140,5504,4
3141,7124,4
3150,10454,4
3150,11788,4
3150,20647,4
3151,4389,4
3151,6342,4
3151,12406,4
3165,3730,4
3166,3323,4
3176,22327,4
3179,11867,4
3179,22188,4
3191,9359,4
3191,15692,4
3191,15738,4
3191,16679,4
3194,11396,4
3196,13507,4
3203,18637,4
3205,8459,4
3205,18616,4
3205,19148,4
3209,8038,4
3209,9935,4
3209,14420,4
3209,15408,4
3209,18740,4
3211,20043,4
3212,15545,4
3213,11959,4
3214,10151,4
3239,4110,4
3239,8518,4
3239,17656,4
3246,14309,4
3252,12143,4
3279,4125,4
3285,5612,4
3285,11373,4
3292,5877,4
3304,6237,4
3315,8133,4
3317,18558,4
3325,6410,4
3325,8575,4
3325,10227,4
3325,12334,4
3325,12763,4
3325,18247,4
3325,21293,4
3325,21933,4
3344,16636,4
3345,5530,4
3345,12699,4
3366,7160,4
3375,15201,4
3375,16800,4
3376,14672,4
3376,14871,4
3376,17273,4
3376,21352,4
3381,10796,4
3399,5371,4
3399,17991,4
3403,11967,4
3404,4490,4
3404,11775,4
3404,17474,4
3406,14559,4
3420,14611,4
3427,13177,4
3428,9721,4
3431,3731,4
3432,7483,4
3449,10015,4
3450,4038,4
3450,7026,4
3450,20569,4
3455,8992,4
3455,11605,4
3455,14307,4
3460,21894,4
3463,4180,4
3474,19719,4
3479,14499,4
3480,15210,4
3481,20379,4
3485,20444,4
3500,9530,4
3506,17771,4
3513,10590,4
3520,20049,4
3527,5742,4
3540,12749,4
3546,21352,4
3556,20965,4
3560,6565,4
3560,11461,4
3562,6638,4
3563,10752,4
3565,5777,4
3565,12291,4
3570,17303,4
3580,10464,4
3584,8841,4
3590,11633,4
3592,10809,4
3592,11601,4
3592,13147,4
3592,13941,4
3592,14432,4
3592,16764,4
3593,17770,4
3606,19013,4
3606,20006,4
3606,20234,4
3623,10689,4
3623,14589,4
3623,16992,4
3625,17462,4
3626,14499,4
3632,4391,4
3632,4939,4
3632,10953,4
3634,5333,4
3639,11286,4
3639,16629,4
3639,20281,4
3640,7889,4
3640,18050,4
3642,5051,4
3642,7459,4
3647,15989,4
3651,11613,4
3653,21262,4
3657,22211,4
3659,12319,4
3663,8720,4
3665,9297,4
3665,11492,4
3671,12126,4
3677,13036,4
3681,10061,4
3685,9443,4
3686,12184,4
3696,5132,4
3698,9781,4
3698,11531,4
3711,13635,4
3712,4560,4
3716,10972,4
3719,20049,4
3724,18168,4
3729,9501,4
3729,18139,4
3730,7621,4
3734,10072,4
3737,14312,4
3737,16655,4
3737,20785,4
3748,4197,4
3748,17383,4
3751,10039,4
3751,20102,4
3754,17963,4
3754,20812,4
3757,5607,4
3757,20517,4
3758,13825,4
3758,13894,4
3759,14372,4
3761,6530,4
3761,14618,4
3761,17846,4
3761,19546,4
3765,16407,4
3771,9532,4
3772,18225,4
3774,11489,4
3774,16590,4
3774,16824,4
3775,16963,4
3787,19493,4
3796,15908,4
3797,12540,4
3797,18436,4
3803,10242,4
3806,7689,4
3806,8127,4
3814,18864,4
3818,21718,4
3819,10050,4
3819,17538,4
3829,5266,4
3829,15090,4
3832,9201,4
3832,16524,4
3832,18416,4
3840,14555,4
3840,15027,4
3840,22537,4
3841,18317,4
3850,8164,4
3850,21980,4
3853,22048,4
3854,11292,4
3855,11042,4
3856,12966,4
3862,5015,4
3862,21533,4
3871,4110,4
3871,17766,4
3872,22484,4
3874,16078,4
3874,16275,4
3876,7060,4
3876,12952,4
3876,21896,4
3889,11099,4
3889,13524,4
3897,14924,4
3897,19627,4
3911,11273,4
3916,10783,4
3916,12691,4
3918,21396,4
3921,7374,4
3924,7663,4
3934,3994,4
3937,7377,4
3938,11868,4
3940,19618,4
3942,8352,4
3944,14886,4
3944,17392,4
3946,14019,4
3946,21356,4
3952,5193,4
3958,8695,4
3958,22452,4
3959,14478,4
3960,8408,4
3960,18838,4
3963,19747,4
3964,7968,4
3964,8221,4
3964,11117,4
3964,19019,4
3971,7767,4
3974,19638,4
3979,6968,4
3979,8627,4
3995,16521,4
4002,12722,4
4003,10489,4
4003,17945,4
4015,22439,4
4016,18914,4
4027,18102,4
4036,18588,4
4036,20336,4
4037,5086,4
4038,16685,4
4045,14850,4
4049,21780,4
4056,16471,4
4061,12827,4
4061,19037,4
4062,19981,4
4066,7382,4
4066,9899,4
4067,18499,4
4079,8311,4
4081,7048,4
4083,14011,4
4083,19326,4
4083,19616,4
4088,7942,4
4098,10558,4
4098,13186,4
4098,18391,4
4104,8932,4
4110,4728,4
4110,8898,4
4111,4600,4
4111,16830,4
4116,16845,4
4116,19640,4
4118,10188,4
4118,12623,4
4119,10441,4
4121,6524,4
4122,4245,4
4127,14414,4
4140,15280,4
4145,14886,4
4150,14543,4
4150,18987,4
4155,9541,4
4155,12664,4
4155,18854,4
4161,10180,4
4164,7323,4
4164,7386,4
4164,21563,4
4164,21868,4
4170,11044,4
4172,21250,4
4173,7215,4
4175,5411,4
4175,6848,4
4175,13152,4
4175,15627,4
4175,21227,4
4181,8477,4
4181,8665,4
4181,13139,4
4181,16328,4
4182,6885,4
4182,7480,4
4187,8992,4
4187,9267,4
4187,11605,4
4187,12991,4
4187,14307,4
4187,17274,4
4187,21746,4
4193,8097,4
4197,7224,4
4197,15838,4
4197,16330,4
4197,18131,4
4197,18323,4
4197,22233,4
4205,19708,4
4227,5548,4
4232,13735,4
4245,7383,4
4245,21635,4
4249,18950,4
4249,21642,4
4251,21694,4
4254,5573,4
4265,6050,4
4265,14568,4
4271,9151,4
4271,13098,4
4280,5169,4
4280,9425,4
4280,11342,4
4280,15016,4
4286,18408,4
4288,17779,4
4288,20686,4
4288,21851,4
4289,9128,4
4289,16852,4
4289,20597,4
4295,7182,4
4297,18569,4
4297,19013,4
4297,20234,4
4306,19112,4
4311,13130,4
4312,14734,4
4314,5771,4
4314,7424,4
4314,9922,4
4314,18435,4
4316,4933,4
4321,14011,4
4327,21621,4
4329,10508,4
4329,16658,4
4334,8000,4
4346,9063,4
4350,12540,4
4353,15793,4
4356,10710,4
4356,13771,4
4356,19118,4
4359,12295,4
4359,13417,4
4360,19077,4
4368,13074,4
4370,12487,4
4370,14014,4
4370,15203,4
4370,21368,4
4370,21727,4
4384,21302,4
4386,9780,4
4389,9256,4
4389,15281,4
4390,7934,4
4390,10891,4
4390,10966,4
4391,18083,4
4409,16769,4
4414,7889,4
4420,17247,4
4420,21302,4
4426,5916,4
4426,10696,4
4436,6148,4
4436,7613,4
4436,8287,4
4436,13305,4
4436,14780,4
4436,20000,4
4440,19193,4
4443,12790,4
4443,18462,4
4444,10837,4
4447,6149,4
4447,11693,4
4448,9403,4
4448,11893,4
4448,15973,4
4450,17336,4
4450,19193,4
4460,16834,4
4463,12694,4
4463,14088,4
4467,8869,4
4467,22579,4
4487,8429,4
4487,21540,4
4496,9128,4
4496,9305,4
4496,15631,4
4496,16852,4
4496,20597,4
4501,9256,4
4502,10468,4
4506,7186,4
4511,8445,4
4515,6812,4
4516,12915,4
4516,18740,4
4527,6049,4
4527,10189,4
4530,4765,4
4532,6684,4
4542,8841,4
4545,4562,4
4551,17108,4
4555,9757,4
4555,9766,4
4555,10932,4
4555,12235,4
4555,15154,4
4555,20804,4
4559,15131,4
4559,22482,4
4561,6050,4
4562,12298,4
4562,12704,4
4562,13021,4
4562,20048,4
4562,20679,4
4562,21919,4
4562,22181,4
4570,15957,4
4570,21098,4
4588,8566,4
4588,9127,4
4588,14103,4
4588,16077,4
4588,19789,4
4591,6446,4
4592,14342,4
4597,20435,4
4602,4629,4
4602,21659,4
4612,16534,4
4616,11016,4
4619,8748,4
4620,22521,4
4635,20044,4
4637,18286,4
4648,5766,4
4648,8616,4
4648,9598,4
4648,9844,4
4648,13242,4
4648,21000,4
4650,21318,4
4656,22183,4
4660,22327,4
4666,10276,4
4666,22644,4
4674,7225,4
4674,9145,4
4674,11963,4
4674,11978,4
4674,17117,4
4674,19519,4
4675,12938,4
4694,7225,4
4694,7978,4
4694,9145,4
4694,11963,4
4694,11978,4
4694,17117,4
4696,7476,4
4696,11306,4
4698,20113,4
4698,21147,4
4699,17321,4
4702,7629,4
4703,16856,4
4709,17839,4
4709,20534,4
4728,8518,4
4728,17656,4
4739,16269,4
4739,17194,4
4741,11133,4
4741,21858,4
4748,11300,4
4748,17903,4
4752,5548,4
4757,7968,4
4757,8221,4
4757,15564,4
4757,19019,4
4763,16850,4
4764,20256,4
4765,16507,4
4765,19146,4
4766,12627,4
4773,11960,4
4776,6758,4
4776,12409,4
4776,15680,4
4776,19836,4
4777,7304,4
4793,12527,4
4793,15052,4
4807,8787,4
4812,19666,4
4815,7163,4
4815,20686,4
4816,15549,4
4820,8858,4
4820,12281,4
4820,14416,4
4820,22611,4
4821,8617,4
4828,10085,4
4830,11246,4
4833,6072,4
4835,9712,4
4836,7938,4
4841,11322,4
4842,9097,4
4853,8260,4
4853,10574,4
4853,11669,4
4877,5130,4
4890,6050,4
4890,15395,4
4893,21644,4
4906,10986,4
4914,12521,4
4914,20739,4
4918,8116,4
4919,6425,4
4919,10745,4
4920,10558,4
4920,13186,4
4927,18279,4
4929,8455,4
4939,7459,4
4946,21924,4
4950,14945,4
4958,10140,4
4958,16650,4
4962,21229,4
4964,7257,4
4964,7331,4
4964,10572,4
4967,9000,4
4975,13155,4
4976,10761,4
4976,21958,4
4980,7150,4
4980,8318,4
4981,8476,4
4985,6587,4
4991,12580,4
4995,10835,4
4995,15920,4
4995,22393,4
4999,22264,4
5000,18451,4
5008,10862,4
5008,20653,4
5018,5940,4
5027,7158,4
5027,20579,4
5033,14982,4
5050,5349,4
5050,15689,4
5050,17176,4
5051,18083,4
5053,8706,4
5053,19132,4
5059,5694,4
5059,20883,4
5074,14412,4
5082,18757,4
5082,22607,4
5086,5542,4
5086,11937,4
5086,12269,4
5092,7950,4
5092,8069,4
5092,10824,4
5097,13119,4
5102,19917,4
5105,9187,4
5106,9641,4
5106,13605,4
5109,13230,4
5109,17775,4
5111,18360,4
5119,12986,4
5127,15620,4
5130,8930,4
5130,12973,4
5130,20491,4
5142,12857,4
5147,5151,4
5147,12709,4
5147,17891,4
5151,6695,4
5151,16900,4
5154,10823,4
5160,10433,4
5160,22176,4
5162,5589,4
5162,11673,4
5162,20404,4
5165,6307,4
5165,6401,4
5165,19380,4
5165,21450,4
5169,7341,4
5169,9400,4
5169,10598,4
5169,15016,4
5181,19722,4
5181,21202,4
5183,21618,4
5190,8627,4
5195,11219,4
5212,9195,4
5213,6622,4
5213,16492,4
5217,6775,4
5221,11322,4
5237,19235,4
5246,7936,4
5248,18952,4
5248,20825,4
5248,22285,4
5251,13728,4
5252,21339,4
5255,17721,4
5258,11745,4
5258,22029,4
5262,7464,4
5262,18773,4
5264,21110,4
5266,14046,4
5268,20768,4
5271,20973,4
5273,16728,4
5273,17742,4
5273,20677,4
5286,8100,4
5286,14207,4
5286,14888,4
5286,18624,4
5286,19371,4
5291,9079,4
5291,10194,4
5291,16867,4
5291,21936,4
5303,11388,4
5303,14583,4
5311,16132,4
5329,21154,4
5330,8766,4
5330,15134,4
5331,19624,4
5336,13082,4
5336,21302,4
5337,7301,4
5337,9848,4
5337,11167,4
5337,11300,4
5337,13437,4
5337,17477,4
5337,22663,4
5338,21501,4
5343,20042,4
5347,11072,4
5347,14279,4
5354,11193,4
5376,17792,4
5387,10773,4
5395,15362,4
5395,21110,4
5396,12201,4
5396,17248,4
5396,19960,4
5411,14829,4
5415,11916,4
5415,13713,4
5431,12133,4
5431,22176,4
5445,6006,4
5452,22123,4
5456,19183,4
5497,21401,4
5503,16880,4
5507,12006,4
5509,18701,4
5509,19156,4
5511,12586,4
5513,9699,4
5513,17113,4
5517,6049,4
5524,21478,4
5530,11197,4
5530,17285,4
5538,7027,4
5539,12416,4
5539,20701,4
5542,12269,4
5543,6495,4
5546,21695,4
5547,18702,4
5548,20115,4
5549,7110,4
5552,13958,4
5562,13968,4
5563,18206,4
5569,8860,4
5573,8820,4
5577,16752,4
5579,7316,4
5580,8773,4
5586,7669,4
5586,16821,4
5587,14559,4
5589,12364,4
5589,20404,4
5602,16204,4
5606,11436,4
5606,18016,4
5606,18618,4
5606,21885,4
5607,21463,4
5618,13186,4
5622,15603,4
5622,21077,4
5637,21793,4
5639,6859,4
5639,8687,4
5639,9889,4
5639,13353,4
5644,8111,4
5658,12952,4
5658,21896,4
5661,5965,4
5661,12776,4
5662,22642,4
5668,6085,4
5668,15984,4
5672,6400,4
5672,9079,4
5672,9450,4
5685,8796,4
5693,12591,4
5704,9781,4
5718,16276,4
5718,22503,4
5719,8154,4
5726,13293,4
5727,6084,4
5730,9201,4
5730,18416,4
5731,11405,4
5731,15049,4
5735,8487,4
5745,19443,4
5757,7110,4
5757,17216,4
5768,11285,4
5771,8714,4
5771,9223,4
5771,20741,4
5776,8436,4
5776,12553,4
5777,12291,4
5783,12771,4
5783,15109,4
5783,19733,4
5786,7477,4
5786,10301,4
5786,11175,4
5794,19151,4
5796,6491,4
5796,19618,4
5797,20853,4
5798,17277,4
5802,6491,4
5802,13130,4
5802,19618,4
5807,10806,4
5812,10126,4
5812,20390,4
5812,21159,4
5812,21470,4
5817,8366,4
5817,17713,4
5825,11738,4
5825,12916,4
5825,14787,4
5837,7995,4
5856,8402,4
5856,10219,4
5858,16327,4
5860,18319,4
5861,5960,4
5861,8234,4
5862,12199,4
5862,12957,4
5862,20685,4
5871,17655,4
5873,7215,4
5873,10364,4
5873,21829,4
5877,9672,4
5879,6850,4
5883,8616,4
5883,9598,4
5883,13242,4
5883,21000,4
5887,9128,4
5887,9305,4
5887,13305,4
5887,15631,4
5887,16852,4
5887,20000,4
5893,16978,4
5900,11483,4
5901,22514,4
5910,16157,4
5911,9924,4
5933,14453,4
5941,16591,4
5942,16856,4
5945,9005,4
5948,7402,4
5949,14218,4
5964,9499,4
5966,21433,4
5972,13575,4
5972,13961,4
5988,18014,4
5995,6684,4
5995,12730,4
5995,12901,4
5995,15597,4
5995,18547,4
5995,19575,4
6000,11082,4
6004,17125,4
6004,17294,4
6014,20993,4
6016,18974,4
6018,17196,4
6025,18366,4
6045,6432,4
6045,9474,4
6045,14809,4
6047,18125,4
6047,21422,4
6050,14568,4
6050,17936,4
6051,10710,4
6051,13771,4
6051,16298,4
6051,19118,4
6053,8457,4
6064,15605,4
6065,9665,4
6065,20276,4
6066,6488,4
6066,11164,4
6066,13406,4
6078,22342,4
6080,19580,4
6081,20555,4
6085,16789,4
6086,10350,4
6087,12053,4
6090,7337,4
6090,10189,4
6090,11502,4
6091,19066,4
6097,18883,4
6098,18529,4
6098,20872,4
6098,21140,4
6102,15608,4
6102,18086,4
6102,18267,4
6102,18857,4
6110,21680,4
6114,11302,4
6115,20377,4
6120,9151,4
6120,13721,4
6121,13872,4
6129,8846,4
6129,11636,4
6129,12837,4
6131,8007,4
6131,20877,4
6136,13712,4
6140,12628,4
6142,7165,4
6142,17787,4
6148,10546,4
6148,11948,4
6148,13456,4
6148,19229,4
6148,19242,4
6148,20163,4
6148,20925,4
6148,21174,4
6148,22496,4
6149,14868,4
6149,19789,4
6171,19797,4
6172,9855,4
6172,16971,4
6172,22599,4
6175,16692,4
6177,14967,4
6191,12802,4
6194,6968,4
6194,8627,4
6200,17185,4
6200,21391,4
6206,19396,4
6206,21616,4
6214,17335,4
6223,11438,4
6223,18456,4
6228,6996,4
6228,20843,4
6236,18535,4
6238,14561,4
6243,8992,4
6243,12991,4
6245,17294,4
6254,9082,4
6277,7266,4
6280,20999,4
6281,15601,4
6282,7497,4
6286,10640,4
6299,6956,4
6299,11724,4
6302,17977,4
6306,21410,4
6332,14559,4
6342,15281,4
6343,7448,4
6344,11296,4
6344,19206,4
6351,14244,4
6352,15396,4
6354,12925,4
6354,19779,4
6354,20929,4
6362,8164,4
6367,7387,4
6367,7583,4
6367,11674,4
6374,9766,4
6374,10932,4
6374,15154,4
6374,20804,4
6384,8992,4
6392,8366,4
6392,17713,4
6397,7341,4
6397,7591,4
6397,9425,4
6397,10854,4
6398,15508,4
6399,11025,4
6400,8716,4
6400,10194,4
6400,17093,4
6401,8920,4
6403,9855,4
6403,16971,4
6403,18613,4
6403,22599,4
6406,7353,4
6408,12918,4
6410,12925,4
6410,19779,4
6412,15916,4
6415,16278,4
6415,19976,4
6422,21123,4
6432,10206,4
6432,13306,4
6432,14809,4
6437,15363,4
6441,6994,4
6442,17133,4
6443,8467,4
6443,16705,4
6443,16967,4
6446,17486,4
6452,11133,4
6461,9991,4
6468,10898,4
6468,11815,4
6473,12979,4
6483,11536,4
6483,21756,4
6488,13610,4
6488,17355,4
6491,9299,4
6491,9950,4
6491,13168,4
6491,13764,4
6491,13810,4
6491,16691,4
6491,19515,4
6491,19814,4
6491,20020,4
6491,22076,4
6501,7164,4
6501,11418,4
6504,20250,4
6506,10985,4
6514,19290,4
6518,10431,4
6518,11741,4
6523,10396,4
6524,20457,4
6526,17249,4
6528,19881,4
6530,19761,4
6531,16740,4
6548,11778,4
6575,12805,4
6580,21229,4
6583,13443,4
6583,20700,4
6588,17544,4
6590,14729,4
6599,12979,4
6602,14397,4
6603,11057,4
6617,16278,4
6617,19976,4
6618,8991,4
6622,11366,4
6622,11516,4
6622,11566,4
6622,12487,4
6622,14014,4
6622,21368,4
6623,6944,4
6625,14378,4
6625,17223,4
6632,19677,4
6633,18130,4
6634,9214,4
6634,11961,4
6642,21629,4
6643,18885,4
6651,11933,4
6654,18051,4
6658,6983,4
6658,8855,4
6658,13581,4
6659,19674,4
6667,14088,4
6667,20687,4
6670,19526,4
6674,11219,4
6678,19645,4
6684,9098,4
6684,9727,4
6684,10955,4
6684,12812,4
6684,12853,4
6688,11569,4
6695,16544,4
6695,17891,4
6712,8669,4
6721,8311,4
6730,11277,4
6730,20373,4
6733,13738,4
6734,20806,4
6739,14474,4
6741,13199,4
6741,19633,4
6741,21132,4
6745,9287,4
6745,15473,4
6747,19613,4
6752,11796,4
6753,20634,4
6758,11117,4
6758,15680,4
6758,19836,4
6769,10407,4
6776,8573,4
6780,14200,4
6781,18185,4
6787,18380,4
6805,15483,4
6811,17046,4
6811,20272,4
6816,13677,4
6817,10951,4
6824,20790,4
6826,9513,4
6832,21269,4
6839,8542,4
6846,19872,4
6850,17664,4
6851,10898,4
6851,11815,4
6853,17153,4
6859,8973,4
6859,9309,4
6859,12171,4
6859,16799,4
6909,20777,4
6920,7689,4
6920,8127,4
6922,17465,4
6925,16300,4
6925,18384,4
6939,15871,4
6939,17903,4
6940,9500,4
6941,17825,4
6942,10117,4
6953,9651,4
6956,7202,4
6956,10573,4
6956,11724,4
6957,15787,4
6966,22638,4
6967,19704,4
6970,15851,4
6974,10267,4
6980,9529,4
6982,12135,4
6982,16273,4
6983,18727,4
6983,21358,4
6991,10325,4
6991,18688,4
6994,11367,4
6994,16902,4
7003,10865,4
7010,7653,4
7014,14962,4
7014,18815,4
7026,14363,4
7026,16685,4
7039,9848,4
7039,10547,4
7039,17903,4
7043,18569,4
7043,20234,4
7043,21822,4
7048,9845,4
7055,12311,4
7060,10229,4
7060,10958,4
7060,11653,4
7060,15991,4
7060,21841,4
7061,12054,4
7064,13220,4
7067,10898,4
7100,11978,4
7100,17117,4
7106,17247,4
7106,21302,4
7107,19126,4
7116,18607,4
7122,11261,4
7123,20324,4
7136,12938,4
7136,14657,4
7139,21708,4
7147,9049,4
7147,11084,4
7153,13733,4
7158,15663,4
7160,14033,4
7161,8662,4
7162,15608,4
7162,18857,4
7163,8591,4
7163,20114,4
7164,20444,4
7179,7610,4
7181,20178,4
7186,14110,4
7186,14401,4
7186,21682,4
7202,10573,4
7208,15430,4
7215,16828,4
7216,14010,4
7222,17514,4
7224,9499,4
7225,9703,4
7225,11963,4
7225,19519,4
7226,13173,4
7230,17883,4
7239,8894,4
7239,21441,4
7239,22187,4
7240,13009,4
7243,7510,4
7259,22581,4
7265,12404,4
7266,11719,4
7267,10085,4
7275,9499,4
7286,11832,4
7286,16126,4
7286,22091,4
7290,12712,4
7290,18238,4
7296,9696,4
7300,19456,4
7300,21945,4
7314,13342,4
7314,16640,4
7315,11161,4
7316,21760,4
7324,7410,4
7324,9452,4
7324,14687,4
7331,13195,4
7331,13289,4
7334,15437,4
7335,8944,4
7335,13472,4
7337,10189,4
7341,9996,4
7341,15204,4
7343,17714,4
7345,14573,4
7382,9899,4
7382,19299,4
7385,9372,4
7386,11251,4
7387,7583,4
7387,10511,4
7411,8174,4
7411,8784,4
7411,15119,4
7424,20741,4
7428,10596,4
7432,10288,4
7432,12224,4
7432,16673,4
7434,10579,4
7438,9935,4
7438,14420,4
7452,7832,4
7457,20790,4
7458,11430,4
7464,11760,4
7476,11306,4
7477,10301,4
7477,16740,4
7477,21640,4
7478,19800,4
7480,12690,4
7480,16926,4
7480,19010,4
7488,21600,4
7491,18850,4
7495,14911,4
7497,21281,4
7500,9237,4
7500,14581,4
7504,12758,4
7504,15613,4
7505,12095,4
7511,9889,4
7522,10834,4
7522,10886,4
7522,13978,4
7538,9559,4
7552,9246,4
7553,8753,4
7554,8993,4
7567,21282,4
7576,9778,4
7578,11727,4
7583,11674,4
7583,21375,4
7583,21396,4
7589,10790,4
7591,10598,4
7591,11342,4
7591,15204,4
7613,11807,4
7613,13272,4
7613,15855,4
7613,16170,4
7613,19229,4
7613,20597,4
7613,20925,4
7634,19546,4
7645,19944,4
7646,17649,4
7654,19463,4
7669,9187,4
7672,7713,4
7672,13477,4
7672,13718,4
7686,22562,4
7697,17168,4
7732,14333,4
7732,16340,4
7732,19450,4
7733,22313,4
7734,9812,4
7734,21589,4
7734,22429,4
7743,9227,4
7745,13764,4
7745,13810,4
7745,19515,4
7750,8505,4
7750,12916,4
7750,13913,4
7750,14787,4
7769,9804,4
7769,22577,4
7776,10787,4
7776,10809,4
7776,13147,4
7776,13941,4
7776,14432,4
7776,16764,4
7776,19448,4
7786,9425,4
7786,11342,4
7786,15016,4
7811,19817,4
7822,16079,4
7832,14383,4
7832,17629,4
7832,19021,4
7833,15701,4
7859,20645,4
7864,17446,4
7865,10363,4
7877,15807,4
7884,17336,4
7884,19193,4
7888,13961,4
7889,12812,4
7894,12321,4
7910,12918,4
7924,17451,4
7936,21472,4
7946,12088,4
7950,12423,4
7958,17503,4
7960,10524,4
7962,18951,4
7965,15578,4
7968,9987,4
7968,11117,4
7968,17036,4
7972,16340,4
7972,18355,4
7972,19450,4
7978,9145,4
7978,11978,4
7978,17117,4
7992,14033,4
8011,19418,4
8038,12774,4
8038,17496,4
8038,17723,4
8038,19283,4
8043,15301,4
8062,10225,4
8072,14557,4
8073,21839,4
8076,8513,4
8076,11441,4
8090,14017,4
8092,19590,4
8093,16845,4
8100,9781,4
8107,17739,4
8108,15439,4
8114,15565,4
8114,15720,4
8116,19608,4
8121,9608,4
8133,16257,4
8136,11078,4
8136,16996,4
8155,15616,4
8155,15841,4
8162,10673,4
8162,15842,4
8165,12886,4
8165,13038,4
8165,20215,4
8168,18188,4
8168,21378,4
8169,9899,4
8169,19299,4
8171,17428,4
8172,8376,4
8172,12813,4
8174,15787,4
8175,9599,4
8178,10112,4
8180,16443,4
8180,17344,4
8181,21097,4
8188,16930,4
8198,16906,4
8207,12928,4
8211,14372,4
8216,14148,4
8218,18844,4
8219,8600,4
8221,18751,4
8223,17017,4
8229,16888,4
8238,15705,4
8238,22303,4
8239,22547,4
8240,15948,4
8250,18591,4
8260,19633,4
8261,19054,4
8278,12359,4
8278,14168,4
8281,18338,4
8281,18529,4
8287,10546,4
8287,11241,4
8287,11948,4
8287,13272,4
8287,13456,4
8287,19229,4
8287,20597,4
8287,20925,4
8287,21174,4
8287,22496,4
8295,16665,4
8295,21791,4
8301,19539,4
8308,10252,4
8311,20064,4
8312,14656,4
8314,12823,4
8331,21013,4
8335,19792,4
8353,8449,4
8353,19125,4
8355,9020,4
8355,11089,4
8355,12167,4
8355,15903,4
8355,21520,4
8357,16715,4
8357,18761,4
8365,9754,4
8366,17049,4
8367,9032,4
8368,11053,4
8368,11601,4
8368,13147,4
8368,21005,4
8370,10097,4
8370,14884,4
8370,15901,4
8370,17361,4
8372,11847,4
8382,17952,4
8385,12901,4
8385,18547,4
8385,20366,4
8389,20781,4
8393,18789,4
8398,19528,4
8400,21894,4
8402,12274,4
8402,15532,4
8403,11455,4
8406,22151,4
8407,10126,4
8407,14894,4
8407,20390,4
8407,21470,4
8408,16668,4
8414,14927,4
8427,21715,4
8429,8540,4
8432,10851,4
8432,17938,4
8432,19442,4
8436,12553,4
8438,16085,4
8439,10714,4
8439,21632,4
8442,11738,4
8442,14787,4
8453,17714,4
8455,22314,4
8458,13230,4
8458,17775,4
8459,18616,4
8459,19243,4
8459,19359,4
8466,19744,4
8476,16640,4
8477,22412,4
8481,9022,4
8481,9661,4
8481,17909,4
8487,17561,4
8489,10264,4
8490,15268,4
8501,9152,4
8501,19699,4
8501,21552,4
8505,16189,4
8506,11830,4
8506,22525,4
8513,13018,4
8513,16625,4
8516,9119,4
8516,15690,4
8518,8898,4
8526,12613,4
8530,18499,4
8544,11288,4
8546,11385,4
8547,12636,4
8566,9127,4
8566,16077,4
8567,16850,4
8575,13314,4
8575,17923,4
8575,19779,4
8581,8762,4
8581,13319,4
8583,20634,4
8595,13335,4
8599,14929,4
8599,16449,4
8599,20581,4
8600,13059,4
8616,17479,4
8616,20086,4
8618,14457,4
8622,19959,4
8627,17181,4
8653,16423,4
8660,18951,4
8660,21922,4
8664,12938,4
8664,14657,4
8665,22412,4
8674,12452,4
8674,16166,4
8677,17854,4
8678,9434,4
8681,14886,4
8681,17392,4
8687,8973,4
8687,12171,4
8687,13360,4
8687,16799,4
8691,18377,4
8700,17963,4
8701,17521,4
8705,10479,4
8706,20324,4
8714,18435,4
8716,9079,4
8716,9450,4
8716,10194,4
8716,18070,4
8716,21936,4
8729,8986,4
8729,13694,4
8766,15134,4
8767,9022,4
8767,9661,4
8767,11055,4
8769,14647,4
8783,13213,4
8784,11877,4
8784,13504,4
8788,19077,4
8790,16743,4
8811,9467,4
8811,15706,4
8817,16111,4
8821,17095,4
8823,12108,4
8846,11636,4
8846,16352,4
8846,16504,4
8846,18729,4
8855,18727,4
8858,8986,4
8858,14416,4
8858,22611,4
8860,13418,4
8860,17193,4
8860,19522,4
8862,12609,4
8869,12654,4
8872,18883,4
8872,21872,4
8876,8930,4
8876,12973,4
8876,20491,4
8879,10031,4
8883,18328,4
8889,12992,4
8889,16368,4
8889,21667,4
8894,21067,4
8898,17656,4
8898,17766,4
8903,13234,4
8907,13586,4
8907,14745,4
8917,22160,4
8924,17490,4
8928,11084,4
8928,21274,4
8930,12530,4
8944,16483,4
8956,17592,4
8971,12855,4
8986,13694,4
8986,14416,4
8991,21328,4
8992,9267,4
8992,17274,4
8994,12126,4
9000,9359,4
9000,12098,4
9000,13521,4
9001,12276,4
9011,12213,4
9011,12514,4
9020,15431,4
9020,21605,4
9022,11105,4
9022,19655,4
9032,20825,4
9032,20882,4
9034,18408,4
9049,11084,4
9049,12772,4
9057,16088,4
9057,16397,4
9057,18847,4
9057,21550,4
9062,10609,4
9062,16511,4
9067,19130,4
9068,22314,4
9079,9450,4
9079,16867,4
9079,17093,4
9079,18070,4
9081,19711,4
9081,21318,4
9098,15597,4
9098,18050,4
9098,18547,4
9098,19575,4
9100,18850,4
9104,10501,4
9111,14246,4
9121,10188,4
9121,12623,4
9127,11693,4
9127,13174,4
9127,14103,4
9127,19789,4
9128,11807,4
9128,13456,4
9128,20597,4
9131,14756,4
9144,10500,4
9144,14913,4
9145,9703,4
9145,11963,4
9145,19519,4
9149,17610,4
9151,13721,4
9152,19699,4
9156,12114,4
9162,20939,4
9166,15825,4
9176,10175,4
9180,16585,4
9187,20872,4
9189,18034,4
9190,22632,4
9201,10242,4
9204,21236,4
9210,16481,4
9210,22028,4
9217,12886,4
9217,14528,4
9217,15813,4
9223,9922,4
9227,16079,4
9237,17283,4
9237,20848,4
9239,11745,4
9250,17724,4
9267,12991,4
9267,21746,4
9282,18777,4
9284,12432,4
9289,18328,4
9292,11304,4
9292,13773,4
9299,13130,4
9305,11807,4
9305,13305,4
9305,16170,4
9305,20000,4
9309,9889,4
9309,13353,4
9325,19518,4
9326,15313,4
9326,17746,4
9336,18672,4
9336,21634,4
9344,9718,4
9344,16274,4
9352,19018,4
9377,18024,4
9388,21154,4
9391,9761,4
9391,12465,4
9400,9996,4
9400,11342,4
9400,15204,4
9401,10516,4
9403,18710,4
9408,20132,4
9411,10431,4
9415,11636,4
9415,16504,4
9415,18729,4
9418,16967,4
9425,9918,4
9425,10598,4
9425,15204,4
9434,18533,4
9450,10194,4
9450,16867,4
9450,17093,4
9452,11074,4
9453,13858,4
9459,18850,4
9461,17514,4
9474,13306,4
9476,11960,4
9479,17336,4
9479,19193,4
9480,18632,4
9481,22227,4
9499,16330,4
9499,18323,4
9499,22233,4
9501,21068,4
9505,19169,4
9505,19465,4
9510,11817,4
9513,15222,4
9527,9848,4
9527,13437,4
9527,15871,4
9527,17903,4
9532,11190,4
9541,18800,4
9548,16424,4
9555,14594,4
9559,21074,4
9561,21834,4
9568,13962,4
9568,17525,4
9582,21960,4
9610,19584,4
9614,12242,4
9626,9663,4
9647,10364,4
9647,10655,4
9647,21829,4
9651,17203,4
9656,10508,4
9656,16658,4
9658,20972,4
9661,19655,4
9664,17494,4
9668,10768,4
9669,9687,4
9669,22487,4
9671,10033,4
9682,10541,4
9685,12092,4
9685,19064,4
9696,20446,4
9703,11963,4
9703,11978,4
9703,17117,4
9703,19519,4
9727,12730,4
9727,12901,4
9727,15597,4
9727,18547,4
9727,19575,4
9727,20366,4
9735,14050,4
9749,10431,4
9757,12899,4
9757,17133,4
9766,17133,4
9772,19458,4
9781,11531,4
9781,14207,4
9781,15161,4
9781,19371,4
9786,11728,4
9786,21983,4
9791,12690,4
9791,16926,4
9793,10392,4
9798,19966,4
9798,21248,4
9802,12407,4
9819,16273,4
9836,22371,4
9837,10306,4
9841,15131,4
9845,10082,4
9845,18080,4
9848,13525,4
9848,15838,4
9848,18131,4
9851,13539,4
9851,19171,4
9855,16419,4
9856,17567,4
9857,11440,4
9859,15167,4
9868,10514,4
9883,17773,4
9886,22190,4
9889,13360,4
9889,16799,4
9889,18341,4
9890,12219,4
9890,18217,4
9892,10428,4
9899,19299,4
9906,13198,4
9918,11342,4
9918,15016,4
9922,20741,4
9935,17496,4
9935,17924,4
9940,16744,4
9941,12912,4
9950,13130,4
9950,13764,4
9950,19515,4
9950,19618,4
9966,15236,4
9977,10595,4
9987,18738,4
9991,22514,4
9993,19871,4
9996,15016,4
10009,11989,4
10014,16442,4
10025,19421,4
10028,19085,4
10030,21542,4
10036,19394,4
10068,17193,4
10068,19522,4
10076,12791,4
10095,14106,4
10095,14640,4
10097,14884,4
10117,13593,4
10147,12407,4
10156,19898,4
10162,11367,4
10177,10680,4
10180,21800,4
10194,16867,4
10199,14420,4
10199,21807,4
10203,13855,4
10204,17032,4
10204,21327,4
10206,13306,4
10219,12274,4
10219,15532,4
10222,20620,4
10227,15862,4
10227,17923,4
10227,18207,4
10227,18247,4
10227,21933,4
10229,12952,4
10229,21896,4
10231,11973,4
10242,18416,4
10249,13862,4
10252,10953,4
10261,12232,4
10275,20181,4
10275,21001,4
10276,20353,4
10287,16653,4
10288,16673,4
10294,20446,4
10298,13815,4
10317,12912,4
10325,12531,4
10325,17118,4
10334,16753,4
10345,10701,4
10363,20168,4
10369,16078,4
10369,19645,4
10373,20653,4
10393,11477,4
10407,17879,4
10409,11170,4
10419,10521,4
10431,12975,4
10433,12108,4
10437,14866,4
10445,20377,4
10447,12005,4
10448,21909,4
10448,22458,4
10451,15793,4
10454,21645,4
10458,17648,4
10463,14281,4
10465,18511,4
10465,19924,4
10465,21147,4
10468,11648,4
10492,18396,4
10500,14027,4
10500,15725,4
10500,21969,4
10504,15848,4
10511,21375,4
10511,21396,4
10521,17801,4
10521,18672,4
10521,21634,4
10525,20940,4
10527,12771,4
10527,15109,4
10530,19411,4
10543,20903,4
10546,19131,4
10548,14559,4
10553,10825,4
10558,18356,4
10566,17046,4
10566,19848,4
10570,18273,4
10572,11745,4
10572,21132,4
10574,20149,4
10576,17220,4
10579,20349,4
10598,11342,4
10598,15016,4
10600,14709,4
10602,14202,4
10605,18055,4
10611,11107,4
10611,15216,4
10611,16702,4
10632,22363,4
10667,19073,4
10670,11627,4
10673,22126,4
10674,11815,4
10675,14378,4
10675,17223,4
10685,14762,4
10687,14398,4
10689,14589,4
10689,16992,4
10694,16466,4
10701,18139,4
10703,12095,4
10710,15160,4
10713,21419,4
10714,20106,4
10719,21998,4
10750,19491,4
10758,21419,4
10758,22588,4
10781,16753,4
10787,11601,4
10787,19007,4
10788,13222,4
10788,19096,4
10788,19680,4
10788,20182,4
10790,21011,4
10801,22165,4
10809,21005,4
10809,21952,4
10814,18632,4
10814,21172,4
10818,14447,4
10818,14881,4
10818,19034,4
10830,16126,4
10830,22091,4
10835,18429,4
10846,19369,4
10854,11342,4
10854,15204,4
10860,20181,4
10866,11529,4
10876,17303,4
10877,15174,4
10890,17392,4
10911,21389,4
10924,16060,4
10932,12899,4
10932,17133,4
10938,14163,4
10944,14151,4
10944,18447,4
10951,18848,4
10962,19583,4
10978,16626,4
10992,18482,4
10993,15347,4
10993,19641,4
11002,11881,4
11004,19016,4
11021,20722,4
11025,12572,4
11032,13764,4
11032,13810,4
11039,21472,4
11040,20712,4
11049,14308,4
11053,13147,4
11053,14432,4
11055,11105,4
11055,19655,4
11072,14279,4
11074,21305,4
11086,18294,4
11089,18310,4
11092,11834,4
11092,20390,4
11107,16702,4
11117,18738,4
11118,13073,4
11118,21810,4
11121,18050,4
11128,18084,4
11142,21986,4
11146,15197,4
11150,16834,4
11152,16445,4
11155,18523,4
11160,18423,4
11161,15014,4
11164,11707,4
11175,21640,4
11178,17542,4
11181,18064,4
11182,11300,4
11192,12320,4
11194,19049,4
11211,22370,4
11221,21881,4
11241,19131,4
11243,20317,4
11248,14197,4
11251,21563,4
11251,21868,4
11258,16645,4
11269,22068,4
11276,13363,4
11276,16044,4
11277,19221,4
11278,14312,4
11278,20785,4
11279,22409,4
11285,17576,4
11285,22547,4
11286,17733,4
11288,13953,4
11288,15652,4
11290,12256,4
11290,13454,4
11297,12463,4
11300,11607,4
11300,15838,4
11300,18131,4
11302,21904,4
11304,13773,4
11305,19459,4
11314,19483,4
11333,19736,4
11333,20666,4
11337,16032,4
11344,13549,4
11349,19611,4
11363,16912,4
11365,22010,4
11366,11516,4
11366,15203,4
11368,16282,4
11369,13973,4
11387,16961,4
11392,13206,4
11393,22339,4
11396,17759,4
11396,22446,4
11403,17283,4
11436,14578,4
11437,16888,4
11438,13910,4
11440,16606,4
11441,13018,4
11441,16625,4
11450,19572,4
11453,21675,4
11470,20987,4
11486,20359,4
11501,16300,4
11501,18384,4
11507,17897,4
11512,21469,4
11514,21051,4
11516,11566,4
11516,14014,4
11516,15203,4
11516,21727,4
11520,15653,4
11521,13195,4
11521,17693,4
11527,20110,4
11528,15608,4
11528,18267,4
11529,19459,4
11530,22521,4
11531,14207,4
11531,14888,4
11533,18294,4
11536,12283,4
11550,14687,4
11550,21305,4
11560,19493,4
11562,20012,4
11565,22339,4
11566,15203,4
11577,12761,4
11582,17476,4
11583,14737,4
11583,15873,4
11588,12992,4
11588,16368,4
11598,14312,4
11598,16655,4
11598,20785,4
11601,13147,4
11601,13941,4
11601,14432,4
11601,17849,4
11601,21005,4
11602,17273,4
11602,21352,4
11607,15343,4
11613,20973,4
11633,20494,4
11636,18729,4
11639,18488,4
11653,12952,4
11656,13293,4
11656,13611,4
11660,22033,4
11669,19312,4
11674,17271,4
11675,15848,4
11685,12977,4
11685,15990,4
11686,14860,4
11690,16326,4
11690,20286,4
11693,13174,4
11696,12613,4
11697,12155,4
11700,12694,4
11702,15332,4
11702,16794,4
11707,13406,4
11714,18216,4
11717,17767,4
11722,16974,4
11732,17247,4
11745,22029,4
11760,20839,4
11764,19908,4
11775,17474,4
11776,14965,4
11778,19881,4
11788,13682,4
11792,12771,4
11792,15109,4
11792,19733,4
11793,21357,4
11794,13522,4
11801,17249,4
11805,17963,4
11805,22236,4
11807,14780,4
11807,15631,4
11817,17655,4
11824,17819,4
11827,20272,4
11828,12602,4
11830,17889,4
11830,20770,4
11832,16126,4
11836,13707,4
11839,18584,4
11845,15163,4
11847,12948,4
11852,16145,4
11854,16627,4
11867,22684,4
11877,13013,4
11893,18710,4
11900,13545,4
11916,15841,4
11921,14087,4
11923,18079,4
11930,18396,4
11930,19182,4
11937,19546,4
11948,19131,4
11950,19581,4
11959,15584,4
11963,11978,4
11963,17117,4
11968,14318,4
11970,20396,4
11974,20780,4
11978,19519,4
11983,15973,4
11992,14090,4
12005,12042,4
12005,15259,4
12005,19597,4
12033,17609,4
12043,16268,4
12057,21305,4
12081,13679,4
12086,14583,4
12098,13056,4
12098,17331,4
12098,21662,4
12101,18604,4
12104,20724,4
12108,22176,4
12132,18081,4
12133,20226,4
12139,22347,4
12143,22469,4
12167,13329,4
12167,15193,4
12184,15738,4
12184,17375,4
12189,12337,4
12189,21851,4
12199,18176,4
12212,12874,4
12212,18907,4
12213,19348,4
12220,15268,4
12224,12536,4
12233,20688,4
12235,12899,4
12244,16106,4
12257,13542,4
12269,19546,4
12275,14712,4
12283,21756,4
12291,20909,4
12292,17466,4
12292,20934,4
12293,16994,4
12293,19206,4
12294,15946,4
12295,13417,4
12298,22482,4
12300,13233,4
12305,20234,4
12310,13016,4
12334,13314,4
12337,17779,4
12341,22231,4
12348,20950,4
12357,13578,4
12359,13447,4
12359,14034,4
12359,20147,4
12363,17035,4
12364,19446,4
12364,20404,4
12371,20312,4
12380,14712,4
12383,13286,4
12392,22033,4
12400,16223,4
12403,15788,4
12406,15281,4
12409,19019,4
12411,15128,4
12416,22332,4
12450,20867,4
12452,20949,4
12459,12761,4
12461,15131,4
12461,22482,4
12464,13753,4
12464,14110,4
12464,14401,4
12464,21682,4
12466,22509,4
12472,18292,4
12475,16397,4
12475,18847,4
12486,19497,4
12487,12643,4
12487,15203,4
12487,16492,4
12489,17500,4
12495,13488,4
12511,12763,4
12511,17781,4
12511,18207,4
12511,21933,4
12514,19348,4
12530,12973,4
12540,14683,4
12540,16287,4
12542,13389,4
12543,19156,4
12580,15038,4
12580,15523,4
12602,14993,4
12606,17559,4
12609,22336,4
12615,18113,4
12625,22487,4
12636,14798,4
12636,18237,4
12639,19021,4
12643,14014,4
12643,16492,4
12643,21368,4
12643,21727,4
12649,18727,4
12649,21358,4
12653,20776,4
12654,22579,4
12684,17735,4
12695,14725,4
12698,14028,4
12698,17171,4
12699,17285,4
12704,15131,4
12704,22482,4
12709,16900,4
12710,16715,4
12710,18761,4
12722,15334,4
12722,16903,4
12730,12853,4
12730,13759,4
12740,20652,4
12749,18849,4
12758,16412,4
12761,20631,4
12763,12925,4
12763,17781,4
12763,19202,4
12771,18128,4
12774,15408,4
12774,18740,4
12774,21807,4
12776,14264,4
12790,21018,4
12808,19602,4
12812,15597,4
12812,18050,4
12812,18547,4
12812,19575,4
12813,21300,4
12818,13488,4
12819,15783,4
12820,16521,4
12830,22473,4
12831,16156,4
12832,14308,4
12839,17498,4
12840,19106,4
12842,20295,4
12853,15597,4
12853,18547,4
12861,14648,4
12871,21494,4
12876,18276,4
12879,21262,4
12881,17638,4
12886,15551,4
12886,15813,4
12886,16990,4
12887,13727,4
12899,14369,4
12899,15154,4
12903,22032,4
12912,14239,4
12912,15605,4
12915,19283,4
12916,16189,4
12923,18283,4
12925,19779,4
12925,20929,4
12931,13418,4
12931,19522,4
12950,15692,4
12950,18030,4
12956,15894,4
12957,14737,4
12957,15873,4
12957,18176,4
12966,14495,4
12966,19021,4
12966,19275,4
12969,20153,4
12977,15990,4
12982,14224,4
12986,19142,4
12991,17274,4
12991,21746,4
12994,22624,4
13002,18861,4
13009,19668,4
13018,21537,4
13020,15928,4
13021,15131,4
13021,22482,4
13034,19725,4
13043,13405,4
13043,17124,4
13043,18860,4
13054,19266,4
13065,14657,4
13073,21199,4
13082,20544,4
13088,15110,4
13094,21226,4
13100,14247,4
13107,17852,4
13127,20806,4
13130,13810,4
13130,16691,4
13130,19515,4
13130,19814,4
13130,20020,4
13133,16959,4
13137,16866,4
13137,20668,4
13139,17143,4
13139,22412,4
13141,21168,4
13147,14432,4
13147,17849,4
13147,19007,4
13147,21005,4
13151,13995,4
13152,14829,4
13154,20344,4
13164,14011,4
13164,19616,4
13168,13810,4
13168,19515,4
13168,19618,4
13172,22503,4
13174,14103,4
13194,21639,4
13195,13289,4
13196,15671,4
13196,17479,4
13206,13293,4
13206,13611,4
13206,20364,4
13210,16645,4
13210,21273,4
13213,16402,4
13220,22398,4
13222,19680,4
13222,20182,4
13224,20337,4
13239,16367,4
13272,13305,4
13272,19131,4
13272,20000,4
13277,14304,4
13289,13482,4
13291,15825,4
13305,16170,4
13305,16852,4
13305,20597,4
13308,13754,4
13308,17742,4
13308,20677,4
13314,19202,4
13319,17449,4
13341,13539,4
13346,18660,4
13349,20086,4
13353,13360,4
13353,16799,4
13353,18341,4
13359,13653,4
13359,16578,4
13363,16888,4
13377,16202,4
13382,16233,4
13400,18109,4
13406,13610,4
13406,17355,4
13418,14303,4
13423,19563,4
13424,17801,4
13437,15343,4
13443,20001,4
13446,18815,4
13447,15453,4
13456,14780,4
13456,19131,4
13456,19272,4
13456,20000,4
13469,18234,4
13470,13610,4
13470,17355,4
13472,16104,4
13477,13892,4
13477,14049,4
13477,19686,4
13482,15802,4
13494,17076,4
13504,15119,4
13504,15585,4
13517,20387,4
13521,17082,4
13521,17375,4
13525,15871,4
13528,21200,4
13532,17554,4
13545,16327,4
13569,18646,4
13569,19635,4
13581,18727,4
13581,21358,4
13590,18931,4
13590,22104,4
13596,15176,4
13596,15916,4
13599,19337,4
13606,17016,4
13617,16326,4
13617,20286,4
13630,14045,4
13653,14011,4
13653,16934,4
13653,17594,4
13653,19616,4
13666,18000,4
13678,17190,4
13678,18459,4
13678,19076,4
13678,22430,4
13682,20647,4
13691,14512,4
13692,20524,4
13694,14416,4
13694,22611,4
13712,17490,4
13713,15616,4
13713,15841,4
13718,13892,4
13718,14049,4
13718,15727,4
13727,19634,4
13735,17778,4
13751,20872,4
13753,17735,4
13754,13964,4
13759,18547,4
13759,19575,4
13764,19814,4
13764,20020,4
13771,15160,4
13774,14260,4
13785,15303,4
13785,19378,4
13800,21714,4
13810,19618,4
13810,19814,4
13810,20020,4
13811,16843,4
13840,20893,4
13842,18847,4
13845,15795,4
13851,19535,4
13858,21725,4
13870,21545,4
13875,19391,4
13877,19203,4
13881,13910,4
13881,18563,4
13882,16313,4
13891,20021,4
13910,18456,4
13913,21833,4
13913,22025,4
13927,17192,4
13937,22418,4
13938,14860,4
13941,19007,4
13941,21005,4
13960,19676,4
13960,19855,4
13962,14730,4
13963,16166,4
13963,20949,4
13963,20960,4
13964,16728,4
13964,17742,4
13964,20677,4
13975,17421,4
13976,19848,4
13978,15093,4
13981,14664,4
13981,18930,4
13990,22068,4
13991,14215,4
13997,14285,4
13997,16406,4
14001,16571,4
14004,20400,4
14007,19640,4
14010,14409,4
14011,15573,4
14011,16934,4
14011,18468,4
14011,19394,4
14014,15203,4
14017,14149,4
14019,21356,4
14023,21545,4
14033,14396,4
14033,21492,4
14034,14168,4
14046,15090,4
14049,17393,4
14050,21932,4
14060,15624,4
14060,17715,4
14060,19943,4
14080,20158,4
14082,17482,4
14087,21756,4
14089,18320,4
14102,14884,4
14102,17361,4
14110,17735,4
14124,19689,4
14131,18425,4
14135,22007,4
14168,20147,4
14170,16949,4
14199,16684,4
14205,15480,4
14210,16821,4
14210,21140,4
14221,22125,4
14224,18081,4
14251,18894,4
14278,18569,4
14305,22482,4
14316,20933,4
14329,19030,4
14329,21212,4
14333,16340,4
14333,18634,4
14333,19254,4
14333,20850,4
14363,20569,4
14369,17133,4
14372,18285,4
14376,21615,4
14390,21798,4
14390,22256,4
14397,22420,4
14401,17735,4
14403,22482,4
14411,21932,4
14420,17924,4
14420,21562,4
14429,20340,4
14432,21005,4
14437,21724,4
14457,18593,4
14478,20660,4
14483,22070,4
14492,15192,4
14493,20249,4
14521,19066,4
14525,20771,4
14528,16990,4
14543,18832,4
14544,20247,4
14546,16048,4
14550,18743,4
14559,15229,4
14559,17062,4
14559,19524,4
14568,15395,4
14578,16679,4
14581,15567,4
14581,17283,4
14581,20848,4
14583,16403,4
14585,14884,4
14585,15901,4
14585,17056,4
14597,18315,4
14603,19392,4
14614,16486,4
14634,20012,4
14648,19939,4
14664,22007,4
14674,17454,4
14719,14753,4
14725,21126,4
14730,17525,4
14737,20685,4
14748,16642,4
14777,17207,4
14780,15855,4
14780,16852,4
14780,19229,4
14780,20925,4
14787,16189,4
14792,15712,4
14817,20668,4
14829,15627,4
14855,18436,4
14860,20256,4
14871,16893,4
14871,22225,4
14878,17331,4
14878,19408,4
14878,21621,4
14884,17056,4
14888,18624,4
14894,20390,4
14910,21887,4
14913,15725,4
14920,20144,4
14929,21916,4
14933,20434,4
14933,21347,4
14938,18584,4
14956,19627,4
14966,20652,4
14988,22358,4
14993,21428,4
15008,20608,4
15016,15204,4
15033,15382,4
15049,18353,4
15051,15131,4
15052,19518,4
15067,22249,4
15078,15792,4
15078,18263,4
15087,21428,4
15118,16846,4
15131,18813,4
15131,20048,4
15131,21919,4
15131,22181,4
15154,17133,4
15159,21737,4
15160,16298,4
15160,19118,4
15161,19371,4
15163,15758,4
15167,16002,4
15168,20301,4
15179,16813,4
15180,17198,4
15180,17925,4
15184,18240,4
15193,15903,4
15193,20982,4
15193,21520,4
15201,16396,4
15203,21368,4
15203,21727,4
15254,19112,4
15256,18081,4
15260,15699,4
15268,17461,4
15274,16235,4
15280,17190,4
15280,22430,4
15284,18208,4
15284,19583,4
15294,22133,4
15298,20287,4
15322,20472,4
15332,16794,4
15343,15871,4
15347,17204,4
15351,20790,4
15362,22167,4
15395,17936,4
15396,15741,4
15400,17593,4
15408,17723,4
15431,20982,4
15432,17476,4
15453,20147,4
15465,22122,4
15498,20965,4
15500,21922,4
15511,16903,4
15531,16413,4
15531,17278,4
15544,21145,4
15551,20215,4
15564,17036,4
15573,19616,4
15584,20617,4
15616,22010,4
15624,20748,4
15627,20668,4
15631,16170,4
15636,15942,4
15647,16424,4
15662,18740,4
15663,21219,4
15671,22666,4
15672,16774,4
15672,20755,4
15680,17036,4
15680,18738,4
15695,18236,4
15695,22262,4
15710,19088,4
15712,19463,4
15721,19220,4
15721,21554,4
15727,19686,4
15727,21874,4
15737,17224,4
15738,17082,4
15766,17825,4
15768,19699,4
15779,17737,4
15792,17421,4
15793,19971,4
15797,20150,4
15802,17297,4
15806,18884,4
15818,18744,4
15831,18699,4
15838,17383,4
15838,17903,4
15841,22010,4
15842,22126,4
15854,22217,4
15855,20000,4
15862,21293,4
15866,17125,4
15866,17294,4
15873,20685,4
15894,17286,4
15901,17056,4
15920,18429,4
15920,18666,4
15920,21703,4
15962,21049,4
15973,18710,4
15984,16789,4
16009,20187,4
16022,17506,4
16033,18773,4
16048,16449,4
16048,20581,4
16056,18717,4
16060,17473,4
16063,21714,4
16077,19789,4
16083,16653,4
16126,22091,4
16129,20123,4
16149,16360,4
16150,21576,4
16156,18434,4
16166,20949,4
16167,16963,4
16167,18933,4
16170,16852,4
16170,19272,4
16170,20000,4
16193,16402,4
16193,22430,4
16213,20168,4
16230,17655,4
16237,22259,4
16265,19539,4
16275,21481,4
16287,18436,4
16328,17143,4
16340,18634,4
16340,20850,4
16365,22231,4
16368,21667,4
16375,18298,4
16387,19504,4
16396,16800,4
16412,21485,4
16419,16971,4
16419,18613,4
16419,22599,4
16443,19534,4
16443,20541,4
16449,19061,4
16454,21703,4
16504,18729,4
16527,22017,4
16534,21015,4
16544,16900,4
16551,18553,4
16578,19477,4
16581,18922,4
16582,17202,4
16596,19475,4
16606,17623,4
16606,21837,4
16620,18800,4
16626,20492,4
16650,19997,4
16653,16684,4
16653,21315,4
16665,21791,4
16668,18838,4
16691,19618,4
16698,20049,4
16705,17810,4
16726,19403,4
16760,18263,4
16764,17849,4
16764,19007,4
16764,21952,4
16777,16973,4
16805,20811,4
16819,20751,4
16821,19219,4
16821,20872,4
16822,21787,4
16824,17074,4
16828,21829,4
16833,18208,4
16833,19583,4
16840,21646,4
16848,19082,4
16851,18149,4
16852,20000,4
16867,16924,4
16867,18070,4
16867,21936,4
16900,17891,4
16924,18070,4
16934,19616,4
16937,17341,4
16949,18303,4
16959,21047,4
16964,21798,4
16964,22256,4
16967,17810,4
17007,22424,4
17016,21535,4
17023,18400,4
17032,22669,4
17033,19666,4
17036,19836,4
17046,19848,4
17056,17361,4
17068,21239,4
17093,18070,4
17093,21936,4
17101,18457,4
17117,19519,4
17118,18688,4
17129,18569,4
17133,20804,4
17145,21499,4
17153,19502,4
17153,19736,4
17159,19565,4
17176,22562,4
17177,18569,4
17177,20234,4
17198,17925,4
17198,19075,4
17205,18233,4
17231,18563,4
17256,22618,4
17257,21350,4
17274,21746,4
17278,22463,4
17294,19538,4
17299,18715,4
17331,21885,4
17336,19965,4
17341,22190,4
17342,21760,4
17383,18323,4
17383,22233,4
17393,19744,4
17403,17406,4
17403,21199,4
17403,21815,4
17406,21199,4
17417,19815,4
17421,18263,4
17427,20158,4
17454,20005,4
17460,21891,4
17461,19693,4
17462,19660,4
17466,20934,4
17478,22618,4
17479,22666,4
17496,18740,4
17496,21807,4
17531,22473,4
17539,18263,4
17544,20144,4
17550,19747,4
17559,17883,4
17560,20143,4
17567,19357,4
17568,22525,4
17572,21377,4
17573,19584,4
17576,18379,4
17577,21486,4
17589,19582,4
17611,20979,4
17614,17706,4
17619,19379,4
17619,22687,4
17712,19186,4
17723,18740,4
17733,20281,4
17735,21682,4
17736,21922,4
17750,18185,4
17751,20928,4
17773,19021,4
17779,20686,4
17779,21851,4
17781,17923,4
17781,21293,4
17813,22435,4
17819,18149,4
17830,19863,4
17844,21353,4
17849,21005,4
17852,18414,4
17879,18433,4
17881,20266,4
17889,22525,4
17903,18131,4
17909,19655,4
17923,19202,4
17923,21293,4
17924,21807,4
17925,19075,4
17945,19564,4
17964,18770,4
17964,19640,4
17990,20768,4
17990,22322,4
18000,21615,4
18024,19756,4
18038,21013,4
18046,18197,4
18064,20903,4
18086,22394,4
18089,20481,4
18102,21184,4
18108,18656,4
18125,19966,4
18125,21248,4
18128,19733,4
18134,21078,4
18137,19042,4
18139,21068,4
18176,20685,4
18178,20595,4
18182,20656,4
18207,18677,4
18207,21293,4
18208,19583,4
18225,20247,4
18236,22373,4
18247,21293,4
18249,21720,4
18288,20309,4
18292,20460,4
18303,19204,4
18315,20662,4
18319,19020,4
18353,18521,4
18355,18634,4
18355,20850,4
18356,18391,4
18379,22547,4
18396,19722,4
18396,21202,4
18410,21951,4
18434,22135,4
18456,18563,4
18457,18731,4
18458,18719,4
18462,21018,4
18463,20495,4
18463,21129,4
18468,19616,4
18492,18593,4
18500,19337,4
18511,19924,4
18511,21147,4
18550,20467,4
18564,20817,4
18569,22486,4
18583,20790,4
18588,20336,4
18613,19775,4
18613,20449,4
18616,19148,4
18616,19243,4
18634,19450,4
18634,20850,4
18641,19136,4
18643,20400,4
18660,20565,4
18677,19202,4
18689,21615,4
18705,20468,4
18736,19744,4
18744,20161,4
18751,19019,4
18751,19836,4
18757,22607,4
18799,20148,4
18813,22482,4
18822,19149,4
18857,22394,4
18869,21060,4
18870,20114,4
18870,20535,4
18870,20686,4
18870,21262,4
18893,20082,4
18915,21000,4
18930,22007,4
18931,22104,4
18947,21839,4
18952,19454,4
18952,20825,4
18972,19106,4
18988,21064,4
18988,21887,4
19030,22458,4
19077,20426,4
19125,20600,4
19131,19229,4
19131,20163,4
19131,20597,4
19131,20925,4
19147,21150,4
19148,19243,4
19169,22557,4
19182,19722,4
19184,19817,4
19193,19646,4
19193,19965,4
19202,19779,4
19202,20929,4
19213,21931,4
19229,20000,4
19239,22386,4
19243,19359,4
19250,21802,4
19271,21292,4
19272,20597,4
19300,21243,4
19325,21704,4
19326,19394,4
19376,22306,4
19391,20019,4
19394,19616,4
19448,21952,4
19450,20850,4
19454,20825,4
19454,22285,4
19483,22483,4
19487,21242,4
19497,21001,4
19502,19736,4
19515,20020,4
19547,19722,4
19547,21202,4
19571,20890,4
19572,19951,4
19579,21818,4
19597,20375,4
19598,19600,4
19618,19814,4
19624,20761,4
19631,22153,4
19697,20039,4
19711,21798,4
19753,22533,4
19766,19980,4
19766,22423,4
19775,22599,4
19838,21939,4
19854,19937,4
19887,21449,4
19902,21235,4
19917,21946,4
19927,20368,4
19943,20748,4
19946,20582,4
19956,20892,4
19957,21391,4
19970,20790,4
19979,21435,4
19979,21708,4
20000,20597,4
20000,20925,4
20001,20700,4
20019,20761,4
20042,20180,4
20043,21234,4
20086,21000,4
20106,21632,4
20127,21960,4
20168,21852,4
20208,21820,4
20226,22176,4
20234,22486,4
20238,20871,4
20269,20978,4
20337,21951,4
20433,20812,4
20449,22599,4
20495,21129,4
20507,21884,4
20517,21463,4
20539,20650,4
20631,22274,4
20647,21645,4
20739,22006,4
20770,22525,4
20853,21286,4
20856,21074,4
20946,21337,4
20982,21605,4
21002,21908,4
21050,21950,4
21064,21887,4
21101,22061,4
21110,22167,4
21114,22363,4
21199,21815,4
21281,22310,4
21290,22041,4
21318,22256,4
21413,22587,4
21417,22261,4
21441,22032,4
21467,21552,4
21603,21885,4
21620,22032,4
21622,21809,4
22160,22585,4
22188,22684,4
22262,22373,4
22424,22575,4
2,14718,5
24,13012,5
26,311,5
37,9452,5
37,21305,5
41,1477,5
42,8484,5
48,11312,5
48,17419,5
81,10572,5
81,21132,5
90,3556,5
90,7150,5
92,20508,5
105,3792,5
105,3941,5
105,14024,5
105,22508,5
143,238,5
143,20023,5
149,13754,5
149,16728,5
158,10141,5
159,10563,5
171,9061,5
172,9674,5
172,13853,5
185,17427,5
208,14903,5
219,10977,5
230,14482,5
234,575,5
236,15973,5
238,8885,5
238,18419,5
238,21762,5
239,17534,5
247,8355,5
247,14824,5
247,15193,5
250,2627,5
260,16509,5
262,14278,5
268,14280,5
269,17970,5
269,19698,5
269,21295,5
269,21562,5
278,3391,5
280,20582,5
281,480,5
281,9848,5
281,15473,5
282,6695,5
282,7907,5
282,9956,5
282,15262,5
282,16900,5
283,2047,5
289,4138,5
289,14051,5
298,7734,5
307,1425,5
307,13563,5
307,15725,5
311,3807,5
311,8911,5
311,9870,5
311,12749,5
313,7785,5
327,4103,5
333,19065,5
335,939,5
345,4435,5
345,18777,5
345,19913,5
348,15261,5
352,22517,5
356,359,5
358,10719,5
359,12113,5
365,7479,5
365,18029,5
368,9342,5
368,10194,5
368,15096,5
368,16924,5
368,21936,5
380,9479,5
380,10409,5
390,14351,5
396,4758,5
398,7356,5
425,9299,5
428,8224,5
433,3315,5
433,4121,5
433,14938,5
439,6067,5
448,8273,5
458,18934,5
463,17167,5
467,19901,5
469,12879,5
475,14589,5
479,13152,5
479,16866,5
479,21227,5
499,6991,5
499,22313,5
505,4429,5
516,3110,5
531,4398,5
532,18563,5
544,8031,5
545,2419,5
545,6845,5
547,780,5
552,6745,5
556,8093,5
556,19640,5
560,9466,5
576,4562,5
576,22482,5
582,20929,5
587,7968,5
589,4116,5
589,8093,5
594,12910,5
602,19663,5
609,21764,5
616,15473,5
616,17903,5
631,6853,5
631,20771,5
645,5230,5
675,8755,5
675,22133,5
685,6939,5
685,7039,5
685,9527,5
685,18131,5
701,14174,5
713,3110,5
713,12090,5
713,13232,5
713,15040,5
714,10546,5
714,11948,5
714,20163,5
714,21174,5
717,2065,5
717,2632,5
725,4483,5
730,18463,5
745,7381,5
745,18474,5
745,21134,5
746,7865,5
755,20070,5
757,7133,5
760,14669,5
776,18770,5
778,22127,5
780,6046,5
799,14332,5
804,16600,5
825,8374,5
826,3581,5
841,12881,5
843,11715,5
858,21315,5
864,7372,5
865,13174,5
865,19789,5
866,20344,5
870,6524,5
870,9945,5
878,22435,5
887,5835,5
902,12549,5
902,14410,5
908,21352,5
922,7127,5
939,10620,5
944,6613,5
944,14420,5
944,17924,5
944,20615,5
944,21295,5
944,21562,5
956,1717,5
970,14954,5
981,5908,5
1002,3451,5
1003,5343,5
1003,20180,5
1003,21262,5
1005,14296,5
1029,3191,5
1029,9000,5
1029,10953,5
1042,17727,5
1048,12432,5
1056,17392,5
1066,11859,5
1066,14155,5
1067,9237,5
1079,4980,5
1081,14476,5
1084,17807,5
1084,18689,5
1096,11579,5
1098,21828,5
1105,5088,5
1105,13752,5
1106,6885,5
1112,2376,5
1112,11741,5
1117,14707,5
1131,19957,5
1132,22125,5
1139,3758,5
1139,13894,5
1147,16359,5
1160,22286,5
1161,15294,5
1165,11424,5
1167,11035,5
1176,3631,5
1176,10473,5
1176,12602,5
1184,13446,5
1185,3194,5
1186,2291,5
1186,13034,5
1189,7133,5
1198,1402,5
1198,14726,5
1198,21413,5
1200,11458,5
1203,4403,5
1203,9804,5
1203,19872,5
1205,4676,5
1208,11484,5
1211,5097,5
1211,17194,5
1214,1769,5
1220,15113,5
1223,2912,5
1223,15470,5
1236,1554,5
1237,17304,5
1249,8413,5
1253,1840,5
1253,9804,5
1253,22595,5
1255,17692,5
1282,14934,5
1291,15035,5
1295,22566,5
1302,19650,5
1309,7353,5
1309,12325,5
1325,16510,5
1326,22468,5
1333,1999,5
1333,4793,5
1333,15052,5
1336,15260,5
1336,15699,5
1344,18010,5
1371,22463,5
1373,4118,5
1383,12113,5
1391,6808,5
1401,5202,5
1401,5260,5
1403,8825,5
1406,15920,5
1406,16454,5
1411,7923,5
1411,15939,5
1412,5160,5
1412,5431,5
1412,20226,5
1412,22176,5
1415,12486,5
1418,9309,5
1429,12947,5
1435,13892,5
1437,2348,5
1437,19980,5
1438,22603,5
1440,7785,5
1447,9505,5
1453,10398,5
1455,5767,5
1455,18362,5
1458,9781,5
1460,9742,5
1470,12269,5
1477,8357,5
1482,9308,5
1484,13272,5
1487,6983,5
1492,7350,5
1500,14317,5
1509,4049,5
1520,19895,5
1529,3338,5
1529,15783,5
1535,10401,5
1546,2855,5
1546,18391,5
1563,12092,5
1563,16832,5
1573,2978,5
1573,13495,5
1573,17573,5
1581,9312,5
1581,12023,5
1585,4853,5
1585,7257,5
1590,6683,5
1617,15862,5
1617,17781,5
1621,13704,5
1633,6352,5
1633,11987,5
1633,15741,5
1634,5431,5
1634,12108,5
1634,20226,5
1635,2774,5
1643,10818,5
1648,5936,5
1656,3774,5
1661,13653,5
1665,2214,5
1665,4686,5
1670,2538,5
1670,3209,5
1670,9935,5
1670,13580,5
1670,14420,5
1670,21562,5
1700,1855,5
1700,16276,5
1700,22503,5
1704,19969,5
1724,3593,5
1732,9695,5
1744,10140,5
1744,19997,5
1760,5102,5
1771,13603,5
1773,2465,5
1776,11935,5
1776,21192,5
1786,14415,5
1789,14956,5
1821,12925,5
1821,22053,5
1822,10275,5
1835,4099,5
1839,15460,5
1841,18213,5
1842,12439,5
1846,10149,5
1861,4735,5
1875,11368,5
1880,9725,5
1891,3235,5
1891,4611,5
1891,10914,5
1891,21162,5
1905,10114,5
1912,11325,5
1928,16926,5
1931,5083,5
1931,16357,5
1933,14009,5
1957,2392,5
1973,21947,5
1979,2262,5
1979,19382,5
1982,4444,5
1990,13992,5
1999,4501,5
2000,16021,5
2005,10537,5
2007,4816,5
2034,10546,5
2042,5149,5
2042,13718,5
2043,22455,5
2047,20787,5
2051,8956,5
2053,15610,5
2072,2264,5
2072,21074,5
2078,20401,5
2087,4195,5
2090,5395,5
2090,21178,5
2090,22167,5
2094,17484,5
2100,10812,5
2103,22550,5
2105,8858,5
2120,9128,5
2120,15631,5
2132,15467,5
2157,21159,5
2180,20964,5
2203,12156,5
2208,5260,5
2214,5342,5
2216,3128,5
2220,6238,5
2233,16893,5
2233,22225,5
2240,14313,5
2240,18272,5
2243,2459,5
2243,6532,5
2244,4083,5
2244,19326,5
2244,19616,5
2251,16823,5
2256,5109,5
2258,17637,5
2269,4555,5
2269,12899,5
2269,17038,5
2287,11385,5
2293,8664,5
2305,12333,5
2318,5559,5
2318,6572,5
2318,8534,5
2322,13446,5
2334,13877,5
2355,5812,5
2355,8407,5
2355,17007,5
2356,3096,5
2368,2604,5
2368,22398,5
2376,17307,5
2382,11168,5
2382,20943,5
2384,11143,5
2396,8300,5
2396,16051,5
2408,13056,5
2411,5759,5
2415,8535,5
2417,7164,5
2419,20343,5
2427,13906,5
2434,2526,5
2434,11915,5
2441,21632,5
2455,19159,5
2459,6696,5
2459,8491,5
2463,12926,5
2465,15647,5
2473,9446,5
2484,3835,5
2486,10629,5
2491,5102,5
2502,3962,5
2510,19976,5
2514,10750,5
2518,3479,5
2519,16692,5
2538,4516,5
2538,12643,5
2538,15662,5
2538,18680,5
2544,14411,5
2546,15680,5
2571,11715,5
2576,18943,5
2580,17159,5
2580,19159,5
2588,22620,5
2589,4754,5
2602,10546,5
2602,11241,5
2602,19231,5
2602,19242,5
2602,21174,5
2602,22496,5
2615,10120,5
2630,3358,5
2630,9432,5
2630,11226,5
2632,16237,5
2632,22259,5
2633,21087,5
2639,5796,5
2652,2992,5
2664,7257,5
2702,4973,5
2705,7680,5
2707,4099,5
2709,21825,5
2713,4659,5
2727,20158,5
2736,10686,5
2741,4710,5
2741,18057,5
2751,12081,5
2751,16353,5
2759,12970,5
2762,15564,5
2762,17036,5
2762,18738,5
2773,7409,5
2774,10594,5
2776,10958,5
2779,6430,5
2792,8260,5
2792,10657,5
2792,17297,5
2800,17862,5
2820,14452,5
2822,11489,5
2822,17074,5
2836,19042,5
2838,13995,5
2842,5596,5
2842,18040,5
2842,22322,5
2852,12409,5
2858,21986,5
2861,13705,5
2862,12881,5
2865,4370,5
2865,6622,5
2865,21742,5
2866,18409,5
2867,18557,5
2869,16463,5
2900,12978,5
2944,14954,5
2973,9870,5
2973,16209,5
2973,16364,5
2978,19584,5
2981,6776,5
2981,8573,5
2992,9342,5
2993,18474,5
2996,21228,5
3021,15354,5
3034,10837,5
3036,7070,5
3040,14128,5
3064,21322,5
3074,13349,5
3074,21000,5
3083,6198,5
3083,19805,5
3091,7604,5
3091,16090,5
3096,21438,5
3104,4285,5
3113,12033,5
3114,3125,5
3114,10906,5
3130,6866,5
3137,20095,5
3151,9325,5
3154,10044,5
3167,7085,5
3185,10175,5
3194,6828,5
3194,12679,5
3194,22286,5
3196,6890,5
3207,19380,5
3209,11366,5
3209,19021,5
3209,22170,5
3210,7335,5
3210,11142,5
3221,6396,5
3221,16582,5
3235,10960,5
3248,14924,5
3257,14636,5
3262,20781,5
3282,6177,5
3301,3437,5
3345,11197,5
3358,18850,5
3370,10041,5
3376,9359,5
3380,6153,5
3386,9023,5
3391,3797,5
3391,14683,5
3391,21859,5
3395,19693,5
3410,6471,5
3410,20040,5
3414,6676,5
3447,14861,5
3450,7215,5
3450,14581,5
3450,20067,5
3455,17274,5
3463,9289,5
3466,14827,5
3474,10419,5
3474,17801,5
3488,8328,5
3530,4103,5
3530,16374,5
3539,10291,5
3551,4235,5
3556,22373,5
3563,5765,5
3563,12756,5
3563,16476,5
3572,3976,5
3572,17326,5
3583,6236,5
3596,11333,5
3596,21541,5
3603,10185,5
3606,7509,5
3619,20250,5
3623,15517,5
3623,15703,5
3649,8906,5
3653,5769,5
3653,20535,5
3660,7467,5
3665,12322,5
3677,8565,5
3686,14317,5
3700,12052,5
3702,7059,5
3706,15978,5
3708,19380,5
3718,10294,5
3729,5659,5
3758,6290,5
3758,13962,5
3761,19957,5
3773,17945,5
3774,5387,5
3774,6541,5
3774,14639,5
3774,22473,5
3777,7800,5
3777,17198,5
3780,4042,5
3780,22492,5
3786,19611,5
3791,13025,5
3796,4976,5
3806,5669,5
3819,21945,5
3835,20762,5
3837,17968,5
3841,8953,5
3876,15991,5
3882,7819,5
3897,17051,5
3899,11631,5
3900,16783,5
3918,13316,5
3941,4562,5
3941,22482,5
3944,8165,5
3944,13038,5
3944,15551,5
3944,20215,5
3958,5596,5
3959,20660,5
3960,17016,5
3963,18773,5
3964,12409,5
3973,5223,5
3976,11360,5
4030,20814,5
4038,4173,5
4038,5873,5
4038,7500,5
4038,15567,5
4038,16828,5
4038,20848,5
4051,16999,5
4067,15689,5
4067,17176,5
4069,18566,5
4083,9669,5
4083,9687,5
4083,10237,5
4083,21576,5
4088,7995,5
4093,9276,5
4103,14496,5
4106,21310,5
4116,17964,5
4116,19997,5
4121,20457,5
4122,9833,5
4130,8714,5
4138,12059,5
4139,10140,5
4140,13678,5
4140,17190,5
4140,21937,5
4151,19631,5
4154,9104,5
4154,11907,5
4163,19402,5
4166,12740,5
4173,7026,5
4173,10514,5
4173,20067,5
4173,20569,5
4175,13137,5
4180,18328,5
4187,6384,5
4200,16415,5
4203,13927,5
4203,17192,5
4205,6457,5
4205,10094,5
4211,8272,5
4219,14157,5
4269,21278,5
4271,18507,5
4272,21300,5
4287,7616,5
4288,12189,5
4290,19071,5
4297,11830,5
4297,21822,5
4304,7350,5
4304,10208,5
4311,11032,5
4313,19939,5
4342,12310,5
4342,21349,5
4343,20515,5
4356,15873,5
4356,18176,5
4370,9935,5
4370,12774,5
4370,13580,5
4370,17496,5
4370,17970,5
4370,21295,5
4370,21562,5
4370,21807,5
4389,19518,5
4411,14584,5
4413,18499,5
4423,7872,5
4433,4543,5
4433,14768,5
4436,5887,5
4436,11807,5
4452,10866,5
4452,11305,5
4454,10570,5
4454,11859,5
4454,12404,5
4457,10801,5
4460,5827,5
4467,17720,5
4467,17836,5
4490,7020,5
4490,19979,5
4495,12059,5
4501,19518,5
4502,4775,5
4506,10454,5
4506,11788,5
4506,20647,5
4511,22176,5
4515,13591,5
4515,20813,5
4516,7855,5
4516,15417,5
4527,13108,5
4528,21029,5
4534,5447,5
4535,4555,5
4535,10932,5
4535,12899,5
4535,15154,5
4535,17133,5
4548,11021,5
4555,4632,5
4555,5147,5
4555,7418,5
4555,7907,5
4555,16544,5
4555,16900,5
4555,17891,5
4562,11814,5
4562,22508,5
4567,20377,5
4573,12232,5
4586,21908,5
4588,7777,5
4600,5038,5
4602,12018,5
4602,21548,5
4610,16179,5
4610,21239,5
4632,12235,5
4632,12899,5
4648,13196,5
4648,20086,5
4650,14390,5
4654,6286,5
4666,16034,5
4674,13810,5
4675,7823,5
4682,17070,5
4691,8253,5
4699,9006,5
4703,5942,5
4708,15395,5
4717,7538,5
4738,6435,5
4739,10563,5
4739,13119,5
4741,6452,5
4748,6044,5
4748,6939,5
4752,19674,5
4758,11222,5
4764,13938,5
4767,12521,5
4773,20950,5
4775,10288,5
4775,10468,5
4775,16673,5
4785,10073,5
4793,15281,5
4797,20730,5
4807,13048,5
4807,22452,5
4815,20019,5
4820,16077,5
4837,9514,5
4840,12069,5
4842,19651,5
4848,8950,5
4848,17529,5
4852,22271,5
4867,7938,5
4868,20028,5
4911,8094,5
4916,10431,5
4916,17307,5
4917,12789,5
4923,9677,5
4937,5303,5
4937,21756,5
4939,14672,5
4941,16748,5
4958,16845,5
4960,5827,5
4964,5835,5
4964,17693,5
4967,21662,5
4973,13513,5
4973,17335,5
4975,8001,5
4978,18795,5
4980,18236,5
4981,6501,5
4992,10766,5
4995,18666,5
5000,11095,5
5010,8071,5
5024,19090,5
5033,18286,5
5053,11635,5
5053,17627,5
5059,5404,5
5069,11492,5
5084,8973,5
5084,15666,5
5084,22488,5
5086,6841,5
5086,19957,5
5088,6064,5
5088,6327,5
5088,12912,5
5099,9026,5
5102,13921,5
5109,14636,5
5109,20380,5
5133,15294,5
5133,19114,5
5145,14510,5
5147,14043,5
5147,15115,5
5151,6875,5
5151,7418,5
5151,9956,5
5151,10932,5
5151,13069,5
5151,15262,5
5153,11898,5
5155,7836,5
5166,13727,5
5166,16474,5
5175,7671,5
5175,12266,5
5175,17692,5
5181,19806,5
5202,9400,5
5202,10854,5
5202,15204,5
5205,13613,5
5206,13735,5
5213,17970,5
5213,21295,5
5213,21562,5
5241,15341,5
5244,15395,5
5258,13289,5
5260,9400,5
5260,10854,5
5273,14135,5
5291,12715,5
5303,11921,5
5317,10489,5
5323,9284,5
5330,7217,5
5330,21068,5
5331,21262,5
5334,16357,5
5337,6044,5
5356,18073,5
5361,19156,5
5375,8714,5
5375,9223,5
5379,8267,5
5379,19777,5
5379,19780,5
5380,8456,5
5387,17074,5
5387,22473,5
5388,17365,5
5388,22089,5
5393,16922,5
5397,12324,5
5410,8868,5
5441,18396,5
5441,19182,5
5441,21202,5
5461,8275,5
5463,21084,5
5465,10444,5
5499,18286,5
5525,18242,5
5529,18020,5
5530,12699,5
5542,6841,5
5542,16265,5
5543,6751,5
5545,15565,5
5545,15720,5
5548,6659,5
5548,12480,5
5551,7925,5
5552,10419,5
5559,10275,5
5568,8695,5
5580,10511,5
5583,17855,5
5593,5758,5
5593,18679,5
5596,13048,5
5596,22452,5
5597,5967,5
5606,9961,5
5619,10810,5
5627,11820,5
5637,6273,5
5637,11325,5
5639,21631,5
5639,21783,5
5643,7872,5
5656,8516,5
5657,16983,5
5658,15991,5
5663,17812,5
5666,5699,5
5670,17964,5
5670,18770,5
5670,19640,5
5693,8832,5
5694,22314,5
5696,10790,5
5719,13906,5
5720,12481,5
5740,11436,5
5759,12377,5
5769,18870,5
5769,20761,5
5778,20547,5
5786,21640,5
5798,18622,5
5807,14685,5
5812,6065,5
5812,11092,5
5812,20276,5
5837,13065,5
5838,12606,5
5838,19424,5
5850,5967,5
5850,14298,5
5854,11643,5
5856,20158,5
5871,11897,5
5871,18085,5
5873,9237,5
5873,11403,5
5874,20667,5
5880,8202,5
5880,16542,5
5883,13196,5
5883,17479,5
5883,22666,5
5887,20925,5
5890,9127,5
5890,19789,5
5909,14892,5
5917,10466,5
5930,8662,5
5930,20021,5
5937,14601,5
5956,12184,5
5956,15738,5
5966,16497,5
5966,18332,5
5980,22482,5
6004,12265,5
6012,14598,5
6019,17964,5
6019,19640,5
6021,22023,5
6044,7039,5
6044,10547,5
6047,21248,5
6049,10189,5
6065,14894,5
6065,22575,5
6067,21947,5
6080,7116,5
6080,18607,5
6086,7257,5
6086,13199,5
6086,19633,5
6086,22029,5
6090,22408,5
6096,9952,5
6117,8314,5
6117,9091,5
6130,19264,5
6131,11955,5
6149,8858,5
6149,13694,5
6153,15428,5
6182,11696,5
6191,11334,5
6200,12269,5
6217,16051,5
6226,22148,5
6232,7075,5
6233,13250,5
6260,16650,5
6263,7800,5
6263,17198,5
6273,7835,5
6278,14414,5
6280,6647,5
6282,18664,5
6307,11283,5
6307,19313,5
6316,14041,5
6325,15551,5
6325,15813,5
6327,21090,5
6341,19898,5
6354,13314,5
6354,17781,5
6354,18247,5
6360,7153,5
6360,13733,5
6369,8724,5
6369,9994,5
6374,6695,5
6374,12709,5
6374,16544,5
6374,17891,5
6401,11283,5
6401,19313,5
6409,10469,5
6410,21933,5
6421,22459,5
6430,8245,5
6430,13127,5
6434,11817,5
6482,17591,5
6483,18093,5
6485,14266,5
6490,13327,5
6491,9145,5
6495,13522,5
6530,6841,5
6530,19957,5
6552,18428,5
6572,10275,5
6572,12486,5
6572,20181,5
6588,17850,5
6592,12789,5
6592,22128,5
6596,9987,5
6596,15680,5
6604,10540,5
6613,11516,5
6613,11566,5
6613,12643,5
6613,18680,5
6613,21368,5
6613,21727,5
6613,22170,5
6615,16511,5
6617,14335,5
6617,18218,5
6642,18533,5
6644,12067,5
6644,21365,5
6651,9610,5
6651,13495,5
6664,10492,5
6664,11930,5
6664,18396,5
6664,19722,5
6685,10424,5
6695,14043,5
6695,15115,5
6695,17038,5
6712,18681,5
6734,11651,5
6738,17528,5
6741,10572,5
6743,10444,5
6745,17477,5
6747,13206,5
6767,12933,5
6778,14993,5
6782,9885,5
6790,21498,5
6798,21646,5
6812,10228,5
6812,13591,5
6815,8114,5
6816,15826,5
6828,22446,5
6841,9787,5
6843,10439,5
6845,20343,5
6846,9804,5
6848,15627,5
6848,20668,5
6853,14496,5
6853,16164,5
6853,16374,5
6853,20788,5
6856,9074,5
6857,9217,5
6857,13038,5
6857,14528,5
6857,20215,5
6875,12709,5
6875,15115,5
6875,16544,5
6875,17133,5
6880,22178,5
6939,15473,5
6939,15838,5
6942,10090,5
6942,13569,5
6958,14685,5
6979,19025,5
6981,9839,5
6981,17326,5
6982,9819,5
6983,11225,5
6983,12240,5
7009,16831,5
7012,11953,5
7012,13556,5
7026,16828,5
7026,17283,5
7039,15473,5
7039,15838,5
7065,14194,5
7075,15546,5
7084,11941,5
7084,20225,5
7099,12950,5
7099,19408,5
7116,14802,5
7123,19132,5
7127,11423,5
7133,11830,5
7133,15940,5
7137,8402,5
7140,20102,5
7150,22373,5
7157,14007,5
7157,19640,5
7164,15288,5
7169,12388,5
7177,16367,5
7182,21410,5
7215,9868,5
7215,12107,5
7215,17283,5
7220,14993,5
7225,19618,5
7235,16711,5
7238,12576,5
7259,18343,5
7289,7845,5
7296,11309,5
7331,17693,5
7335,16483,5
7337,11502,5
7341,18615,5
7364,19416,5
7372,18846,5
7381,13092,5
7392,9282,5
7397,12623,5
7410,9875,5
7411,15585,5
7418,12709,5
7418,12899,5
7418,17038,5
7420,15853,5
7422,22350,5
7423,15577,5
7425,19600,5
7432,10468,5
7438,12487,5
7438,12643,5
7438,21368,5
7438,22170,5
7459,14672,5
7462,10140,5
7464,21080,5
7480,12486,5
7480,21001,5
7491,18476,5
7500,10364,5
7500,16728,5
7509,9380,5
7524,12784,5
7532,22674,5
7545,14886,5
7553,11155,5
7556,16166,5
7568,11003,5
7575,21614,5
7583,13316,5
7594,7839,5
7594,21808,5
7669,14210,5
7671,12589,5
7671,17689,5
7671,21063,5
7673,13170,5
7697,17075,5
7709,8972,5
7713,21874,5
7723,21472,5
7750,8442,5
7771,20949,5
7797,19064,5
7800,8911,5
7809,13652,5
7815,17421,5
7815,17539,5
7823,8664,5
7823,17386,5
7832,9883,5
7832,17723,5
7840,19736,5
7840,20771,5
7864,21716,5
7865,14348,5
7872,15342,5
7876,11229,5
7876,14350,5
7877,11118,5
7889,9477,5
7889,18547,5
7889,18932,5
7889,19717,5
7907,14043,5
7907,17133,5
7912,21576,5
7933,12361,5
7938,12702,5
7961,14860,5
7963,21082,5
7964,21074,5
7967,10602,5
7995,8664,5
8034,13358,5
8036,20232,5
8100,19011,5
8102,18156,5
8108,16727,5
8112,15413,5
8114,17789,5
8117,22216,5
8136,10363,5
8136,21852,5
8145,9847,5
8147,15682,5
8159,9110,5
8162,19640,5
8165,10890,5
8165,17392,5
8178,21646,5
8205,9570,5
8219,17889,5
8245,11651,5
8260,16353,5
8266,19687,5
8290,10171,5
8292,10750,5
8292,12626,5
8292,12823,5
8294,14757,5
8301,12269,5
8301,19546,5
8308,10244,5
8313,12857,5
8314,12689,5
8314,19491,5
8349,12046,5
8370,17011,5
8372,16129,5
8392,19941,5
8403,12903,5
8407,20276,5
8408,13606,5
8421,17432,5
8426,16595,5
8453,14309,5
8453,16830,5
8455,13972,5
8485,18743,5
8491,21113,5
8523,11252,5
8534,10275,5
8534,10860,5
8534,12486,5
8534,19497,5
8534,21001,5
8540,21540,5
8550,19580,5
8552,14049,5
8554,21922,5
8566,8729,5
8566,14416,5
8591,10467,5
8600,11830,5
8600,17889,5
8600,21822,5
8600,22525,5
8607,11396,5
8616,15671,5
8653,19449,5
8681,20215,5
8688,16463,5
8714,14122,5
8714,21689,5
8724,16379,5
8729,13174,5
8729,16077,5
8741,15792,5
8744,10758,5
8755,18463,5
8766,15366,5
8783,17190,5
8796,22378,5
8802,13329,5
8802,18310,5
8820,22620,5
8850,19018,5
8850,21493,5
8859,13514,5
8864,15119,5
8875,13754,5
8889,17582,5
8890,20681,5
8906,12655,5
8907,11259,5
8907,13164,5
8907,15573,5
8911,17925,5
8944,11142,5
8944,13472,5
8944,16104,5
8961,16985,5
8972,12646,5
8973,15666,5
8973,22488,5
8986,16077,5
8992,11605,5
9000,14871,5
9001,16647,5
9006,11110,5
9020,12167,5
9026,11865,5
9026,21125,5
9030,21315,5
9043,18543,5
9062,14753,5
9092,16158,5
9100,18772,5
9127,13694,5
9128,11241,5
9128,21174,5
9145,13130,5
9168,22080,5
9178,16477,5
9190,22319,5
9191,15933,5
9191,21193,5
9199,18235,5
9206,22492,5
9217,14886,5
9223,14122,5
9233,13218,5
9237,9868,5
9237,13308,5
9239,13195,5
9254,11042,5
9256,19518,5
9287,13525,5
9287,15838,5
9287,15871,5
9295,9583,5
9297,19565,5
9309,18307,5
9309,22488,5
9313,13281,5
9321,14087,5
9324,14308,5
9326,13313,5
9328,14939,5
9342,14454,5
9382,16072,5
9384,14886,5
9400,11846,5
9403,11364,5
9416,12388,5
9431,14934,5
9434,21629,5
9466,19105,5
9475,18785,5
9476,12348,5
9510,11897,5
9510,13704,5
9510,18085,5
9527,11182,5
9575,16395,5
9598,15671,5
9600,13276,5
9629,21016,5
9647,20067,5
9669,19394,5
9674,10820,5
9674,13853,5
9681,16213,5
9687,10036,5
9702,17200,5
9703,13810,5
9725,9928,5
9725,12200,5
9731,19811,5
9780,12400,5
9781,15517,5
9787,19957,5
9791,12486,5
9797,22140,5
9833,21635,5
9836,11373,5
9836,17153,5
9836,19502,5
9846,19881,5
9848,10547,5
9868,20067,5
9933,15768,5
9935,10290,5
9935,17835,5
9952,9994,5
9956,12899,5
9956,14043,5
9956,15115,5
9956,16544,5
9956,17891,5
9974,12343,5
9986,19308,5
9994,20095,5
9996,11846,5
10030,22658,5
10036,21576,5
10036,22487,5
10044,19047,5
10044,22388,5
10078,22377,5
10100,12618,5
10103,13499,5
10105,17252,5
10109,14967,5
10115,22178,5
10117,18538,5
10117,18646,5
10126,11834,5
10126,20390,5
10129,10649,5
10129,13858,5
10140,13280,5
10140,14007,5
10140,17964,5
10141,13048,5
10146,21545,5
10189,22408,5
10194,12715,5
10195,12323,5
10199,12643,5
10199,14843,5
10199,22170,5
10217,13659,5
10222,15374,5
10227,12925,5
10227,13314,5
10252,14871,5
10272,11489,5
10272,12830,5
10281,12029,5
10287,10730,5
10287,15914,5
10288,10468,5
10294,14436,5
10317,19727,5
10339,22537,5
10353,19305,5
10398,13860,5
10416,15388,5
10422,11711,5
10422,16276,5
10425,14884,5
10431,11741,5
10439,11715,5
10472,12452,5
10472,19459,5
10472,20949,5
10473,14993,5
10473,15087,5
10473,21428,5
10489,16010,5
10492,14551,5
10492,19806,5
10509,16265,5
10509,21430,5
10514,15567,5
10514,17283,5
10514,20848,5
10520,17264,5
10524,21016,5
10545,13906,5
10545,14753,5
10545,20687,5
10546,19272,5
10546,20597,5
10547,15473,5
10547,15838,5
10558,13186,5
10563,16269,5
10565,17812,5
10570,14155,5
10572,11521,5
10572,13199,5
10572,15802,5
10572,22029,5
10590,19969,5
10595,11396,5
10602,11016,5
10619,19376,5
10640,12112,5
10655,15079,5
10655,16685,5
10657,12081,5
10667,13964,5
10670,14577,5
10689,15517,5
10689,15703,5
10694,15375,5
10710,11583,5
10710,12199,5
10743,20739,5
10750,12626,5
10750,12689,5
10757,11301,5
10762,14174,5
10781,14308,5
10822,16450,5
10835,15920,5
10858,18872,5
10865,18340,5
10866,13963,5
10877,13411,5
10889,17654,5
10890,12886,5
10895,18036,5
10904,21718,5
10908,12323,5
10908,21018,5
10932,16028,5
10932,16544,5
10932,22143,5
10958,21841,5
10977,22443,5
11049,16753,5
11059,14411,5
11069,21808,5
11072,11175,5
11089,15903,5
11103,12320,5
11144,14215,5
11179,15470,5
11181,20903,5
11182,15473,5
11182,15871,5
11195,17221,5
11199,12789,5
11225,12649,5
11226,18850,5
11241,15631,5
11283,19380,5
11283,21450,5
11293,11881,5
11297,16274,5
11305,18264,5
11305,20949,5
11337,16444,5
11344,20404,5
11360,17326,5
11366,12774,5
11366,17496,5
11373,19736,5
11389,12202,5
11397,16239,5
11403,13964,5
11403,16685,5
11403,16828,5
11468,19462,5
11486,16407,5
11489,14639,5
11516,12774,5
11516,15417,5
11516,17924,5
11521,13482,5
11521,22029,5
11526,20639,5
11529,12452,5
11529,13963,5
11529,20949,5
11533,19898,5
11536,16797,5
11536,21178,5
11542,17773,5
11566,17496,5
11566,21562,5
11572,12720,5
11583,13771,5
11583,16298,5
11591,16561,5
11597,14912,5
11609,21000,5
11633,22198,5
11640,21865,5
11672,14125,5
11711,22503,5
11712,14879,5
11712,22320,5
11727,22282,5
11728,21983,5
11728,22363,5
11740,17781,5
11745,19633,5
11760,21080,5
11778,17208,5
11788,12684,5
11793,18232,5
11810,13065,5
11814,15131,5
11817,11897,5
11817,13704,5
11817,18085,5
11819,13873,5
11824,17223,5
11834,20276,5
11835,14196,5
11911,22658,5
11925,16129,5
11930,14551,5
11930,15277,5
11930,16341,5
11935,14224,5
11936,15703,5
11937,21391,5
11941,12216,5
11948,15631,5
11948,20597,5
11953,17950,5
11960,20950,5
11978,13130,5
11978,19618,5
11980,12690,5
11980,19010,5
11988,14719,5
11988,15990,5
12002,21310,5
12015,19156,5
12033,15632,5
12042,17336,5
12059,21166,5
12071,21658,5
12081,19633,5
12087,15198,5
12088,17391,5
12098,16893,5
12101,14903,5
12107,16728,5
12119,13659,5
12129,13619,5
12146,16542,5
12183,13679,5
12200,14757,5
12201,19960,5
12216,20225,5
12220,14999,5
12221,15925,5
12228,14116,5
12235,17979,5
12235,22143,5
12240,13581,5
12248,22549,5
12255,16088,5
12255,16397,5
12256,13454,5
12266,12589,5
12266,19087,5
12266,21063,5
12269,19539,5
12269,21391,5
12281,19789,5
12305,21691,5
12332,16748,5
12334,12925,5
12334,18207,5
12334,18247,5
12334,19779,5
12334,21933,5
12358,21212,5
12365,18459,5
12366,19067,5
12382,16527,5
12382,16963,5
12392,20029,5
12409,18751,5
12411,16263,5
12421,20515,5
12430,22154,5
12454,18050,5
12475,14649,5
12486,16926,5
12487,13580,5
12487,17970,5
12487,19698,5
12496,12662,5
12511,22053,5
12536,15870,5
12540,14775,5
12561,17255,5
12561,18632,5
12564,19397,5
12591,13230,5
12591,14636,5
12633,21114,5
12639,14495,5
12639,15408,5
12674,17070,5
12687,19939,5
12689,17482,5
12689,19491,5
12709,13069,5
12709,17133,5
12709,18891,5
12709,19585,5
12715,16924,5
12733,15452,5
12737,15848,5
12737,20447,5
12774,14014,5
12774,21727,5
12802,12941,5
12830,14639,5
12856,21486,5
12879,20535,5
12899,13069,5
12899,22143,5
12908,17638,5
12915,12966,5
12915,13546,5
12915,19484,5
12915,20896,5
12917,19114,5
12921,15601,5
12925,15862,5
12950,14878,5
12956,15046,5
12960,14027,5
12960,15725,5
12983,16429,5
12991,14307,5
13013,14566,5
13046,17562,5
13056,16679,5
13059,17568,5
13069,14043,5
13069,17133,5
13092,21134,5
13098,19422,5
13174,14416,5
13186,18391,5
13199,20149,5
13199,21132,5
13199,22632,5
13239,20421,5
13263,14405,5
13263,14481,5
13273,22009,5
13279,20033,5
13280,16845,5
13289,22029,5
13304,21696,5
13308,14581,5
13314,18207,5
13323,22413,5
13327,19568,5
13329,15431,5
13329,20025,5
13349,13796,5
13358,21054,5
13360,15666,5
13360,15856,5
13360,22488,5
13382,20687,5
13429,21182,5
13442,21587,5
13454,14736,5
13456,21174,5
13459,15024,5
13472,21986,5
13477,19744,5
13513,21996,5
13525,15838,5
13525,18131,5
13540,18479,5
13546,18740,5
13561,15853,5
13580,21368,5
13580,22170,5
13593,19635,5
13593,20467,5
13653,16150,5
13677,18409,5
13678,21389,5
13679,14042,5
13679,15802,5
13694,14103,5
13704,16230,5
13704,17655,5
13754,19073,5
13754,20848,5
13771,20685,5
13790,18390,5
13803,14007,5
13803,18770,5
13820,20454,5
13825,15548,5
13842,21550,5
13859,20771,5
13906,14753,5
13923,15192,5
13923,21600,5
13924,16708,5
13924,19879,5
13936,21694,5
13943,14130,5
13943,16407,5
13956,19290,5
13963,20104,5
13964,14664,5
13972,20883,5
13975,16011,5
13981,16728,5
13990,20965,5
14000,22317,5
14007,16650,5
14007,19703,5
14007,20126,5
14007,20528,5
14009,19542,5
14023,21731,5
14024,15131,5
14041,15323,5
14043,19585,5
14070,18566,5
14070,22204,5
14082,19491,5
14087,22581,5
14093,15764,5
14093,18714,5
14122,20741,5
14169,22438,5
14189,14894,5
14189,21159,5
14190,14215,5
14190,18448,5
14215,19939,5
14219,19624,5
14267,19133,5
14294,17392,5
14295,14721,5
14298,17513,5
14299,17096,5
14307,17274,5
14308,22114,5
14325,22171,5
14329,16927,5
14330,15035,5
14351,20447,5
14352,16417,5
14363,14581,5
14369,16028,5
14369,17891,5
14377,21946,5
14378,16851,5
14378,17819,5
14414,21790,5
14416,16077,5
14420,16492,5
14420,17835,5
14420,18680,5
14420,21742,5
14454,16779,5
14454,18070,5
14457,19830,5
14460,22133,5
14465,16776,5
14523,17370,5
14523,20625,5
14524,18784,5
14525,20666,5
14528,14886,5
14528,17392,5
14554,17406,5
14554,21199,5
14559,17679,5
14584,17883,5
14596,17638,5
14599,21946,5
14600,20566,5
14639,16022,5
14639,16590,5
14639,19023,5
14677,16515,5
14682,19674,5
14737,15160,5
14748,19927,5
14778,19039,5
14817,14829,5
14843,17496,5
14843,19698,5
14850,14910,5
14850,21887,5
14886,15551,5
14894,21470,5
14894,22424,5
14901,21050,5
14904,17235,5
14913,21969,5
14924,16688,5
14938,16257,5
14981,16776,5
14987,19428,5
15027,20826,5
15028,21087,5
15045,22277,5
15079,16728,5
15079,20677,5
15079,21829,5
15087,19452,5
15094,22581,5
15131,22045,5
15150,20714,5
15154,17891,5
15154,22095,5
15154,22143,5
15160,18176,5
15161,19011,5
15173,16326,5
15173,20286,5
15192,17229,5
15193,18310,5
15228,22202,5
15262,17133,5
15262,17891,5
15280,16402,5
15281,16523,5
15308,18559,5
15312,17492,5
15326,15792,5
15326,16760,5
15326,18263,5
15352,19820,5
15362,16797,5
15362,21178,5
15375,16466,5
15375,19403,5
15408,21532,5
15461,18899,5
15487,20608,5
15496,15666,5
15496,22488,5
15498,15695,5
15535,22033,5
15555,15666,5
15557,19173,5
15567,20569,5
15587,18537,5
15597,18050,5
15631,19242,5
15631,21174,5
15655,20519,5
15659,18653,5
15666,18341,5
15685,18832,5
15705,22303,5
15718,16108,5
15720,19168,5
15723,15924,5
15741,19173,5
15783,19420,5
15783,21800,5
15802,17693,5
15821,19600,5
15826,17845,5
15851,19911,5
15863,15940,5
15863,16208,5
15871,17903,5
15916,20582,5
15925,17840,5
15933,21193,5
15940,18011,5
15951,20687,5
15954,20610,5
15995,17461,5
16050,18934,5
16088,17225,5
16115,22118,5
16150,19326,5
16166,19459,5
16167,16527,5
16170,19229,5
16170,20925,5
16193,17190,5
16193,17547,5
16213,16996,5
16230,18085,5
16234,18892,5
16265,19761,5
16291,20696,5
16341,19722,5
16415,17309,5
16431,19065,5
16442,18900,5
16442,21897,5
16447,21904,5
16450,18995,5
16492,21807,5
16497,21433,5
16511,19114,5
16538,16776,5
16544,17133,5
16566,16813,5
16578,18468,5
16590,16824,5
16598,22047,5
16617,17010,5
16626,22408,5
16668,17016,5
16672,17579,5
16685,21829,5
16689,17690,5
16728,20848,5
16728,22007,5
16755,22668,5
16756,18607,5
16799,21783,5
16813,19613,5
16851,17223,5
16888,20790,5
16922,22413,5
16926,21001,5
16943,17503,5
16964,21318,5
16999,18983,5
17002,21909,5
17046,20272,5
17049,20638,5
17051,19621,5
17067,17486,5
17133,19585,5
17145,21282,5
17221,22241,5
17232,17306,5
17304,21585,5
17309,18479,5
17309,19286,5
17331,18030,5
17331,19408,5
17331,21603,5
17392,22096,5
17418,17855,5
17450,19411,5
17500,22078,5
17568,21822,5
17570,18339,5
17591,21777,5
17627,19132,5
17689,17692,5
17692,21063,5
17717,18787,5
17723,17773,5
17723,20615,5
17724,22313,5
17738,17826,5
17742,19073,5
17752,20565,5
17773,19283,5
17802,19584,5
17827,20144,5
17835,21807,5
17889,21822,5
17891,18891,5
17891,19585,5
17924,18680,5
17924,22170,5
17986,20021,5
18005,22063,5
18027,19682,5
18040,22452,5
18050,18547,5
18071,19495,5
18093,18343,5
18164,19361,5
18179,21050,5
18200,20611,5
18223,19539,5
18223,19957,5
18225,20654,5
18247,22053,5
18264,19459,5
18303,20551,5
18307,18341,5
18310,20025,5
18463,19114,5
18492,19913,5
18502,19290,5
18569,19013,5
18593,19830,5
18680,20615,5
18680,21807,5
18731,19598,5
18731,20354,5
18740,19484,5
18770,19997,5
18771,20646,5
18779,20856,5
18789,21628,5
18870,19624,5
18908,19474,5
19013,20234,5
19042,19346,5
19057,22225,5
19114,22133,5
19118,20685,5
19131,19272,5
19169,21413,5
19213,20232,5
19231,19272,5
19256,21792,5
19272,20163,5
19272,21174,5
19283,20615,5
19300,20250,5
19408,21603,5
19408,21621,5
19413,21528,5
19452,21428,5
19465,21413,5
19465,22587,5
19474,20652,5
19495,19601,5
19538,21548,5
19579,20394,5
19613,20364,5
19621,19853,5
19633,21132,5
19736,20666,5
19749,21743,5
19761,21391,5
19777,21587,5
19780,21587,5
19801,21385,5
19879,22348,5
19882,20023,5
19930,20172,5
19942,22127,5
19976,21891,5
19995,21996,5
20006,20234,5
20076,22089,5
20104,20960,5
20250,20829,5
20290,22063,5
20351,20709,5
20464,21817,5
20487,22191,5
20533,21957,5
20599,20994,5
20599,21103,5
20677,20848,5
20677,22007,5
20716,20965,5
20761,21262,5
20774,21248,5
20831,22221,5
20848,21829,5
20929,21293,5
20965,21218,5
20971,21519,5
21101,22399,5
21114,21983,5
21295,22170,5
21352,22587,5
21544,21800,5
21615,22052,5
21807,22170,5
21933,22053,5
22045,22482,5
13,21327,6
33,13721,6
35,1255,6
35,21063,6
49,18614,6
81,2792,6
81,6086,6
81,10350,6
81,10657,6
81,12821,6
87,3243,6
90,18236,6
99,6189,6
105,22304,6
127,11416,6
132,10492,6
146,19018,6
155,13132,6
158,580,6
158,5568,6
199,1917,6
228,10413,6
228,13849,6
234,12343,6
238,18357,6
244,1097,6
247,3467,6
247,9020,6
247,9632,6
282,17133,6
289,3084,6
312,6405,6
331,5431,6
331,5845,6
331,10433,6
331,19942,6
333,8711,6
343,14344,6
345,6805,6
345,7392,6
346,14460,6
348,20888,6
369,10287,6
373,3402,6
396,13367,6
413,7815,6
417,2900,6
433,624,6
454,20008,6
467,11437,6
467,13363,6
475,15945,6
479,13137,6
480,1108,6
480,7301,6
531,730,6
531,5133,6
531,14460,6
531,18463,6
531,19102,6
531,21129,6
552,16330,6
556,14007,6
575,12187,6
580,8787,6
582,6994,6
582,10162,6
587,4757,6
594,12101,6
600,7035,6
611,8489,6
611,9303,6
626,20591,6
672,11406,6
672,16991,6
674,19502,6
675,6615,6
675,10545,6
675,13906,6
680,8143,6
681,11060,6
717,2584,6
717,2843,6
741,7539,6
746,14348,6
749,8426,6
755,22634,6
771,4166,6
778,5431,6
778,8823,6
794,18645,6
796,7342,6
796,19503,6
798,15722,6
822,13213,6
834,4614,6
843,14116,6
843,17690,6
844,9093,6
849,3726,6
850,7149,6
867,15993,6
870,12316,6
875,7036,6
887,2792,6
887,13679,6
887,14042,6
887,19633,6
888,18165,6
908,9505,6
909,9375,6
914,21000,6
919,12823,6
927,9230,6
927,13373,6
981,21826,6
1048,9772,6
1066,18273,6
1073,14222,6
1079,20965,6
1084,3040,6
1084,14128,6
1104,17154,6
1105,4986,6
1105,9941,6
1105,14239,6
1106,1928,6
1106,6297,6
1131,12269,6
1131,19761,6
1156,18908,6
1160,8578,6
1160,10316,6
1177,18325,6
1178,22259,6
1186,21741,6
1198,2390,6
1200,16289,6
1208,21066,6
1216,12646,6
1217,19454,6
1224,9960,6
1231,20229,6
1238,7968,6
1245,6214,6
1249,15863,6
1253,17815,6
1255,14560,6
1260,7224,6
1260,11167,6
1270,3581,6
1274,12757,6
1284,20411,6
1289,21419,6
1308,8933,6
1308,13753,6
1308,14401,6
1308,18059,6
1347,3574,6
1348,8468,6
1348,9859,6
1372,9091,6
1377,2000,6
1381,17501,6
1385,12616,6
1386,3565,6
1400,7725,6
1400,8588,6
1410,10131,6
1410,13719,6
1410,18077,6
1411,7436,6
1412,4511,6
1430,9710,6
1434,21908,6
1437,15981,6
1443,9772,6
1447,9552,6
1464,10115,6
1464,14571,6
1470,8301,6
1473,15718,6
1477,16715,6
1491,11826,6
1543,22193,6
1544,19284,6
1565,4354,6
1565,5837,6
1565,15394,6
1565,19465,6
1570,13603,6
1578,9640,6
1579,16648,6
1614,19085,6
1626,16056,6
1626,18717,6
1661,9142,6
1670,16492,6
1670,21727,6
1677,9675,6
1704,19397,6
1732,3722,6
1748,9214,6
1752,2994,6
1752,14946,6
1771,1910,6
1773,15647,6
1783,19517,6
1785,4864,6
1785,10670,6
1818,1855,6
1821,6994,6
1855,4533,6
1857,2336,6
1857,21322,6
1883,22026,6
1928,12486,6
1935,21184,6
1948,9759,6
1961,6012,6
1963,19995,6
1970,10479,6
1978,9514,6
1985,16743,6
1992,19624,6
2000,15615,6
2001,15935,6
2020,13208,6
2021,3585,6
2022,21733,6
2026,13106,6
2027,4624,6
2038,17579,6
2047,12228,6
2051,5612,6
2059,15831,6
2070,14164,6
2103,3573,6
2107,4411,6
2107,19424,6
2124,7136,6
2124,8664,6
2124,17386,6
2125,17654,6
2156,8722,6
2157,11092,6
2161,12861,6
2180,6171,6
2191,5092,6
2197,10610,6
2213,7012,6
2213,8290,6
2213,17950,6
2215,18641,6
2225,3539,6
2226,3928,6
2227,9659,6
2246,10259,6
2246,21404,6
2255,11715,6
2261,8790,6
2262,19382,6
2283,7061,6
2287,18761,6
2295,18139,6
2304,19421,6
2305,18611,6
2307,11378,6
2311,8476,6
2314,14332,6
2314,21646,6
2322,20225,6
2325,8903,6
2328,7071,6
2336,6931,6
2336,20752,6
2338,6961,6
2367,8174,6
2377,12276,6
2387,2403,6
2398,13449,6
2403,14573,6
2408,21352,6
2411,16725,6
2412,4832,6
2438,20515,6
2453,15359,6
2459,4634,6
2487,3716,6
2499,8656,6
2506,3918,6
2507,10974,6
2507,15192,6
2514,19491,6
2515,2571,6
2515,6237,6
2520,12430,6
2528,9848,6
2532,10440,6
2533,4607,6
2538,2865,6
2538,20896,6
2563,11993,6
2597,5850,6
2622,5552,6
2633,18974,6
2652,5291,6
2652,6400,6
2652,17093,6
2663,19722,6
2673,6173,6
2678,22459,6
2679,4261,6
2744,7518,6
2744,20070,6
2760,3702,6
2763,16407,6
2768,13840,6
2772,10190,6
2772,12875,6
2780,21885,6
2782,21219,6
2785,20667,6
2792,7331,6
2792,14042,6
2804,9814,6
2828,18104,6
2832,13801,6
2838,12689,6
2842,3958,6
2865,7855,6
2865,8038,6
2907,7225,6
2907,9145,6
2907,11978,6
2927,14753,6
2927,19114,6
2969,15956,6
2971,16067,6
2981,18974,6
2982,18516,6
2983,4411,6
2994,13756,6
2994,14859,6
2994,15011,6
2995,21669,6
2998,9739,6
3017,10172,6
3028,5431,6
3036,18284,6
3036,18834,6
3053,19450,6
3087,12339,6
3087,14824,6
3110,12090,6
3116,14939,6
3146,19066,6
3150,6105,6
3150,10770,6
3150,14401,6
3150,21682,6
3158,21260,6
3168,16970,6
3194,16560,6
3209,15662,6
3218,15691,6
3248,16688,6
3276,11532,6
3279,10766,6
3292,16740,6
3293,10595,6
3304,18616,6
3308,9755,6
3313,7259,6
3315,11839,6
3323,21339,6
3331,17502,6
3348,21645,6
3351,6009,6
3364,12527,6
3365,19722,6
3373,20563,6
3378,19600,6
3391,10306,6
3395,12220,6
3395,13596,6
3410,8951,6
3421,12239,6
3445,22202,6
3449,8335,6
3450,13754,6
3455,6097,6
3456,16732,6
3459,11951,6
3462,3546,6
3462,22086,6
3463,7856,6
3467,15431,6
3530,7840,6
3530,16783,6
3546,10729,6
3546,14871,6
3573,18960,6
3619,20133,6
3622,9690,6
3631,15087,6
3642,10953,6
3655,16125,6
3716,12116,6
3748,5964,6
3748,8687,6
3765,11486,6
3777,8911,6
3792,19050,6
3796,11925,6
3796,16129,6
3800,19220,6
3800,21554,6
3806,17725,6
3810,13507,6
3815,13577,6
3840,3865,6
3840,6528,6
3843,8953,6
3843,18687,6
3843,18784,6
3856,17773,6
3865,6528,6
3880,12181,6
3897,19853,6
3898,4648,6
3905,12002,6
3918,8773,6
3940,5796,6
3956,21737,6
3959,14543,6
3973,11452,6
3977,9252,6
3981,4228,6
3989,11333,6
3995,12820,6
4016,22430,6
4023,7342,6
4023,15192,6
4030,18351,6
4038,18630,6
4043,17845,6
4054,22371,6
4056,15184,6
4058,5806,6
4064,10454,6
4064,10770,6
4083,4321,6
4102,16274,6
4103,20788,6
4120,12792,6
4126,6059,6
4134,11102,6
4139,8093,6
4146,11993,6
4168,21011,6
4175,4848,6
4190,5409,6
4190,5541,6
4190,14202,6
4204,10570,6
4205,14892,6
4225,11835,6
4230,5143,6
4243,9986,6
4244,13348,6
4254,15851,6
4261,13333,6
4265,13468,6
4272,10516,6
4277,12748,6
4286,4430,6
4292,18538,6
4296,5102,6
4297,17568,6
4297,17889,6
4304,18617,6
4311,5802,6
4311,9950,6
4314,20685,6
4321,15276,6
4340,8608,6
4359,9408,6
4398,10609,6
4398,15574,6
4398,20687,6
4413,7686,6
4447,13694,6
4452,10472,6
4452,12452,6
4452,20949,6
4454,7547,6
4515,10748,6
4516,12639,6
4516,12966,6
4516,21807,6
4525,9814,6
4534,10820,6
4546,19684,6
4549,14993,6
4555,17038,6
4567,5524,6
4573,9540,6
4592,8890,6
4602,12777,6
4617,7599,6
4631,17536,6
4633,8203,6
4635,8489,6
4636,22652,6
4646,21908,6
4648,13796,6
4651,8669,6
4654,12112,6
4675,7964,6
4717,7995,6
4717,13065,6
4719,8267,6
4722,8236,6
4748,7224,6
4751,6473,6
4751,6599,6
4751,7152,6
4752,17773,6
4772,5291,6
4772,9450,6
4772,18070,6
4795,16289,6
4833,11712,6
4842,10846,6
4842,18482,6
4853,4964,6
4853,10657,6
4853,13195,6
4859,10413,6
4876,10066,6
4905,6957,6
4941,5350,6
4941,10258,6
4949,12756,6
4957,14267,6
4963,5659,6
4964,8134,6
4964,22319,6
4967,17331,6
4973,7423,6
4976,11925,6
4985,11712,6
4985,21977,6
4985,22320,6
5015,11495,6
5038,21646,6
5059,20881,6
5063,12496,6
5069,7785,6
5069,8114,6
5074,11025,6
5084,13437,6
5086,7634,6
5086,19546,6
5089,13001,6
5091,20205,6
5133,9172,6
5133,15295,6
5142,21660,6
5162,8846,6
5162,18729,6
5166,19634,6
5170,7656,6
5178,11307,6
5213,14843,6
5222,21140,6
5238,15780,6
5244,17936,6
5250,13144,6
5256,21786,6
5266,19519,6
5267,9290,6
5273,7215,6
5273,21829,6
5291,15096,6
5330,20690,6
5343,22594,6
5381,20614,6
5385,9198,6
5387,20700,6
5403,15884,6
5428,8265,6
5431,12549,6
5436,9230,6
5436,13373,6
5459,19265,6
5483,16640,6
5486,6120,6
5499,7261,6
5505,18138,6
5505,20147,6
5543,9514,6
5548,8038,6
5548,11542,6
5548,17629,6
5548,19283,6
5548,20624,6
5552,9336,6
5587,17679,6
5589,11636,6
5589,19446,6
5597,8042,6
5597,13265,6
5627,5822,6
5627,11778,6
5639,9499,6
5670,10140,6
5670,16650,6
5672,16779,6
5717,11047,6
5722,7390,6
5726,6784,6
5759,17609,6
5796,13168,6
5796,16691,6
5827,11335,6
5835,9239,6
5835,12409,6
5835,17297,6
5837,7823,6
5837,10252,6
5838,9700,6
5838,17559,6
5839,20743,6
5842,19612,6
5845,9263,6
5845,18749,6
5848,22239,6
5850,13265,6
5858,20081,6
5862,7424,6
5862,9922,6
5862,14122,6
5878,20504,6
5900,22548,6
5901,8538,6
5908,16786,6
5908,20479,6
5948,19439,6
5967,8042,6
5969,10055,6
5969,22278,6
5988,20620,6
6019,10140,6
6042,10491,6
6063,9553,6
6063,13719,6
6065,21470,6
6068,17120,6
6068,20779,6
6088,20823,6
6091,14521,6
6117,19491,6
6122,15003,6
6126,21184,6
6137,7923,6
6178,10595,6
6199,22481,6
6211,7049,6
6214,7423,6
6217,21554,6
6237,13118,6
6269,18144,6
6282,8121,6
6290,13894,6
6295,17041,6
6296,20383,6
6327,6888,6
6398,20354,6
6400,16779,6
6409,14901,6
6435,13870,6
6446,14970,6
6452,11368,6
6471,20040,6
6504,9974,6
6504,14706,6
6524,9671,6
6526,17824,6
6548,20976,6
6587,14879,6
6613,17970,6
6615,14460,6
6615,18463,6
6629,14414,6
6655,17120,6
6655,20779,6
6698,15266,6
6700,12564,6
6708,20885,6
6712,13056,6
6718,19158,6
6737,13992,6
6754,21519,6
6780,17029,6
6784,12627,6
6812,10748,6
6812,18025,6
6841,16265,6
6841,19957,6
6846,18407,6
6857,14886,6
6913,14940,6
6992,17286,6
6994,18247,6
6994,22053,6
7000,14360,6
7004,22587,6
7014,9462,6
7078,17120,6
7078,18625,6
7088,7864,6
7094,7746,6
7115,11710,6
7116,10103,6
7116,12069,6
7133,8219,6
7133,15863,6
7137,12855,6
7140,14956,6
7141,17510,6
7147,12772,6
7159,11058,6
7196,10533,6
7217,22239,6
7224,11182,6
7224,18131,6
7225,14046,6
7245,18650,6
7255,12320,6
7257,17297,6
7257,19633,6
7301,17903,6
7342,13923,6
7349,8972,6
7351,18070,6
7390,22254,6
7393,17432,6
7423,19369,6
7438,7855,6
7438,13580,6
7438,15417,6
7438,17970,6
7463,12875,6
7472,20185,6
7473,10570,6
7482,14482,6
7500,10667,6
7500,14135,6
7507,19774,6
7508,20979,6
7509,13059,6
7509,20234,6
7511,8973,6
7511,9309,6
7539,18002,6
7555,14093,6
7560,8600,6
7563,16585,6
7576,9503,6
7585,14026,6
7589,13917,6
7617,12905,6
7618,13798,6
7663,12228,6
7682,11157,6
7725,15107,6
7729,8272,6
7766,15744,6
7769,8892,6
7777,14416,6
7785,11324,6
7790,22336,6
7797,18611,6
7822,15840,6
7826,21519,6
7832,14495,6
7840,14496,6
7840,20788,6
7850,20547,6
7855,9935,6
7855,17970,6
7855,21295,6
7866,9824,6
7868,12095,6
7911,18927,6
7922,9905,6
7923,12069,6
7972,12625,6
7978,8310,6
7979,7984,6
7983,17591,6
7983,21251,6
8016,9252,6
8074,20656,6
8093,10673,6
8093,13803,6
8116,21636,6
8126,13230,6
8127,17725,6
8131,20561,6
8134,15802,6
8142,21846,6
8154,9172,6
8154,13199,6
8163,8275,6
8174,14566,6
8180,15843,6
8186,16841,6
8195,11455,6
8208,9696,6
8208,10294,6
8219,8506,6
8221,19836,6
8232,14235,6
8241,12030,6
8260,21132,6
8262,9735,6
8278,11729,6
8290,13463,6
8304,12112,6
8332,18858,6
8334,13849,6
8345,18781,6
8355,12339,6
8358,9538,6
8364,15179,6
8397,17513,6
8400,13140,6
8403,11314,6
8438,16032,6
8438,20930,6
8468,13032,6
8476,13342,6
8482,14131,6
8490,17988,6
8506,12377,6
8521,17290,6
8542,13755,6
8550,12307,6
8554,18951,6
8576,17250,6
8578,17759,6
8583,15378,6
8608,10072,6
8609,16568,6
8609,20051,6
8625,21729,6
8660,19566,6
8677,17290,6
8681,10890,6
8706,19132,6
8711,18538,6
8714,12957,6
8723,14082,6
8734,10105,6
8742,20266,6
8748,16509,6
8755,14753,6
8766,20690,6
8772,16809,6
8784,10845,6
8796,17009,6
8802,12167,6
8837,16527,6
8879,14586,6
8891,10319,6
8907,17377,6
8944,9807,6
8953,14524,6
8971,10582,6
8972,12708,6
9001,13742,6
9015,11133,6
9020,12091,6
9028,21731,6
9062,10545,6
9062,19453,6
9062,22133,6
9116,21352,6
9123,9274,6
9190,17695,6
9190,22029,6
9208,21554,6
9214,10413,6
9230,12008,6
9237,22007,6
9260,17537,6
9263,12108,6
9276,20309,6
9309,16799,6
9321,15094,6
9377,12609,6
9396,10752,6
9397,19777,6
9407,14538,6
9415,16352,6
9421,17524,6
9446,10014,6
9450,9470,6
9473,17053,6
9505,15394,6
9509,17438,6
9515,17190,6
9515,22211,6
9515,22430,6
9563,11656,6
9598,20086,6
9606,15164,6
9608,22310,6
9632,15431,6
9660,14164,6
9665,18639,6
9665,21470,6
9668,17003,6
9677,16313,6
9687,14333,6
9687,20824,6
9694,12819,6
9732,21490,6
9747,17041,6
9747,18066,6
9760,14935,6
9773,12700,6
9781,18624,6
9787,14618,6
9819,11793,6
9819,21357,6
9836,16783,6
9848,17477,6
9848,22233,6
9863,17174,6
9866,19674,6
9883,19674,6
9884,20205,6
9909,14156,6
9911,12276,6
9935,17723,6
9935,17970,6
9935,19283,6
9942,18565,6
9961,21885,6
9977,12580,6
9986,14116,6
9986,17690,6
10011,15668,6
10016,22154,6
10039,14956,6
10055,14979,6
10081,14184,6
10103,18607,6
10108,14502,6
10116,16018,6
10123,18298,6
10126,20276,6
10131,12328,6
10131,13645,6
10140,22675,6
10172,14730,6
10199,19698,6
10222,18014,6
10228,18025,6
10244,14954,6
10244,22086,6
10258,19784,6
10271,10319,6
10272,16022,6
10301,16380,6
10301,16740,6
10319,15525,6
10338,17768,6
10339,15715,6
10349,11973,6
10350,15802,6
10356,21679,6
10363,15382,6
10364,13308,6
10364,13964,6
10364,14715,6
10379,18536,6
10388,17153,6
10388,19502,6
10421,20752,6
10429,16601,6
10440,19807,6
10462,17433,6
10465,10832,6
10472,20104,6
10491,12451,6
10495,16394,6
10501,21322,6
10503,11019,6
10503,12298,6
10503,16965,6
10503,21919,6
10509,12269,6
10514,12107,6
10514,18630,6
10516,14009,6
10526,15306,6
10541,20388,6
10545,10609,6
10548,17679,6
10570,11859,6
10587,13066,6
10624,12737,6
10657,13679,6
10732,15781,6
10743,14189,6
10768,17003,6
10770,14859,6
10879,14290,6
10890,14528,6
10911,18067,6
10912,15504,6
10935,14360,6
10935,22154,6
10970,13491,6
10974,14179,6
10990,16865,6
10993,13760,6
10995,11562,6
11056,13097,6
11072,16740,6
11078,14348,6
11086,11533,6
11091,14696,6
11118,21199,6
11142,16483,6
11167,13437,6
11167,17903,6
11175,21552,6
11182,22233,6
11209,17014,6
11217,17848,6
11229,12505,6
11229,13236,6
11264,15201,6
11264,16800,6
11282,22253,6
11330,21335,6
11340,16523,6
11345,20173,6
11366,17835,6
11397,18275,6
11403,15079,6
11426,18459,6
11436,17331,6
11441,11919,6
11454,16571,6
11486,14130,6
11496,16149,6
11499,15332,6
11505,17041,6
11525,18089,6
11542,12966,6
11546,20271,6
11566,18680,6
11569,21286,6
11607,12188,6
11607,17835,6
11607,21742,6
11609,13242,6
11619,15268,6
11619,15798,6
11619,19693,6
11636,11673,6
11638,15681,6
11639,12697,6
11666,20906,6
11669,17693,6
11676,18695,6
11680,17592,6
11685,14753,6
11703,17084,6
11712,21977,6
11715,17690,6
11729,14034,6
11745,13199,6
11745,22319,6
11761,12112,6
11790,22032,6
11828,15710,6
11828,21428,6
11829,13261,6
11859,18273,6
11862,22292,6
11881,20607,6
11891,12808,6
11899,17737,6
11900,20081,6
11903,17847,6
11907,21020,6
11917,11940,6
11927,20947,6
11940,13373,6
11948,19242,6
11957,18834,6
11963,15090,6
11980,20181,6
11991,19254,6
11993,12904,6
12008,17382,6
12081,13199,6
12090,13825,6
12091,15903,6
12095,21927,6
12107,14664,6
12107,18930,6
12107,20067,6
12167,20025,6
12199,20741,6
12204,14861,6
12220,20582,6
12228,14623,6
12239,20937,6
12254,14842,6
12254,21647,6
12275,12380,6
12307,18096,6
12320,13944,6
12328,13719,6
12328,21971,6
12339,15193,6
12342,18751,6
12343,20133,6
12356,19690,6
12356,20453,6
12363,14395,6
12377,20156,6
12394,15128,6
12411,22352,6
12441,21553,6
12483,18736,6
12522,18985,6
12544,21730,6
12549,20226,6
12561,15028,6
12566,15192,6
12612,20885,6
12626,17482,6
12626,19491,6
12639,14682,6
12639,17069,6
12662,16832,6
12684,14859,6
12684,21645,6
12705,17363,6
12737,20832,6
12756,16476,6
12760,18969,6
12774,17723,6
12775,21884,6
12808,15324,6
12821,19633,6
12823,20293,6
12859,20112,6
12887,16644,6
12887,16832,6
12899,15115,6
12915,14420,6
12933,20614,6
12936,20591,6
12938,18963,6
12966,16588,6
12966,19283,6
12966,20544,6
12966,20624,6
12977,19068,6
12991,13115,6
13048,22452,6
13059,16208,6
13073,17406,6
13082,19021,6
13100,16149,6
13107,20751,6
13143,18502,6
13145,18551,6
13151,14082,6
13164,15935,6
13193,15097,6
13195,13482,6
13211,15719,6
13219,20493,6
13230,18512,6
13272,19231,6
13272,22496,6
13280,18968,6
13289,14042,6
13289,22632,6
13302,22344,6
13335,13961,6
13340,13373,6
13344,19681,6
13360,16799,6
13411,17393,6
13417,20132,6
13427,21697,6
13437,15496,6
13437,17477,6
13437,18307,6
13437,22663,6
13551,16263,6
13561,19920,6
13575,20549,6
13580,21562,6
13593,22479,6
13599,16768,6
13631,19300,6
13636,21938,6
13644,18620,6
13645,18077,6
13677,17845,6
13677,22225,6
13678,20381,6
13682,14401,6
13682,21473,6
13749,17252,6
13754,16828,6
13756,14946,6
13795,21919,6
13795,22482,6
13797,20622,6
13820,14106,6
13820,14640,6
13840,18604,6
13906,19068,6
13956,18502,6
13968,17571,6
13978,16332,6
13990,22373,6
14007,18774,6
14007,19997,6
14014,14843,6
14014,22170,6
14042,19633,6
14082,20293,6
14116,14652,6
14122,14737,6
14124,18525,6
14130,20359,6
14135,18630,6
14135,20848,6
14139,15219,6
14168,17226,6
14187,21135,6
14217,22409,6
14333,22487,6
14344,18356,6
14410,19942,6
14420,15417,6
14420,20615,6
14420,21295,6
14457,18777,6
14460,18463,6
14480,19940,6
14496,19736,6
14509,20599,6
14523,20128,6
14555,15715,6
14566,15585,6
14578,14878,6
14578,18030,6
14578,18618,6
14581,18630,6
14585,17361,6
14606,22344,6
14634,22205,6
14745,19254,6
14824,21605,6
14843,15203,6
14843,21368,6
14861,20060,6
14871,21352,6
14894,17007,6
14910,18988,6
14919,15463,6
14924,14956,6
14933,22180,6
14952,17773,6
14991,18743,6
14999,15176,6
14999,19693,6
15007,17788,6
15011,21645,6
15046,17220,6
15081,16265,6
15088,22147,6
15095,16083,6
15128,17215,6
15155,17300,6
15176,17461,6
15193,16603,6
15258,21291,6
15276,15573,6
15280,18914,6
15294,19102,6
15320,17332,6
15359,18275,6
15379,22254,6
15382,16213,6
15408,17773,6
15408,19021,6
15417,17970,6
15417,20896,6
15420,21397,6
15431,16603,6
15486,18286,6
15526,22124,6
15622,22017,6
15655,21680,6
15680,19382,6
15695,20716,6
15705,20772,6
15720,20376,6
15736,22490,6
15738,19057,6
15761,19613,6
15787,18438,6
15821,17101,6
15821,18731,6
15843,16443,6
15851,22620,6
15863,18011,6
15916,15995,6
15951,19068,6
15971,16068,6
16019,18137,6
16032,19172,6
16104,22277,6
16112,17833,6
16147,17447,6
16149,16912,6
16174,19741,6
16182,22566,6
16198,20968,6
16215,22592,6
16253,19985,6
16257,18584,6
16265,17185,6
16501,16793,6
16650,22126,6
16675,19581,6
16679,17331,6
16748,21649,6
16774,16819,6
16774,20755,6
16779,18070,6
16786,21826,6
16853,20997,6
16965,19050,6
16965,22304,6
16996,21852,6
16997,18447,6
17003,21538,6
17007,20390,6
17035,22592,6
17062,17679,6
17120,19505,6
17120,19812,6
17172,21300,6
17185,19957,6
17190,18914,6
17195,22395,6
17330,18645,6
17335,21996,6
17479,19451,6
17496,19283,6
17503,18496,6
17531,19023,6
17536,19363,6
17578,18240,6
17638,20740,6
17702,21103,6
17824,20176,6
17863,20215,6
17869,20883,6
17903,18323,6
17903,22233,6
17963,22087,6
17964,18774,6
17964,19714,6
17964,22126,6
17989,21352,6
18093,21178,6
18129,22250,6
18138,18756,6
18410,20337,6
18414,20751,6
18482,20329,6
18604,22140,6
18611,19064,6
18630,18930,6
18639,20276,6
18680,21368,6
18690,18928,6
18732,19148,6
18740,19674,6
18770,18774,6
18770,18968,6
18832,20660,6
18896,21906,6
18910,22198,6
18930,20848,6
18950,21642,6
18985,20337,6
19050,22508,6
19057,19304,6
19065,20467,6
19231,19242,6
19253,19568,6
19292,21226,6
19527,19600,6
19538,21659,6
19539,21430,6
19565,19907,6
19600,20354,6
19736,20771,6
19763,22344,6
19803,21560,6
19812,20779,6
19881,22537,6
19991,20916,6
20114,20535,6
20226,22127,6
20301,22026,6
21067,21441,6
21295,21562,6
21304,21826,6
21496,22490,6
21729,21938,6
21937,22430,6
21976,22435,6
21977,22320,6
21983,22620,6
22021,22348,6
22045,22304,6
22304,22482,6
22304,22508,6
22486,22525,6
22609,22669,6
8,19162,7
16,19957,7
17,2298,7
41,10173,7
41,15351,7
46,3172,7
48,7829,7
48,18313,7
58,10679,7
58,17088,7
60,1284,7
66,4496,7
81,13195,7
88,1254,7
88,11693,7
88,14648,7
96,11700,7
102,2840,7
130,7325,7
132,5181,7
132,7309,7
136,15134,7
149,7026,7
149,21829,7
151,7095,7
151,7538,7
152,12145,7
154,10343,7
163,12257,7
164,1142,7
169,4620,7
173,10055,7
208,18896,7
212,17852,7
236,19421,7
247,4419,7
256,2270,7
269,10194,7
280,8490,7
299,15122,7
304,18987,7
324,10291,7
327,14525,7
327,17438,7
333,4292,7
335,708,7
335,22262,7
348,866,7
361,21150,7
368,13347,7
369,2312,7
380,4450,7
380,19646,7
381,19624,7
381,20761,7
388,19706,7
393,22319,7
396,4030,7
400,1905,7
408,522,7
428,20903,7
439,6691,7
450,19652,7
459,4721,7
459,13890,7
473,17224,7
475,15161,7
495,1253,7
513,865,7
513,13694,7
520,13563,7
531,13906,7
531,15294,7
532,10287,7
536,4877,7
536,7275,7
542,7424,7
542,18435,7
542,21689,7
544,16566,7
549,5960,7
549,22483,7
552,3194,7
590,15780,7
593,4459,7
614,21352,7
616,6659,7
631,4103,7
649,4211,7
671,14641,7
679,3220,7
685,7224,7
685,11167,7
685,18323,7
701,15006,7
704,11817,7
714,4436,7
717,12471,7
721,9871,7
728,22407,7
730,15951,7
739,8493,7
740,10266,7
757,15940,7
757,20619,7
778,1412,7
778,6380,7
782,4107,7
784,787,7
784,17390,7
796,2507,7
799,7343,7
813,5928,7
827,5007,7
837,9672,7
842,11500,7
842,19873,7
844,5588,7
859,5235,7
866,12955,7
870,6644,7
874,19425,7
881,1230,7
881,18746,7
887,10350,7
887,10657,7
888,18407,7
893,6240,7
897,6313,7
899,15766,7
906,17361,7
908,1565,7
917,8767,7
925,18832,7
938,17513,7
940,21328,7
947,22458,7
957,14699,7
969,6670,7
970,10244,7
981,2339,7
1029,8308,7
1029,15738,7
1029,17082,7
1029,22688,7
1030,22658,7
1045,10065,7
1048,11962,7
1050,13313,7
1056,3944,7
1056,6050,7
1057,6893,7
1061,20298,7
1062,22388,7
1082,2826,7
1084,13666,7
1090,17391,7
1109,16845,7
1114,19351,7
1131,17185,7
1139,14730,7
1139,20607,7
1144,13553,7
1150,17809,7
1160,17124,7
1160,18860,7
1161,3983,7
1161,4463,7
1161,9152,7
1168,21124,7
1203,6444,7
1203,18165,7
1208,3495,7
1208,6948,7
1212,2161,7
1216,8972,7
1216,18941,7
1238,4853,7
1238,6596,7
1244,18472,7
1246,8506,7
1260,2248,7
1260,11296,7
1264,4855,7
1277,16747,7
1313,5074,7
1332,10972,7
1332,11483,7
1336,16785,7
1347,9105,7
1350,20294,7
1358,3587,7
1358,7599,7
1367,14657,7
1367,22557,7
1370,5333,7
1371,12165,7
1380,1880,7
1384,3373,7
1387,11237,7
1391,9091,7
1402,7964,7
1410,16867,7
1410,16924,7
1418,7511,7
1424,9087,7
1425,14917,7
1431,10736,7
1440,8114,7
1447,2408,7
1447,22557,7
1455,2780,7
1484,7215,7
1491,11903,7
1492,18519,7
1503,14432,7
1506,18002,7
1529,9694,7
1543,17303,7
1563,2846,7
1565,21662,7
1570,2191,7
1574,16490,7
1585,11700,7
1621,16480,7
1642,11568,7
1645,3207,7
1645,5796,7
1645,11283,7
1651,7261,7
1661,22487,7
1670,12915,7
1675,2289,7
1675,5303,7
1675,12086,7
1675,22368,7
1680,7289,7
1686,21146,7
1689,20299,7
1702,22684,7
1704,11368,7
1704,20353,7
1706,9913,7
1708,8755,7
1739,2196,7
1744,18774,7
1744,20528,7
1744,22675,7
1748,6231,7
1771,10170,7
1771,15372,7
1779,5696,7
1779,18692,7
1789,4843,7
1799,2882,7
1807,17068,7
1816,19459,7
1818,15089,7
1818,18745,7
1830,12800,7
1839,9180,7
1845,8724,7
1860,11481,7
1885,10038,7
1891,10061,7
1893,17522,7
1905,13630,7
1910,13603,7
1920,2543,7
1920,21349,7
1931,20121,7
1940,5213,7
1940,9602,7
1940,21562,7
1952,22080,7
1953,18872,7
1957,12862,7
1962,19210,7
1964,4657,7
2001,11259,7
2001,14745,7
2001,19326,7
2002,22475,7
2006,13454,7
2015,4699,7
2018,2574,7
2020,18026,7
2022,9702,7
2027,13002,7
2034,13272,7
2040,10126,7
2040,13853,7
2042,19856,7
2051,17592,7
2053,8796,7
2059,21490,7
2065,12307,7
2072,11971,7
2073,16051,7
2079,18861,7
2081,14432,7
2090,12269,7
2147,5242,7
2155,16787,7
2168,16495,7
2175,12806,7
2179,20978,7
2183,4958,7
2191,16725,7
2216,7305,7
2219,22448,7
2224,10483,7
2241,4660,7
2241,11025,7
2244,15551,7
2244,16578,7
2248,7275,7
2248,10316,7
2269,3763,7
2269,11054,7
2269,11199,7
2274,9117,7
2274,18397,7
2279,16382,7
2280,4459,7
2305,5936,7
2309,10546,7
2309,11241,7
2309,20163,7
2311,12204,7
2313,6026,7
2316,15016,7
2316,18176,7
2317,5301,7
2323,11957,7
2329,8816,7
2335,19652,7
2356,17627,7
2357,12799,7
2360,18110,7
2366,3599,7
2379,2686,7
2390,16893,7
2395,3124,7
2400,7057,7
2400,8294,7
2408,10252,7
2408,12168,7
2409,4913,7
2411,8253,7
2415,22378,7
2416,8257,7
2420,10256,7
2422,4025,7
2424,9030,7
2424,17452,7
2427,9062,7
2430,15004,7
2436,5593,7
2436,19012,7
2437,13441,7
2446,10274,7
2451,14612,7
2453,6751,7
2461,3769,7
2461,15651,7
2482,2994,7
2486,3373,7
2487,9093,7
2508,15129,7
2514,13961,7
2524,5930,7
2528,6044,7
2528,15473,7
2533,6846,7
2544,6133,7
2545,17614,7
2554,11500,7
2566,10936,7
2571,3205,7
2573,20686,7
2604,4391,7
2611,21933,7
2630,12786,7
2639,11978,7
2652,18680,7
2663,5181,7
2663,10603,7
2664,8134,7
2713,16723,7
2716,7469,7
2720,4550,7
2722,20381,7
2727,17427,7
2740,12237,7
2744,6406,7
2750,8277,7
2750,14744,7
2750,22284,7
2752,17327,7
2758,15394,7
2763,21370,7
2779,13127,7
2780,10170,7
2782,7158,7
2785,17513,7
2789,18149,7
2792,7336,7
2800,7329,7
2813,13765,7
2814,18882,7
2842,14601,7
2842,20060,7
2865,13049,7
2866,9359,7
2866,15826,7
2870,20220,7
2882,14106,7
2900,16707,7
2907,9452,7
2907,11550,7
2907,11963,7
2907,19519,7
2927,13906,7
2927,15990,7
2930,4941,7
2931,3009,7
2941,9311,7
2944,10244,7
2947,17024,7
2959,6148,7
2959,16814,7
2959,19231,7
2983,14584,7
2984,9309,7
2988,13853,7
2995,21155,7
3010,10760,7
3012,22587,7
3016,4258,7
3016,4626,7
3019,19397,7
3021,6313,7
3021,19760,7
3028,6380,7
3064,10421,7
3079,4852,7
3091,10258,7
3109,21208,7
3113,16725,7
3114,7059,7
3114,20523,7
3124,19584,7
3142,15932,7
3154,7786,7
3154,16764,7
3158,4909,7
3158,11249,7
3176,8254,7
3190,13016,7
3191,13677,7
3194,13405,7
3194,18860,7
3195,9579,7
3205,10439,7
3209,13546,7
3220,8033,7
3225,16779,7
3232,10667,7
3236,12042,7
3256,21638,7
3260,5024,7
3273,16620,7
3273,18815,7
3273,18838,7
3285,14601,7
3285,22371,7
3287,5767,7
3290,8722,7
3303,4055,7
3303,19425,7
3303,20896,7
3309,10319,7
3324,13444,7
3330,11904,7
3331,7415,7
3340,18248,7
3358,15910,7
3376,22688,7
3449,10230,7
3453,5001,7
3459,20709,7
3467,7463,7
3482,14782,7
3485,3958,7
3491,8907,7
3502,14079,7
3530,20788,7
3546,7823,7
3551,19327,7
3580,13399,7
3604,8204,7
3613,9661,7
3632,21352,7
3640,7689,7
3640,8127,7
3642,6454,7
3642,17273,7
3665,19168,7
3683,14794,7
3691,16886,7
3700,4636,7
3702,10906,7
3705,5896,7
3724,9466,7
3729,14855,7
3730,21197,7
3748,11607,7
3761,8301,7
3774,20700,7
3781,13636,7
3784,17344,7
3806,16868,7
3829,7410,7
3829,15511,7
3841,7977,7
3842,16144,7
3843,4204,7
3844,14598,7
3852,6924,7
3858,7963,7
3862,20622,7
3865,19881,7
3874,10905,7
3896,19048,7
3911,14814,7
3919,13044,7
3940,9703,7
3955,16509,7
3957,8660,7
3959,18832,7
3964,13482,7
3974,9913,7
3979,6136,7
4000,21425,7
4002,5266,7
4003,5317,7
4016,19570,7
4018,5986,7
4025,12218,7
4027,4202,7
4037,18458,7
4041,6600,7
4053,5367,7
4055,17805,7
4067,5050,7
4107,5946,7
4107,7457,7
4116,6888,7
4116,8162,7
4122,16455,7
4125,5838,7
4126,5549,7
4130,10710,7
4130,16298,7
4130,17849,7
4140,15894,7
4145,17863,7
4148,20397,7
4190,6446,7
4204,7547,7
4205,13539,7
4205,19171,7
4212,6119,7
4227,10547,7
4243,19308,7
4247,8576,7
4253,17190,7
4253,18459,7
4254,8820,7
4264,4982,7
4277,14684,7
4277,15935,7
4283,11817,7
4285,18856,7
4289,6148,7
4289,19131,7
4289,19231,7
4307,21859,7
4309,5795,7
4311,14046,7
4314,14432,7
4327,8103,7
4327,22288,7
4351,19203,7
4352,6786,7
4354,20856,7
4354,21352,7
4359,18108,7
4363,9228,7
4382,8209,7
4389,20880,7
4391,9088,7
4406,17017,7
4408,20930,7
4419,18310,7
4423,21451,7
4430,10576,7
4436,9305,7
4436,15631,7
4441,11426,7
4445,15802,7
4447,9127,7
4461,19546,7
4475,17944,7
4476,13230,7
4480,16427,7
4493,11393,7
4496,6148,7
4496,8287,7
4501,11340,7
4516,17477,7
4516,21742,7
4524,7473,7
4533,16906,7
4549,10473,7
4567,9869,7
4567,10203,7
4588,20096,7
4605,18077,7
4637,9515,7
4642,17833,7
4648,13349,7
4650,14829,7
4651,10554,7
4662,17330,7
4663,21895,7
4691,19687,7
4694,5266,7
4694,12057,7
4739,14902,7
4752,10547,7
4752,15871,7
4752,19021,7
4757,14042,7
4758,20814,7
4772,17835,7
4803,8151,7
4806,7660,7
4837,6495,7
4853,11521,7
4853,17297,7
4862,16252,7
4868,12645,7
4877,11516,7
4877,12643,7
4877,21807,7
4896,8138,7
4899,11769,7
4905,15787,7
4915,13688,7
4917,17891,7
4918,14573,7
4922,8747,7
4922,15427,7
4922,19911,7
4930,16042,7
4937,9357,7
4937,12283,7
4958,12912,7
4960,7720,7
4970,10385,7
4983,6122,7
4985,19969,7
4991,18323,7
5018,8862,7
5022,7766,7
5029,12031,7
5038,8453,7
5046,7599,7
5059,8184,7
5068,9730,7
5069,12322,7
5069,16377,7
5071,6671,7
5074,12713,7
5075,20826,7
5080,5549,7
5082,7897,7
5082,15153,7
5086,19539,7
5130,5213,7
5130,7438,7
5130,9602,7
5133,22634,7
5145,15111,7
5151,9766,7
5166,7797,7
5166,8043,7
5171,9744,7
5213,8716,7
5213,10194,7
5222,5627,7
5222,6098,7
5242,19242,7
5258,10350,7
5264,7259,7
5275,9599,7
5277,8279,7
5277,16397,7
5277,18847,7
5286,11193,7
5286,16992,7
5288,10258,7
5291,11056,7
5291,11566,7
5291,12328,7
5291,12643,7
5291,13645,7
5310,6544,7
5311,17123,7
5352,18779,7
5362,12795,7
5365,13249,7
5387,20126,7
5397,18014,7
5402,10855,7
5405,20864,7
5458,9793,7
5468,21548,7
5470,9632,7
5478,11056,7
5478,20834,7
5483,15719,7
5486,18507,7
5499,9117,7
5499,14919,7
5513,9902,7
5517,7337,7
5517,11502,7
5562,10269,7
5563,21688,7
5571,17842,7
5581,6118,7
5581,10066,7
5581,15525,7
5589,15497,7
5590,6429,7
5591,20077,7
5609,16379,7
5624,22314,7
5626,16727,7
5639,13376,7
5639,16993,7
5639,18456,7
5659,10345,7
5676,14536,7
5694,9158,7
5697,11363,7
5712,18420,7
5714,22570,7
5726,19110,7
5740,21885,7
5742,8181,7
5742,8191,7
5745,14995,7
5766,18003,7
5771,19118,7
5790,8502,7
5835,6086,7
5837,7136,7
5837,12938,7
5856,17427,7
5861,18908,7
5861,20652,7
5871,18942,7
5890,12281,7
5891,16198,7
5896,12172,7
5908,16309,7
5909,6448,7
5926,15335,7
5928,6164,7
5938,9543,7
5949,6180,7
5960,10814,7
5960,16301,7
5964,7438,7
5964,14420,7
5964,16994,7
5972,7965,7
5972,20986,7
5980,13795,7
5998,6352,7
6014,13205,7
6016,10643,7
6024,17667,7
6042,20479,7
6044,17383,7
6051,9223,7
6063,9450,7
6071,18566,7
6072,22320,7
6086,7331,7
6096,15607,7
6114,16631,7
6126,9563,7
6164,11025,7
6165,19031,7
6189,8315,7
6200,9787,7
6221,14453,7
6223,8687,7
6231,11852,7
6242,11982,7
6243,18883,7
6243,21872,7
6260,13752,7
6278,13988,7
6322,20238,7
6326,18595,7
6336,19425,7
6346,11653,7
6352,13831,7
6353,21819,7
6358,12599,7
6374,12789,7
6382,15663,7
6392,9344,7
6399,16850,7
6400,11366,7
6402,13585,7
6412,12220,7
6419,17378,7
6421,16273,7
6436,18181,7
6437,9024,7
6442,12709,7
6442,22128,7
6452,22320,7
6454,18366,7
6470,17655,7
6479,7530,7
6504,21107,7
6529,6580,7
6531,16380,7
6553,15548,7
6583,18847,7
6587,20808,7
6603,11710,7
6605,21782,7
6613,14454,7
6613,20491,7
6615,21904,7
6622,8716,7
6622,21295,7
6639,9605,7
6659,19021,7
6678,9952,7
6711,8727,7
6715,17151,7
6723,7094,7
6738,8251,7
6762,14139,7
6771,10904,7
6771,14219,7
6792,19136,7
6801,8486,7
6801,10049,7
6815,12322,7
6841,10509,7
6859,22488,7
6872,21266,7
6884,19479,7
6892,9214,7
6904,12147,7
6923,7917,7
6939,11542,7
6969,11475,7
6971,6993,7
6995,13235,7
7004,9559,7
7004,15297,7
7032,14686,7
7036,9744,7
7039,7452,7
7043,11424,7
7057,17133,7
7061,17172,7
7072,17917,7
7072,19154,7
7076,15082,7
7099,21662,7
7100,14046,7
7109,14640,7
7109,15617,7
7110,17216,7
7123,17627,7
7128,22278,7
7132,16381,7
7136,11810,7
7140,14924,7
7152,14832,7
7154,16876,7
7156,9732,7
7157,13280,7
7169,10675,7
7171,8703,7
7181,8624,7
7186,10454,7
7186,21645,7
7215,19073,7
7224,20491,7
7225,15090,7
7229,20787,7
7257,10657,7
7259,7806,7
7275,19206,7
7290,21809,7
7292,17707,7
7292,19309,7
7292,22604,7
7301,8578,7
7301,11607,7
7301,19283,7
7306,14450,7
7331,8134,7
7331,16353,7
7342,13100,7
7343,16104,7
7351,10290,7
7381,15101,7
7383,16455,7
7391,8852,7
7408,8104,7
7424,16298,7
7424,19118,7
7434,9574,7
7438,12530,7
7443,22378,7
7463,9632,7
7514,11158,7
7518,8603,7
7560,20619,7
7595,12708,7
7613,13964,7
7634,21391,7
7636,20140,7
7655,15434,7
7670,13391,7
7761,9380,7
7766,20135,7
7769,16938,7
7776,10598,7
7778,14060,7
7778,20748,7
7790,16637,7
7842,18588,7
7854,13012,7
7855,14014,7
7855,16492,7
7855,21727,7
7872,16706,7
7884,10851,7
7884,11170,7
7884,16966,7
7884,19646,7
7896,9621,7
7923,19580,7
7946,9228,7
7964,7995,7
7983,18429,7
7983,18666,7
7995,9559,7
8009,21383,7
8023,20804,7
8024,13992,7
8028,19199,7
8038,12188,7
8038,21727,7
8064,14886,7
8077,20877,7
8085,10163,7
8085,14198,7
8093,22126,7
8096,17707,7
8100,12681,7
8100,15703,7
8126,13495,7
8134,10572,7
8134,17297,7
8154,15574,7
8155,17143,7
8157,14469,7
8162,13280,7
8165,15395,7
8168,14912,7
8173,14909,7
8176,22168,7
8180,16362,7
8184,8455,7
8184,12854,7
8199,9635,7
8200,15844,7
8221,13261,7
8237,20987,7
8260,17297,7
8266,8506,7
8284,15467,7
8307,10338,7
8309,17272,7
8335,10015,7
8345,14975,7
8348,20164,7
8355,9212,7
8355,16427,7
8362,13165,7
8368,8714,7
8402,20392,7
8403,9480,7
8466,13411,7
8470,18679,7
8470,20121,7
8495,12668,7
8495,14475,7
8502,9303,7
8504,12904,7
8550,16289,7
8552,10912,7
8616,18003,7
8625,15572,7
8625,17654,7
8662,19164,7
8668,14391,7
8672,10352,7
8681,13653,7
8711,18550,7
8714,15160,7
8714,17849,7
8716,13645,7
8716,16492,7
8731,16486,7
8747,22363,7
8753,16961,7
8761,14537,7
8776,18041,7
8783,18914,7
8837,16963,7
8853,20271,7
8875,14780,7
8876,11296,7
8877,13350,7
8928,9049,7
8930,9602,7
8930,9935,7
8930,13049,7
8930,18680,7
8930,22170,7
8933,14859,7
8942,22492,7
8952,16474,7
8961,13077,7
8973,11438,7
8973,16458,7
9007,22245,7
9015,21858,7
9048,20630,7
9060,19244,7
9061,10180,7
9088,18083,7
9104,12864,7
9104,15488,7
9128,10364,7
9144,12960,7
9145,11032,7
9159,13469,7
9175,10170,7
9190,14042,7
9212,15193,7
9223,14432,7
9230,14034,7
9242,20299,7
9267,10962,7
9299,14046,7
9337,17763,7
9359,13677,7
9378,16017,7
9384,20824,7
9391,13978,7
9396,15577,7
9415,11344,7
9416,22387,7
9420,15244,7
9420,18568,7
9432,9635,7
9432,18554,7
9479,19442,7
9486,21598,7
9503,9778,7
9510,16171,7
9514,16418,7
9539,14041,7
9539,19249,7
9552,9559,7
9559,9763,7
9559,17386,7
9559,21352,7
9583,14626,7
9602,14420,7
9602,15096,7
9614,20301,7
9622,17209,7
9642,19751,7
9652,13826,7
9652,16542,7
9661,21672,7
9662,16541,7
9671,18604,7
9678,10338,7
9687,21576,7
9695,11223,7
9703,12057,7
9718,16754,7
9721,18551,7
9735,12592,7
9744,15277,7
9757,12709,7
9757,12789,7
9761,10834,7
9761,15716,7
9781,14589,7
9796,20845,7
9813,16732,7
9822,20668,7
9846,21069,7
9922,12959,7
9935,12973,7
9935,21532,7
9955,11107,7
9974,19300,7
9994,19012,7
10011,20485,7
10016,20338,7
10025,21475,7
10036,15573,7
10044,10854,7
10046,12441,7
10046,21553,7
10066,12795,7
10072,19757,7
10086,12611,7
10097,20531,7
10103,14802,7
10112,11526,7
10119,21607,7
10123,17553,7
10131,14782,7
10139,10581,7
10140,18968,7
10149,10906,7
10182,15516,7
10212,18112,7
10237,21152,7
10241,18002,7
10252,14672,7
10256,11735,7
10316,18323,7
10317,13803,7
10317,18770,7
10322,10638,7
10324,14044,7
10333,12646,7
10352,16789,7
10364,13981,7
10364,22007,7
10400,10509,7
10400,18093,7
10421,12864,7
10447,16468,7
10454,14401,7
10467,18870,7
10485,18755,7
10503,18813,7
10545,15294,7
10547,17069,7
10572,10657,7
10572,17693,7
10574,11521,7
10574,17297,7
10596,13426,7
10598,12747,7
10622,13633,7
10622,15830,7
10632,19397,7
10653,20194,7
10664,18908,7
10673,19640,7
10680,22480,7
10702,13320,7
10705,11326,7
10707,20616,7
10708,20220,7
10741,15880,7
10742,18829,7
10750,13995,7
10779,12645,7
10779,21884,7
10781,17539,7
10787,22388,7
10798,15903,7
10798,21520,7
10798,21605,7
10825,13721,7
10828,11122,7
10836,21061,7
10855,17846,7
10890,16990,7
10890,21340,7
10942,15558,7
10953,11602,7
10962,18900,7
10975,16537,7
11022,12221,7
11025,16850,7
11037,22133,7
11044,16648,7
11053,12957,7
11055,17987,7
11059,12592,7
11087,13523,7
11110,20633,7
11133,21977,7
11141,12255,7
11162,12210,7
11169,18854,7
11199,16900,7
11210,13822,7
11228,22601,7
11259,13164,7
11284,18430,7
11327,17655,7
11337,17961,7
11339,12120,7
11342,13467,7
11351,22292,7
11369,19473,7
11388,17846,7
11396,17477,7
11396,22663,7
11424,17460,7
11454,20187,7
11455,22187,7
11473,21600,7
11475,19173,7
11500,22314,7
11507,18014,7
11516,15408,7
11521,19633,7
11540,13585,7
11566,19698,7
11566,20896,7
11566,21295,7
11607,12966,7
11607,17477,7
11619,13596,7
11622,15332,7
11668,16254,7
11707,12091,7
11741,18485,7
11745,18738,7
11747,12794,7
11771,17307,7
11788,14401,7
11788,17735,7
11817,18942,7
11818,11866,7
11820,18907,7
11820,19329,7
11826,14855,7
11828,19223,7
11830,18569,7
11854,14439,7
11921,22368,7
11942,21731,7
11943,17661,7
11951,22428,7
11978,12057,7
12055,16715,7
12057,14046,7
12057,17117,7
12060,14975,7
12060,20834,7
12076,22095,7
12081,22319,7
12092,13727,7
12135,13659,7
12171,15095,7
12171,15856,7
12188,17723,7
12188,19283,7
12189,20686,7
12207,15247,7
12210,16783,7
12214,19024,7
12218,13894,7
12220,19946,7
12274,20392,7
12292,17905,7
12341,19696,7
12342,16353,7
12348,19378,7
12377,15863,7
12387,14093,7
12401,19568,7
12409,13679,7
12451,21404,7
12475,20700,7
12480,19021,7
12487,17496,7
12489,17574,7
12514,13759,7
12518,14527,7
12530,13049,7
12560,16616,7
12577,12708,7
12580,13257,7
12580,16633,7
12602,19223,7
12607,16765,7
12639,13546,7
12643,16924,7
12645,18280,7
12668,21315,7
12704,22304,7
12715,13347,7
12774,19484,7
12775,21239,7
12789,14757,7
12789,17133,7
12821,13679,7
12821,16353,7
12858,22120,7
12865,20223,7
12897,20619,7
12899,17061,7
12899,22128,7
12903,19483,7
12908,20666,7
12915,21727,7
12950,18016,7
12956,13678,7
12956,22009,7
12960,21969,7
12973,16330,7
12973,18680,7
12973,19206,7
12977,13906,7
12978,15906,7
12991,16833,7
13001,17432,7
13002,22236,7
13021,22304,7
13035,16511,7
13048,16927,7
13049,20491,7
13056,15826,7
13065,20856,7
13078,20964,7
13107,16542,7
13126,14102,7
13126,17361,7
13140,16202,7
13147,22388,7
13164,15276,7
13199,15802,7
13199,17297,7
13213,21937,7
13257,19206,7
13258,13840,7
13278,15136,7
13280,18774,7
13280,19714,7
13305,17742,7
13309,16316,7
13346,16451,7
13346,18074,7
13347,15096,7
13347,21807,7
13353,15666,7
13353,21783,7
13359,13537,7
13359,14684,7
13364,22575,7
13376,16799,7
13411,13477,7
13443,21550,7
13456,20677,7
13467,16764,7
13482,19312,7
13499,15939,7
13503,13944,7
13513,17335,7
13537,17285,7
13537,19254,7
13546,14014,7
13569,18538,7
13613,18511,7
13625,16087,7
13652,20819,7
13742,16647,7
13753,14859,7
13761,20901,7
13785,20950,7
13795,14305,7
13795,15592,7
13795,20684,7
13830,20813,7
13873,20060,7
13906,15990,7
13923,18802,7
13927,21609,7
13965,19031,7
13973,19473,7
13973,21725,7
13975,15792,7
13975,16760,7
13980,14657,7
14007,16845,7
14014,15662,7
14014,19698,7
14024,22304,7
14036,18735,7
14038,14151,7
14046,19519,7
14079,17047,7
14127,21593,7
14157,18974,7
14164,17303,7
14194,20411,7
14220,15814,7
14266,19920,7
14268,19488,7
14307,21897,7
14313,16653,7
14332,21646,7
14338,22277,7
14345,17205,7
14359,20289,7
14383,19283,7
14454,21562,7
14473,20860,7
14506,20857,7
14546,15065,7
14551,19806,7
14558,16443,7
14561,14884,7
14566,15787,7
14567,15428,7
14587,18996,7
14618,15088,7
14621,17943,7
14627,19228,7
14639,19714,7
14647,19753,7
14684,17594,7
14749,19919,7
14753,20687,7
14757,22128,7
14780,15079,7
14782,20834,7
14792,18477,7
14797,17742,7
14797,18930,7
14802,18607,7
14832,16544,7
14832,16900,7
14861,15815,7
14868,16077,7
14871,16679,7
14879,19474,7
14890,20809,7
14920,17603,7
14921,19568,7
14929,15065,7
14975,18571,7
14975,21525,7
14987,15761,7
14999,15268,7
15038,22233,7
15072,16755,7
15095,18388,7
15122,21670,7
15139,21277,7
15145,16790,7
15153,17110,7
15193,16427,7
15203,21295,7
15259,16468,7
15280,20381,7
15295,19102,7
15300,15418,7
15314,15684,7
15322,20620,7
15343,19674,7
15354,19760,7
15396,21513,7
15473,16330,7
15532,20392,7
15536,15986,7
15548,20607,7
15556,18815,7
15572,21938,7
15592,19050,7
15592,22304,7
15607,21481,7
15639,16948,7
15662,20624,7
15663,17641,7
15695,22658,7
15703,15945,7
15718,15989,7
15734,15991,7
15743,18418,7
15807,15948,7
15813,17936,7
15842,17964,7
15842,19023,7
15855,16814,7
15855,19229,7
15871,17383,7
15871,22233,7
15903,16427,7
15935,17594,7
15939,19405,7
16083,18272,7
16088,17086,7
16215,17162,7
16244,17596,7
16268,22340,7
16275,20095,7
16339,16926,7
16353,17297,7
16365,19795,7
16374,19502,7
16374,20788,7
16377,17530,7
16394,18958,7
16397,20001,7
16397,21550,7
16403,18593,7
16429,22297,7
16454,18666,7
16492,17093,7
16492,17970,7
16527,22550,7
16544,17038,7
16563,21686,7
16590,22473,7
16630,19824,7
16633,19206,7
16650,16845,7
16706,18259,7
16728,20000,7
16747,22030,7
16750,20135,7
16797,18343,7
16823,17199,7
16823,22677,7
16869,19362,7
16879,18625,7
16879,19751,7
16994,20491,7
16998,20709,7
17029,20238,7
17061,17133,7
17067,17967,7
17077,21948,7
17131,19923,7
17143,22010,7
17146,17174,7
17189,21102,7
17190,21937,7
17255,18642,7
17273,17294,7
17294,22684,7
17349,19954,7
17371,22432,7
17466,17905,7
17477,19283,7
17510,17674,7
17629,17723,7
17645,20298,7
17667,19845,7
17690,22449,7
17723,17835,7
17752,18660,7
17789,19162,7
17833,22337,7
17883,19998,7
17884,22550,7
17925,19290,7
17925,22424,7
17940,18781,7
18041,22453,7
18101,20859,7
18130,22301,7
18242,21803,7
18255,19319,7
18269,21097,7
18314,18578,7
18322,18565,7
18346,20630,7
18368,19381,7
18378,19157,7
18385,20336,7
18396,18912,7
18423,21274,7
18457,18597,7
18474,20523,7
18482,21422,7
18492,22167,7
18554,18581,7
18565,19165,7
18586,18931,7
18696,20334,7
18714,21249,7
18730,22074,7
18770,19703,7
18772,18850,7
18835,22151,7
18925,20454,7
18947,22188,7
18995,19145,7
19037,20719,7
19073,21829,7
19076,21389,7
19094,20730,7
19102,21129,7
19283,21727,7
19301,21699,7
19314,21895,7
19361,19930,7
19382,19836,7
19440,22100,7
19442,19646,7
19478,21846,7
19530,22490,7
19535,22330,7
19570,22430,7
19614,20705,7
19624,19805,7
19640,19703,7
19646,19965,7
19652,21658,7
19698,21727,7
19783,21520,7
19783,21605,7
19821,22583,7
19901,20964,7
19980,21084,7
20006,21487,7
20064,22478,7
20142,20312,7
20142,21233,7
20149,21132,7
20149,22632,7
20172,21361,7
20500,21287,7
20535,21262,7
20540,22136,7
20615,21727,7
20632,21948,7
20684,22304,7
20700,22473,7
20712,21541,7
20807,21316,7
20835,22246,7
21112,22139,7
21172,22483,7
21358,22522,7
21391,22147,7
21418,22399,7
21857,22471,7
22029,22319,7
5,13792,8
10,18109,8
16,10509,8
37,4694,8
37,11283,8
41,6516,8
62,9297,8
70,5344,8
73,11286,8
74,20141,8
81,8284,8
83,13953,8
96,19633,8
100,17690,8
140,2495,8
151,8664,8
154,3101,8
171,21800,8
180,4166,8
254,5858,8
262,8219,8
269,13049,8
278,4101,8
281,14383,8
286,14154,8
294,15877,8
299,10904,8
301,10748,8
305,14249,8
305,22329,8
307,8174,8
311,12601,8
313,5545,8
319,12737,8
319,14351,8
326,8300,8
335,20965,8
336,13146,8
341,2171,8
348,20344,8
350,4314,8
350,14737,8
369,17201,8
384,10579,8
388,8750,8
396,8266,8
411,3448,8
417,20081,8
427,11571,8
457,9900,8
469,4815,8
475,12492,8
481,2641,8
482,12601,8
484,8546,8
484,9622,8
529,17680,8
531,11175,8
540,17810,8
576,12298,8
586,873,8
589,6064,8
611,13999,8
614,6245,8
633,7646,8
647,2234,8
666,12189,8
671,3556,8
671,13851,8
674,5596,8
683,18060,8
689,2058,8
696,3127,8
697,19984,8
712,3471,8
714,7026,8
714,10667,8
721,6776,8
723,15336,8
726,10591,8
730,16631,8
736,20614,8
750,4261,8
753,17935,8
755,3988,8
755,14652,8
773,19168,8
774,7656,8
778,9637,8
796,14492,8
797,9223,8
797,9918,8
841,7525,8
841,14596,8
843,22583,8
844,7850,8
845,17922,8
862,12131,8
864,4114,8
866,18286,8
875,14551,8
878,14429,8
881,7466,8
886,9664,8
889,20453,8
894,8625,8
897,2144,8
902,8823,8
912,7491,8
912,9100,8
913,13651,8
915,14087,8
947,1443,8
953,10483,8
957,16452,8
963,10710,8
981,21404,8
1056,9384,8
1060,9749,8
1062,19047,8
1067,16170,8
1073,19710,8
1110,18089,8
1121,10609,8
1123,22394,8
1125,18030,8
1131,3761,8
1137,20260,8
1144,14980,8
1154,3573,8
1161,14460,8
1174,21112,8
1175,5730,8
1189,1674,8
1189,13059,8
1189,22169,8
1196,18598,8
1216,20231,8
1217,20825,8
1237,4237,8
1238,8134,8
1274,7016,8
1309,9832,8
1336,6504,8
1349,17442,8
1349,19942,8
1350,12392,8
1363,7150,8
1384,18881,8
1391,19491,8
1409,4157,8
1415,4165,8
1418,18563,8
1425,8174,8
1425,8864,8
1438,12471,8
1440,16104,8
1447,15866,8
1447,19304,8
1463,3801,8
1470,4461,8
1470,19539,8
1477,7457,8
1484,20677,8
1514,11548,8
1516,22394,8
1519,9309,8
1527,13242,8
1565,17273,8
1570,7950,8
1607,1621,8
1608,9175,8
1632,20421,8
1649,18921,8
1653,5122,8
1661,10890,8
1670,13546,8
1685,4059,8
1689,11584,8
1700,3769,8
1704,6700,8
1704,6798,8
1708,19633,8
1719,10440,8
1722,11046,8
1727,1748,8
1770,15244,8
1778,11348,8
1779,5465,8
1779,15617,8
1794,9432,8
1799,14981,8
1807,9240,8
1807,11312,8
1821,8889,8
1821,17923,8
1821,19202,8
1822,3792,8
1840,6036,8
1855,15156,8
1880,14346,8
1940,6622,8
1940,15203,8
1942,8944,8
1962,4317,8
1970,10519,8
1979,10574,8
1979,12081,8
1990,9118,8
2001,14684,8
2022,18280,8
2034,16728,8
2034,20067,8
2042,12483,8
2051,22371,8
2058,16513,8
2072,3005,8
2073,3800,8
2085,8251,8
2090,5592,8
2094,11540,8
2097,7050,8
2110,3592,8
2118,8519,8
2120,20000,8
2131,2771,8
2132,8260,8
2151,19021,8
2160,4635,8
2177,2309,8
2177,2959,8
2177,16814,8
2182,3272,8
2182,9432,8
2191,5071,8
2194,15330,8
2198,22610,8
2213,19050,8
2220,15901,8
2224,5404,8
2237,2630,8
2237,8199,8
2238,21686,8
2240,8973,8
2240,13360,8
2240,17247,8
2255,3304,8
2287,10173,8
2287,15351,8
2289,5303,8
2293,21074,8
2302,9475,8
2307,17323,8
2309,2643,8
2309,11807,8
2314,6913,8
2316,7424,8
2318,16339,8
2331,13031,8
2354,13769,8
2354,22021,8
2382,4263,8
2387,14577,8
2390,15394,8
2395,8358,8
2396,5878,8
2406,18643,8
2408,11602,8
2415,21503,8
2416,12492,8
2419,20764,8
2420,16404,8
2424,9889,8
2424,13376,8
2427,15295,8
2436,9952,8
2441,8367,8
2441,20106,8
2473,3555,8
2493,8291,8
2507,7342,8
2513,8205,8
2514,5972,8
2514,13995,8
2516,14751,8
2517,18167,8
2520,9958,8
2527,3255,8
2529,16029,8
2543,5391,8
2546,11619,8
2546,11745,8
2551,5822,8
2553,9525,8
2555,19223,8
2583,22428,8
2602,7215,8
2602,16170,8
2607,20835,8
2610,9353,8
2610,21280,8
2620,16076,8
2620,19979,8
2630,10615,8
2634,3976,8
2638,19427,8
2643,2959,8
2648,11121,8
2648,18932,8
2658,7491,8
2658,7632,8
2658,8199,8
2658,18772,8
2658,22502,8
2679,12301,8
2702,9396,8
2751,22064,8
2762,14982,8
2780,18016,8
2790,14786,8
2802,7305,8
2802,12960,8
2814,9943,8
2824,20375,8
2838,10750,8
2842,20768,8
2850,5349,8
2851,8706,8
2864,19592,8
2879,18717,8
2887,8198,8
2887,15089,8
2937,6068,8
2937,6655,8
2957,10775,8
2959,16170,8
2984,15856,8
2984,22488,8
2992,4772,8
2996,6282,8
2999,19236,8
3009,22540,8
3028,9637,8
3028,18214,8
3051,16257,8
3064,11573,8
3088,11356,8
3091,22603,8
3112,19210,8
3117,8179,8
3167,3805,8
3191,18409,8
3209,17383,8
3209,19698,8
3219,11459,8
3240,18772,8
3246,4600,8
3248,19627,8
3252,22469,8
3255,22229,8
3257,9878,8
3268,15714,8
3268,17250,8
3291,10187,8
3303,15096,8
3313,5353,8
3331,20658,8
3349,11745,8
3361,18995,8
3364,10256,8
3379,5166,8
3381,6113,8
3393,13059,8
3398,11761,8
3431,20216,8
3439,15802,8
3450,14780,8
3488,11722,8
3491,17594,8
3501,6278,8
3517,5299,8
3524,20044,8
3544,22176,8
3552,4634,8
3554,10208,8
3563,8020,8
3570,17124,8
3578,21972,8
3588,8332,8
3592,15873,8
3596,19232,8
3606,14278,8
3610,19157,8
3617,5440,8
3632,18366,8
3642,9009,8
3653,20042,8
3664,15692,8
3686,9000,8
3720,16501,8
3734,4246,8
3734,4960,8
3760,21009,8
3761,22147,8
3763,6442,8
3763,19585,8
3768,8982,8
3787,10003,8
3787,17232,8
3792,8534,8
3796,11809,8
3801,7415,8
3806,19575,8
3818,10467,8
3818,14219,8
3852,22577,8
3870,22621,8
3898,17264,8
3900,19736,8
3902,21415,8
3903,15511,8
3910,12744,8
3925,18482,8
3925,20158,8
3928,5842,8
3933,21509,8
3938,4317,8
3940,17117,8
3957,6780,8
3977,11461,8
3988,22634,8
3993,10716,8
4010,16884,8
4018,6978,8
4051,21155,8
4065,16718,8
4079,19866,8
4101,14775,8
4102,21381,8
4107,8229,8
4121,18584,8
4122,18767,8
4140,6992,8
4140,15046,8
4140,20381,8
4141,22046,8
4145,15395,8
4155,11169,8
4157,20628,8
4190,17500,8
4197,9527,8
4207,22654,8
4209,11499,8
4227,13525,8
4227,20896,8
4243,4610,8
4244,8415,8
4264,5522,8
4269,19576,8
4280,5202,8
4280,5260,8
4289,19322,8
4335,6152,8
4356,21005,8
4385,17940,8
4386,20525,8
4388,10747,8
4411,19998,8
4420,5084,8
4420,13881,8
4427,5037,8
4430,5463,8
4435,6805,8
4435,19913,8
4436,19242,8
4441,16402,8
4447,13991,8
4452,12536,8
4455,15138,8
4457,13945,8
4460,7720,8
4461,10400,8
4463,14719,8
4491,17266,8
4496,21672,8
4516,11056,8
4526,17872,8
4535,12076,8
4535,20441,8
4546,6231,8
4546,6892,8
4562,8290,8
4608,6509,8
4608,8613,8
4614,19488,8
4617,18398,8
4619,16509,8
4632,20441,8
4636,13962,8
4637,4859,8
4643,7818,8
4651,16893,8
4663,9212,8
4674,7745,8
4674,11032,8
4674,13168,8
4674,20020,8
4688,6594,8
4688,14935,8
4694,20020,8
4712,15832,8
4717,17273,8
4718,14913,8
4722,8970,8
4722,17749,8
4741,6587,8
4746,9975,8
4748,7301,8
4748,12915,8
4757,18786,8
4764,5744,8
4765,6661,8
4793,4876,8
4797,14598,8
4816,21393,8
4821,9220,8
4828,17704,8
4833,8195,8
4842,7137,8
4843,19621,8
4872,6237,8
4877,6622,8
4877,16492,8
4905,11835,8
4945,9735,8
4958,13280,8
4958,19997,8
4974,20581,8
4996,20289,8
5000,13602,8
5022,15744,8
5022,21334,8
5026,18093,8
5043,7282,8
5068,17001,8
5069,16020,8
5071,17568,8
5071,17609,8
5075,20976,8
5083,10905,8
5084,5639,8
5084,8687,8
5084,13082,8
5084,21650,8
5086,15081,8
5089,17391,8
5105,5222,8
5106,16168,8
5154,9651,8
5175,21173,8
5185,15993,8
5210,12968,8
5213,14014,8
5213,21727,8
5226,11991,8
5258,10657,8
5269,17278,8
5327,12961,8
5337,20491,8
5337,21532,8
5343,12592,8
5354,15945,8
5364,8379,8
5397,12364,8
5397,21070,8
5400,9993,8
5406,11924,8
5407,7553,8
5435,20378,8
5451,9732,8
5464,5662,8
5467,22498,8
5470,16603,8
5498,20754,8
5511,7423,8
5525,16018,8
5548,11838,8
5592,15094,8
5597,18597,8
5621,8260,8
5624,10483,8
5639,16684,8
5669,7689,8
5670,12912,8
5670,20126,8
5693,18825,8
5696,7109,8
5711,9411,8
5719,7257,8
5730,6732,8
5740,21662,8
5753,18283,8
5759,8413,8
5759,20625,8
5765,10846,8
5802,7225,8
5822,18529,8
5827,7720,8
5832,12570,8
5854,19834,8
5861,12740,8
5861,20639,8
5862,10809,8
5862,19448,8
5871,9784,8
5874,7709,8
5874,13080,8
5877,9152,8
5877,14460,8
5877,20495,8
5887,7026,8
5887,13308,8
5887,20677,8
5891,13164,8
5913,12301,8
5952,17675,8
5964,11566,8
5971,7130,8
5983,6261,8
5995,8632,8
6011,7916,8
6014,7107,8
6026,6975,8
6036,22577,8
6049,13108,8
6050,10890,8
6051,11601,8
6064,7157,8
6064,8093,8
6067,17702,8
6070,13748,8
6070,20979,8
6076,18339,8
6080,12128,8
6105,12684,8
6107,10061,8
6152,15029,8
6173,9157,8
6173,15472,8
6200,6530,8
6206,9500,8
6206,10325,8
6223,13082,8
6228,10768,8
6231,14395,8
6238,17361,8
6239,14411,8
6274,19517,8
6296,17622,8
6306,8851,8
6325,17863,8
6336,17723,8
6336,19283,8
6354,12763,8
6371,20207,8
6380,12549,8
6384,22127,8
6421,17323,8
6433,7128,8
6454,13220,8
6454,17273,8
6459,11665,8
6475,11033,8
6490,12401,8
6501,19458,8
6503,9183,8
6518,17007,8
6518,18097,8
6524,6982,8
6527,12910,8
6530,12283,8
6557,17618,8
6572,22045,8
6587,10112,8
6592,6875,8
6592,19585,8
6615,13906,8
6621,8284,8
6627,14307,8
6647,15482,8
6659,19484,8
6664,18032,8
6664,20166,8
6667,10572,8
6684,15543,8
6707,10284,8
6727,13258,8
6728,20194,8
6735,12193,8
6738,14279,8
6741,16674,8
6811,19848,8
6822,22157,8
6825,20338,8
6825,22109,8
6843,12645,8
6859,14199,8
6875,13667,8
6875,14832,8
6877,11721,8
6910,20650,8
6939,14495,8
6940,12207,8
6953,16485,8
6980,17070,8
6989,14130,8
7004,21352,8
7036,10066,8
7043,17177,8
7076,13554,8
7077,8236,8
7078,9936,8
7084,9462,8
7085,19440,8
7085,21259,8
7093,15336,8
7107,16002,8
7147,20187,8
7163,21851,8
7225,13168,8
7227,18921,8
7242,15925,8
7262,16926,8
7275,11366,8
7279,17034,8
7301,21532,8
7331,22039,8
7350,13783,8
7353,15780,8
7387,16972,8
7389,21962,8
7391,13746,8
7392,12283,8
7418,11054,8
7419,17725,8
7427,14929,8
7432,13963,8
7434,19382,8
7437,8706,8
7438,12774,8
7459,19057,8
7488,9383,8
7505,10703,8
7508,10767,8
7509,21487,8
7511,15496,8
7511,15555,8
7520,11049,8
7525,20129,8
7545,13038,8
7554,13095,8
7556,11367,8
7613,22007,8
7689,19575,8
7724,21456,8
7772,22629,8
7776,18435,8
7782,17057,8
7786,10809,8
7823,8308,8
7833,12734,8
7841,12008,8
7869,13759,8
7902,17535,8
7912,12886,8
7942,13882,8
7950,21490,8
7958,16293,8
7969,16428,8
7978,22076,8
8020,12054,8
8038,12480,8
8038,17629,8
8066,15332,8
8095,12012,8
8100,11531,8
8126,17802,8
8127,11121,8
8136,12981,8
8143,22403,8
8154,12821,8
8158,22173,8
8174,8784,8
8179,12475,8
8195,10814,8
8196,12279,8
8221,16385,8
8266,11222,8
8284,13199,8
8290,15131,8
8290,22181,8
8294,14451,8
8345,8588,8
8345,17773,8
8362,20682,8
8405,13036,8
8407,17925,8
8434,14178,8
8454,16340,8
8455,20246,8
8468,12561,8
8476,15288,8
8502,8985,8
8504,19774,8
8517,8908,8
8534,10503,8
8534,15131,8
8540,17300,8
8549,15513,8
8552,13477,8
8566,12281,8
8571,21043,8
8595,13961,8
8618,18777,8
8630,20584,8
8632,9727,8
8667,16041,8
8674,10468,8
8674,15870,8
8681,16150,8
8687,18307,8
8713,18407,8
8769,9859,8
8780,11862,8
8780,13477,8
8796,13295,8
8806,18632,8
8820,14332,8
8821,11496,8
8821,16237,8
8832,9878,8
8872,18658,8
8878,12426,8
8878,20754,8
8923,22241,8
8930,14014,8
8930,21295,8
8930,21727,8
8944,15045,8
8972,20667,8
8974,21502,8
8984,11858,8
9009,10953,8
9024,15363,8
9030,21783,8
9044,14325,8
9098,20260,8
9104,21472,8
9125,13943,8
9154,14239,8
9175,22288,8
9190,10572,8
9191,14881,8
9205,18637,8
9223,11601,8
9234,20981,8
9240,10023,8
9240,11718,8
9240,12775,8
9248,15037,8
9284,10882,8
9297,11492,8
9303,13938,8
9305,20597,8
9321,14583,8
9342,13580,8
9359,14578,8
9359,17989,8
9368,14351,8
9368,19135,8
9380,17889,8
9383,21600,8
9415,11673,8
9425,10044,8
9450,9602,8
9450,13347,8
9460,19086,8
9462,12216,8
9471,9906,8
9492,9629,8
9501,20636,8
9509,16783,8
9527,14495,8
9558,17004,8
9574,19382,8
9602,14843,8
9603,12686,8
9608,21281,8
9620,9668,8
9701,12887,8
9703,13130,8
9703,20020,8
9708,21224,8
9722,20754,8
9743,15766,8
9780,21475,8
9781,15703,8
9796,12590,8
9819,10217,8
9838,20895,8
9841,15051,8
9841,20679,8
9841,22045,8
9855,10727,8
9866,15662,8
9878,13230,8
9878,20380,8
9918,10044,8
9918,15204,8
9935,12966,8
9936,10925,8
9957,22540,8
9961,14635,8
9968,21983,8
9975,15786,8
9991,21403,8
10004,21323,8
10008,16236,8
10033,14903,8
10033,21906,8
10036,19477,8
10037,13738,8
10038,19626,8
10044,20741,8
10056,16360,8
10061,19865,8
10095,10790,8
10114,21960,8
10123,12437,8
10124,11787,8
10130,20511,8
10131,18077,8
10142,10235,8
10162,12763,8
10167,21561,8
10170,21621,8
10194,17970,8
10194,19698,8
10221,15551,8
10252,17294,8
10252,19304,8
10254,22260,8
10271,18256,8
10301,11563,8
10306,11826,8
10306,11903,8
10319,15281,8
10334,10781,8
10362,19630,8
10374,19491,8
10385,19199,8
10431,17007,8
10433,12549,8
10437,14256,8
10438,12951,8
10458,15460,8
10485,20714,8
10514,20597,8
10517,18020,8
10522,20333,8
10547,14495,8
10550,22454,8
10574,17695,8
10582,12274,8
10598,10809,8
10598,10854,8
10598,11846,8
10602,17574,8
10609,15990,8
10619,12947,8
10622,12620,8
10649,18699,8
10664,22187,8
10673,16845,8
10675,11522,8
10727,22599,8
10739,11204,8
10771,20384,8
10779,19308,8
10809,14737,8
10809,16298,8
10813,22253,8
10905,16357,8
10925,17120,8
10955,20260,8
10972,22610,8
10996,15727,8
11002,12090,8
11028,21290,8
11037,11685,8
11037,11988,8
11037,15294,8
11056,19283,8
11059,20042,8
11074,13949,8
11084,12772,8
11092,11741,8
11092,13665,8
11111,11927,8
11133,11368,8
11133,11758,8
11144,12861,8
11167,20896,8
11169,17370,8
11182,12915,8
11182,18740,8
11204,18199,8
11232,13931,8
11237,11492,8
11255,14588,8
11373,20788,8
11382,17594,8
11388,12086,8
11438,18272,8
11444,20565,8
11455,15167,8
11487,22227,8
11496,16360,8
11500,13972,8
11542,13546,8
11558,13475,8
11566,20491,8
11619,17461,8
11664,22480,8
11685,15951,8
11692,20457,8
11771,21470,8
11774,14814,8
11782,13490,8
11807,14581,8
11807,20067,8
11807,20677,8
11811,14804,8
11894,16710,8
11921,19913,8
11937,18223,8
11960,19378,8
11962,19736,8
11978,13764,8
11987,15396,8
11988,12694,8
11988,13035,8
11988,16511,8
11988,16674,8
11991,17285,8
12025,21078,8
12046,13832,8
12055,12710,8
12057,19519,8
12089,20584,8
12092,13644,8
12098,15738,8
12112,13388,8
12132,21998,8
12155,21756,8
12165,17278,8
12168,21662,8
12177,21343,8
12199,21005,8
12204,19502,8
12235,14043,8
12242,12862,8
12252,13309,8
12265,21548,8
12287,20711,8
12294,17644,8
12298,12461,8
12379,19538,8
12387,18943,8
12392,21621,8
12401,15342,8
12409,15083,8
12430,21043,8
12480,20896,8
12487,13049,8
12500,15266,8
12501,15177,8
12514,18932,8
12589,21173,8
12639,21807,8
12673,19228,8
12679,15038,8
12689,13961,8
12707,13648,8
12737,16413,8
12747,18435,8
12748,13359,8
12775,14116,8
12775,20775,8
12814,16738,8
12827,18420,8
12827,19037,8
12845,17655,8
12867,16874,8
12881,20740,8
12886,21846,8
12903,21441,8
12910,16428,8
12915,20115,8
12917,14088,8
12925,17582,8
12937,19389,8
12955,20969,8
12969,22585,8
12977,15951,8
12991,22127,8
13036,16196,8
13036,21737,8
13058,17055,8
13094,15768,8
13100,21649,8
13113,14320,8
13164,14099,8
13164,20824,8
13174,16800,8
13195,18751,8
13199,13382,8
13205,14940,8
13212,21349,8
13242,13349,8
13257,15203,8
13263,22181,8
13280,20126,8
13305,19073,8
13305,20848,8
13336,18167,8
13348,14999,8
13359,20824,8
13394,22269,8
13456,14135,8
13467,21689,8
13490,13875,8
13491,14967,8
13496,16707,8
13511,15683,8
13523,21847,8
13525,14682,8
13525,17477,8
13525,22233,8
13537,15573,8
13537,19450,8
13546,14383,8
13581,19309,8
13605,16168,8
13606,13789,8
13606,15190,8
13665,20665,8
13680,16460,8
13703,19212,8
13771,19448,8
13792,15403,8
13842,21628,8
13872,15247,8
13878,15472,8
13882,18963,8
13910,17247,8
13980,21074,8
14049,15504,8
14055,19987,8
14059,17007,8
14075,14290,8
14173,19228,8
14206,22558,8
14248,16993,8
14280,14642,8
14336,21004,8
14370,20479,8
14383,15408,8
14388,15978,8
14566,15725,8
14581,20597,8
14613,18049,8
14618,17185,8
14640,15617,8
14640,21011,8
14740,20779,8
14745,16198,8
14751,21208,8
14766,19471,8
14775,14921,8
14780,20569,8
14782,17126,8
14822,14917,8
14828,15725,8
14834,18156,8
14864,17802,8
14886,21846,8
14910,18890,8
14951,21112,8
14952,20896,8
14981,21938,8
14982,18286,8
14993,18348,8
14999,20582,8
15067,18846,8
15095,16653,8
15119,15787,8
15119,17311,8
15134,16287,8
15153,18458,8
15213,16404,8
15239,19503,8
15270,17904,8
15276,16198,8
15276,17285,8
15322,15418,8
15386,17708,8
15453,18138,8
15463,19986,8
15555,17247,8
15590,20333,8
15591,22114,8
15613,17381,8
15636,16133,8
15636,17977,8
15681,18597,8
15682,15910,8
15694,19417,8
15738,16679,8
15764,19394,8
15764,19616,8
15768,19292,8
15769,20170,8
15802,17695,8
15802,18738,8
15836,16868,8
15856,18563,8
15863,17562,8
15892,21516,8
15910,18850,8
15914,21631,8
15916,20839,8
15931,20222,8
15935,18355,8
16012,21763,8
16016,17807,8
16079,19151,8
16085,22055,8
16143,17679,8
16184,21322,8
16223,20194,8
16230,17588,8
16272,22686,8
16283,20104,8
16295,16380,8
16315,18182,8
16438,18974,8
16459,20987,8
16578,20562,8
16674,17695,8
16695,19378,8
16702,21536,8
16712,18799,8
16723,17954,8
16725,17609,8
16754,21381,8
16769,16983,8
16782,19602,8
16799,21315,8
16935,18487,8
17001,20976,8
17129,22486,8
17179,18418,8
17220,17286,8
17248,19960,8
17265,17966,8
17294,20840,8
17487,20344,8
17490,21596,8
17496,19674,8
17515,21103,8
17603,17850,8
17647,17659,8
17680,18660,8
17723,17903,8
17723,19275,8
17760,20880,8
17778,22584,8
17813,20340,8
17835,19484,8
17852,19697,8
17903,19283,8
17963,20411,8
17988,20775,8
18011,20619,8
18040,21909,8
18182,20457,8
18182,22443,8
18197,20576,8
18197,21969,8
18207,18247,8
18340,18496,8
18419,19236,8
18492,21110,8
18593,18777,8
18613,18906,8
18613,20810,8
18732,19359,8
18732,21884,8
18840,21441,8
18902,20026,8
18915,19451,8
19102,22634,8
19133,22100,8
19227,19986,8
19272,20000,8
19304,19848,8
19304,21662,8
19326,22096,8
19341,19642,8
19408,22225,8
19502,20666,8
19527,22214,8
19538,22188,8
19674,20544,8
19674,21807,8
19690,21747,8
19934,21502,8
19964,21553,8
20031,22475,8
20156,22376,8
20187,20301,8
20327,20771,8
20335,21975,8
20434,21347,8
20505,21149,8
20685,21005,8
20696,22216,8
20824,21340,8
20829,21751,8
20896,22170,8
21067,21620,8
21074,22587,8
21078,21223,8
21082,21845,8
21227,21318,8
21248,21809,8
21251,21703,8
21260,21924,8
21295,21936,8
21352,21953,8
21352,22557,8
21354,22236,8
21659,22688,8
21858,21977,8
22229,22586,8
22336,22439,8
26,11771,9
30,16186,9
50,13712,9
96,8260,9
105,12415,9
105,16926,9
120,10756,9
154,13748,9
157,10890,9
157,20215,9
163,10959,9
167,2247,9
184,556,9
193,3495,9
213,6035,9
213,21874,9
230,916,9
230,7703,9
245,6173,9
245,8625,9
245,9157,9
280,15463,9
299,5077,9
304,4150,9
311,9749,9
311,9957,9
327,11333,9
332,2852,9
332,13745,9
332,21306,9
346,3292,9
346,6405,9
353,9765,9
368,18781,9
379,11369,9
379,14582,9
388,13236,9
404,16754,9
428,16481,9
449,22209,9
458,13400,9
464,14465,9
474,21474,9
480,6828,9
485,20987,9
505,3783,9
507,18272,9
513,8566,9
531,8154,9
531,9603,9
536,16330,9
552,20624,9
576,14024,9
580,15579,9
587,4964,9
587,11745,9
589,20126,9
597,20025,9
608,20798,9
631,2862,9
631,21541,9
641,1420,9
641,17543,9
642,1901,9
652,13153,9
658,11826,9
663,3576,9
685,4516,9
689,18312,9
695,7689,9
730,6667,9
747,15621,9
748,5931,9
755,1121,9
755,8603,9
755,22621,9
756,1170,9
762,3729,9
790,8554,9
818,19358,9
832,16707,9
838,18944,9
843,6274,9
851,11168,9
855,12747,9
858,17452,9
864,9049,9
870,9064,9
882,10935,9
905,6750,9
912,11226,9
927,4120,9
928,17905,9
935,1393,9
936,3083,9
936,14748,9
936,17779,9
947,21894,9
949,16505,9
957,12955,9
962,13115,9
972,17851,9
979,10521,9
989,2602,9
997,1238,9
1002,9619,9
1015,22542,9
1029,5837,9
1033,7790,9
1037,21239,9
1037,22610,9
1050,9326,9
1060,2376,9
1062,5260,9
1065,5872,9
1072,5727,9
1081,1425,9
1090,8061,9
1095,15051,9
1101,7966,9
1107,11839,9
1107,16585,9
1108,10316,9
1116,16051,9
1143,13918,9
1144,20164,9
1144,20620,9
1163,6532,9
1163,11798,9
1176,6182,9
1178,16005,9
1180,5282,9
1180,16399,9
1185,2070,9
1196,16027,9
1197,14679,9
1198,1756,9
1198,7136,9
1200,19503,9
1201,15955,9
1204,20597,9
1217,6938,9
1229,10810,9
1246,22297,9
1249,17609,9
1259,12718,9
1260,5337,9
1260,11607,9
1262,18681,9
1267,11391,9
1294,21610,9
1295,10219,9
1300,3596,9
1300,20900,9
1307,2802,9
1309,10609,9
1312,7257,9
1327,16622,9
1332,6114,9
1339,18426,9
1356,6096,9
1368,3311,9
1378,10530,9
1410,15096,9
1414,16364,9
1415,15592,9
1415,16965,9
1418,17231,9
1419,6762,9
1420,18089,9
1421,14122,9
1424,12940,9
1438,16507,9
1443,8400,9
1455,15831,9
1464,17897,9
1469,5142,9
1470,5542,9
1477,22175,9
1491,4101,9
1496,3881,9
1516,6885,9
1536,14674,9
1537,14277,9
1560,13128,9
1563,4549,9
1563,19452,9
1585,4776,9
1587,15151,9
1605,1776,9
1607,13704,9
1608,4043,9
1608,13976,9
1613,6422,9
1626,6421,9
1627,13389,9
1638,20665,9
1656,8093,9
1672,10332,9
1678,1834,9
1682,21259,9
1700,6167,9
1744,14239,9
1753,2226,9
1789,12881,9
1795,10896,9
1797,2391,9
1803,14878,9
1817,4779,9
1818,15766,9
1821,13314,9
1841,9761,9
1841,22164,9
1856,11482,9
1864,9242,9
1875,3019,9
1885,8133,9
1892,17223,9
1907,3574,9
1922,20702,9
1931,20095,9
1979,4016,9
1979,7331,9
1979,15802,9
1984,7408,9
1991,4176,9
1999,10565,9
2000,14234,9
2001,2398,9
2018,21790,9
2023,14395,9
2031,2340,9
2065,13923,9
2081,18615,9
2087,3870,9
2087,6750,9
2099,2996,9
2103,18960,9
2107,12606,9
2153,21467,9
2160,11810,9
2213,4898,9
2225,2420,9
2226,5842,9
2246,20674,9
2252,21949,9
2255,4872,9
2274,6231,9
2284,9674,9
2284,14894,9
2284,16209,9
2287,18583,9
2295,20678,9
2305,19064,9
2309,19229,9
2312,10287,9
2326,2889,9
2339,5407,9
2359,15078,9
2367,17186,9
2368,21621,9
2369,9171,9
2376,15735,9
2396,20504,9
2411,22525,9
2416,20693,9
2422,13894,9
2424,21661,9
2427,13035,9
2433,9778,9
2436,7911,9
2451,3112,9
2451,6318,9
2458,10175,9
2487,11642,9
2487,21904,9
2488,13513,9
2489,10719,9
2515,7229,9
2518,21620,9
2531,6123,9
2531,9491,9
2546,12183,9
2563,8010,9
2565,7520,9
2571,8459,9
2573,4815,9
2579,22540,9
2584,10578,9
2584,16090,9
2598,16636,9
2602,17987,9
2611,11305,9
2612,7395,9
2613,3724,9
2651,16369,9
2664,8154,9
2684,20522,9
2685,11279,9
2687,5862,9
2691,12320,9
2719,11741,9
2744,5621,9
2751,19633,9
2751,20149,9
2758,21885,9
2760,6670,9
2762,14042,9
2766,17485,9
2780,9720,9
2790,18294,9
2801,11670,9
2822,21907,9
2827,17997,9
2833,21799,9
2846,12092,9
2858,4600,9
2887,4558,9
2889,5372,9
2896,17386,9
2907,19618,9
2919,22603,9
2951,8013,9
2987,10567,9
2988,22540,9
2992,11056,9
2997,13441,9
2997,16943,9
3006,6483,9
3023,16039,9
3036,20231,9
3046,18360,9
3070,3578,9
3081,10860,9
3117,11141,9
3128,17186,9
3133,7762,9
3137,10181,9
3154,3592,9
3167,22100,9
3173,19841,9
3179,18947,9
3209,17247,9
3216,6614,9
3218,18298,9
3220,11834,9
3246,21347,9
3273,3960,9
3274,9246,9
3298,21391,9
3306,4852,9
3325,22053,9
3341,9769,9
3348,18059,9
3353,17853,9
3364,19977,9
3364,20834,9
3375,9127,9
3381,6533,9
3383,16960,9
3406,15150,9
3439,5258,9
3455,13115,9
3467,10798,9
3469,9426,9
3476,11482,9
3476,17756,9
3479,5310,9
3482,11340,9
3482,13097,9
3482,18571,9
3491,7732,9
3513,19969,9
3532,10256,9
3532,18368,9
3532,22447,9
3540,19210,9
3546,4354,9
3556,4334,9
3559,15964,9
3563,20173,9
3563,21996,9
3570,15523,9
3573,16167,9
3578,6231,9
3591,20093,9
3600,12566,9
3604,8772,9
3607,20591,9
3618,7096,9
3632,4088,9
3650,6898,9
3650,7397,9
3655,4010,9
3664,4967,9
3667,10482,9
3670,15471,9
3672,16533,9
3685,17763,9
3686,21662,9
3741,21873,9
3745,12801,9
3777,4313,9
3781,14225,9
3786,15637,9
3789,5251,9
3791,22037,9
3805,13926,9
3812,12538,9
3836,17626,9
3838,18153,9
3839,13359,9
3844,13013,9
3844,15585,9
3866,5624,9
3866,11500,9
3870,14652,9
3875,7520,9
3903,7410,9
3905,7290,9
3918,16972,9
3925,8402,9
3938,8911,9
3938,12424,9
3957,12910,9
3958,6501,9
3959,15006,9
3967,20611,9
3988,4195,9
3988,9093,9
4016,17547,9
4037,6200,9
4055,5291,9
4055,10131,9
4055,11524,9
4078,18748,9
4083,9217,9
4094,4393,9
4099,7983,9
4116,5088,9
4127,6383,9
4130,10122,9
4138,11161,9
4140,13355,9
4140,19382,9
4155,5933,9
4163,19635,9
4195,22621,9
4209,20486,9
4211,7729,9
4212,8063,9
4227,13347,9
4232,4328,9
4243,6493,9
4243,6843,9
4243,17537,9
4243,17988,9
4244,16689,9
4245,22300,9
4251,19344,9
4253,5426,9
4310,11911,9
4313,6263,9
4317,16364,9
4359,18656,9
4370,15096,9
4374,7195,9
4384,12915,9
4401,21246,9
4420,7438,9
4420,12171,9
4425,17787,9
4436,13964,9
4442,9603,9
4462,15287,9
4469,15106,9
4480,7273,9
4480,18404,9
4516,6044,9
4516,18680,9
4530,7147,9
4534,4641,9
4534,5246,9
4555,14832,9
4573,6933,9
4583,16541,9
4589,14701,9
4591,7967,9
4622,17583,9
4629,17125,9
4632,9757,9
4635,10485,9
4635,13980,9
4641,13330,9
4657,22228,9
4675,7095,9
4675,20856,9
4688,18550,9
4688,22479,9
4691,12377,9
4695,13645,9
4703,20964,9
4712,18855,9
4722,6866,9
4734,10548,9
4754,9945,9
4776,12562,9
4793,6760,9
4853,12363,9
4853,15798,9
4862,12316,9
4866,21366,9
4877,10290,9
4877,17383,9
4886,6173,9
4889,20454,9
4899,15261,9
4900,15243,9
4915,5758,9
4916,6318,9
4939,21548,9
4942,20699,9
4951,15338,9
4954,19964,9
4957,5002,9
4958,18774,9
4964,16935,9
4989,15304,9
4992,17883,9
5022,21315,9
5044,7155,9
5059,11500,9
5069,16567,9
5077,9180,9
5077,14450,9
5077,17270,9
5078,17855,9
5084,11300,9
5089,10262,9
5137,13331,9
5142,17466,9
5149,8552,9
5155,12822,9
5160,21746,9
5169,5260,9
5174,6718,9
5213,7855,9
5213,15408,9
5231,6008,9
5245,14842,9
5258,12228,9
5258,22319,9
5262,12385,9
5269,11675,9
5285,12718,9
5288,12471,9
5293,5701,9
5301,13698,9
5303,5353,9
5323,10111,9
5336,18740,9
5337,5964,9
5337,10547,9
5337,15555,9
5369,18017,9
5375,13147,9
5402,7665,9
5402,19539,9
5413,19090,9
5421,9151,9
5428,19673,9
5428,21223,9
5428,21974,9
5435,17789,9
5461,21132,9
5484,19228,9
5499,16935,9
5503,20626,9
5514,8772,9
5521,6145,9
5548,14014,9
5548,21302,9
5551,18354,9
5559,18813,9
5580,7387,9
5582,16878,9
5586,21161,9
5587,14489,9
5612,10941,9
5617,21763,9
5643,5981,9
5713,11636,9
5719,14216,9
5740,12950,9
5755,15197,9
5765,9691,9
5765,13513,9
5769,12592,9
5795,11664,9
5812,14416,9
5816,14226,9
5870,17249,9
5896,15665,9
5956,7069,9
5960,11758,9
5980,11814,9
5981,12976,9
5999,9837,9
6011,15894,9
6030,21868,9
6089,10696,9
6089,16636,9
6097,18208,9
6102,14702,9
6105,15011,9
6123,15501,9
6142,16794,9
6160,17267,9
6170,21254,9
6175,8224,9
6179,6572,9
6179,18267,9
6180,14218,9
6189,19520,9
6211,16104,9
6231,20371,9
6231,21054,9
6245,11867,9
6297,13112,9
6306,22634,9
6307,17020,9
6336,7939,9
6341,18294,9
6363,12520,9
6378,14701,9
6393,21590,9
6404,19564,9
6428,14080,9
6449,21585,9
6472,10639,9
6483,9787,9
6491,14046,9
6502,13249,9
6506,21113,9
6511,12814,9
6518,16364,9
6527,8074,9
6566,13761,9
6572,7480,9
6572,20048,9
6578,9165,9
6578,13373,9
6578,16337,9
6582,11065,9
6615,21552,9
6621,6741,9
6634,10413,9
6644,21231,9
6684,9011,9
6688,21055,9
6691,14140,9
6703,7262,9
6741,13195,9
6747,13293,9
6765,8872,9
6783,13293,9
6783,15179,9
6828,8578,9
6828,17124,9
6841,18093,9
6853,15097,9
6857,21152,9
6885,19497,9
6915,19088,9
6920,12812,9
6957,10235,9
6957,16485,9
6965,19286,9
6978,14537,9
6994,18207,9
7095,20714,9
7103,15356,9
7107,12561,9
7137,22566,9
7140,17051,9
7157,9941,9
7159,21553,9
7182,15255,9
7196,14521,9
7215,11948,9
7220,16819,9
7229,9240,9
7238,18036,9
7262,13044,9
7290,16174,9
7305,9144,9
7344,13332,9
7351,13049,9
7372,13073,9
7399,15241,9
7400,9460,9
7411,8850,9
7411,9483,9
7416,11477,9
7418,12789,9
7422,8726,9
7425,12577,9
7451,10649,9
7518,19068,9
7521,14576,9
7528,8325,9
7538,20044,9
7555,16578,9
7577,18893,9
7595,15821,9
7615,15502,9
7637,15853,9
7647,17249,9
7666,16446,9
7725,11056,9
7738,20850,9
7741,20731,9
7746,8299,9
7748,10192,9
7766,12668,9
7782,17915,9
7794,19374,9
7797,19452,9
7800,18097,9
7840,14525,9
7840,17708,9
7855,17903,9
7855,18740,9
7867,7899,9
7873,11245,9
7891,21011,9
7896,15461,9
7914,10956,9
7950,11369,9
7956,12333,9
7958,18340,9
7967,17486,9
7972,15935,9
8027,14079,9
8034,22039,9
8034,22122,9
8069,15909,9
8072,11621,9
8081,20153,9
8097,20706,9
8112,9972,9
8117,10473,9
8118,20877,9
8131,14939,9
8133,10033,9
8135,8339,9
8142,15395,9
8142,17392,9
8143,18046,9
8148,15375,9
8154,10350,9
8159,16444,9
8179,9600,9
8199,15211,9
8200,8744,9
8229,10235,9
8267,22164,9
8284,11005,9
8284,19447,9
8295,18624,9
8298,19200,9
8309,18139,9
8310,21305,9
8315,19602,9
8345,15662,9
8348,20404,9
8358,8832,9
8362,9078,9
8369,15531,9
8376,16476,9
8385,12514,9
8389,15328,9
8400,20444,9
8438,11337,9
8465,10294,9
8466,8780,9
8468,10814,9
8490,15995,9
8490,17647,9
8506,11730,9
8526,17411,9
8531,17389,9
8546,11276,9
8552,15727,9
8571,12560,9
8603,12169,9
8632,20366,9
8640,11444,9
8649,14330,9
8667,18006,9
8680,20997,9
8697,11155,9
8697,11950,9
8714,21952,9
8714,22388,9
8718,16425,9
8720,20497,9
8724,8827,9
8741,15078,9
8744,22588,9
8780,21675,9
8783,15046,9
8804,13556,9
8813,19505,9
8821,16912,9
8821,21590,9
8823,9263,9
8858,10960,9
8880,15779,9
8889,21933,9
8909,17283,9
8933,17735,9
8993,18910,9
9009,15738,9
9011,18932,9
9034,22009,9
9043,14206,9
9060,10528,9
9060,12481,9
9062,14719,9
9062,19633,9
9068,9158,9
9097,14080,9
9144,15585,9
9154,21090,9
9162,21419,9
9208,22610,9
9231,21585,9
9235,15725,9
9240,17659,9
9242,22480,9
9264,9576,9
9265,19200,9
9309,20544,9
9321,15362,9
9342,12487,9
9342,12643,9
9360,20752,9
9370,20403,9
9384,14099,9
9409,11089,9
9432,12786,9
9432,18476,9
9436,15097,9
9518,21502,9
9602,12915,9
9602,14495,9
9602,14682,9
9602,19275,9
9627,18463,9
9647,15855,9
9665,12975,9
9671,18799,9
9680,21784,9
9685,17749,9
9687,10466,9
9698,18200,9
9701,13493,9
9712,17543,9
9712,21037,9
9728,12786,9
9763,15297,9
9791,10860,9
9797,10696,9
9797,16428,9
9810,15573,9
9833,11219,9
9848,11607,9
9848,21532,9
9848,22286,9
9852,17700,9
9866,13546,9
9885,13943,9
9913,19638,9
9928,22128,9
9941,13280,9
9941,15842,9
9964,14981,9
9968,12633,9
9986,20507,9
10015,19973,9
10038,10108,9
10039,19627,9
10050,19385,9
10050,22244,9
10051,19403,9
10064,12156,9
10073,17478,9
10081,14086,9
10082,20252,9
10117,15854,9
10123,21675,9
10129,13973,9
10138,18581,9
10173,13662,9
10199,17835,9
10217,19052,9
10218,12222,9
10237,13653,9
10252,17386,9
10258,12474,9
10290,20491,9
10321,12342,9
10345,11206,9
10352,15725,9
10385,14571,9
10388,11040,9
10388,17638,9
10388,19736,9
10439,17647,9
10439,19359,9
10439,20775,9
10461,17274,9
10510,13809,9
10539,12400,9
10545,22319,9
10554,14871,9
10576,17286,9
10639,12298,9
10639,19050,9
10655,11241,9
10696,12071,9
10703,21788,9
10781,15792,9
10798,20025,9
10804,11551,9
10810,17680,9
10824,11316,9
10845,17311,9
10846,12054,9
10886,16380,9
10904,20114,9
10905,16078,9
10910,12330,9
10912,19856,9
10932,15262,9
10955,12213,9
10956,12101,9
10997,14659,9
11002,18395,9
11009,19392,9
11036,20093,9
11040,13859,9
11056,17093,9
11112,12159,9
11128,18960,9
11151,15443,9
11161,19576,9
11188,16450,9
11197,15551,9
11210,18714,9
11223,17139,9
11245,12282,9
11245,16468,9
11249,14414,9
11250,14791,9
11259,13449,9
11282,16585,9
11293,17415,9
11331,20908,9
11333,15097,9
11333,17638,9
11344,11673,9
11363,20493,9
11367,18677,9
11367,19459,9
11388,18593,9
11454,18108,9
11459,13985,9
11487,21084,9
11492,20376,9
11516,20896,9
11524,12639,9
11541,19212,9
11550,13130,9
11562,16521,9
11578,12789,9
11611,19824,9
11628,16329,9
11651,12887,9
11672,16234,9
11700,15467,9
11771,14612,9
11772,14499,9
11781,19329,9
11782,13496,9
11793,17245,9
11801,12981,9
11807,19242,9
11807,21174,9
11820,17208,9
11827,21621,9
11829,13679,9
11829,20839,9
11838,15408,9
11868,20767,9
11900,13208,9
11927,12798,9
11931,20334,9
11980,13112,9
11988,12081,9
12053,21978,9
12054,12813,9
12076,12200,9
12081,13482,9
12092,16832,9
12095,17044,9
12101,14200,9
12108,21746,9
12134,18042,9
12163,19860,9
12164,13346,9
12164,15176,9
12179,13176,9
12183,17162,9
12191,15006,9
12201,18051,9
12220,15798,9
12220,21080,9
12235,15262,9
12270,13439,9
12283,21391,9
12298,12415,9
12345,18554,9
12357,20353,9
12364,17215,9
12401,13676,9
12405,17976,9
12411,16689,9
12424,20390,9
12424,22575,9
12560,20908,9
12567,14674,9
12639,21742,9
12646,12708,9
12652,16527,9
12668,16653,9
12690,15131,9
12694,15467,9
12710,13226,9
12731,14950,9
12731,17534,9
12789,16900,9
12830,16590,9
12835,21780,9
12900,20942,9
12912,22126,9
12915,20615,9
12955,18183,9
12962,15241,9
12973,17383,9
12973,18131,9
12975,14612,9
12981,16996,9
12988,18925,9
12991,17442,9
13049,14952,9
13049,17924,9
13082,19674,9
13097,20624,9
13112,22394,9
13122,15531,9
13149,18003,9
13156,15668,9
13199,13482,9
13203,13658,9
13268,20582,9
13268,21239,9
13286,13858,9
13289,16511,9
13308,16852,9
13313,15313,9
13322,19541,9
13344,17390,9
13355,14288,9
13355,22039,9
13359,21576,9
13374,21514,9
13399,17436,9
13403,16951,9
13411,15906,9
13449,15276,9
13476,21569,9
13497,15399,9
13535,17359,9
13537,18355,9
13580,19021,9
13586,19450,9
13606,15127,9
13619,22669,9
13665,19138,9
13665,20276,9
13678,15046,9
13775,18724,9
13784,20746,9
13787,19652,9
13792,15581,9
13806,15884,9
13875,21718,9
13880,21310,9
13910,14199,9
13923,16748,9
13924,17606,9
13941,15873,9
13979,14522,9
14007,14239,9
14015,16775,9
14073,17448,9
14099,17863,9
14099,21576,9
14106,15572,9
14115,17867,9
14115,22031,9
14122,16764,9
14222,14674,9
14292,22234,9
14313,20522,9
14317,17543,9
14317,19465,9
14332,15851,9
14413,15826,9
14416,14868,9
14432,19118,9
14465,21011,9
14475,16066,9
14551,19547,9
14568,17392,9
14640,21729,9
14654,19088,9
14672,18409,9
14676,16358,9
14676,21102,9
14726,19169,9
14744,21843,9
14748,20535,9
14751,15727,9
14763,14801,9
14793,19060,9
14801,22026,9
14861,22371,9
14888,21791,9
14903,20893,9
14921,16287,9
14924,20740,9
14951,22139,9
14980,18477,9
14980,22583,9
14982,20344,9
14987,20988,9
15012,16198,9
15016,18615,9
15033,21852,9
15046,18914,9
15067,19146,9
15078,15326,9
15127,21535,9
15128,18729,9
15139,18357,9
15159,20942,9
15164,20151,9
15173,21467,9
15180,20739,9
15211,22502,9
15215,17712,9
15229,16143,9
15239,22259,9
15284,18900,9
15294,15295,9
15294,16295,9
15295,16380,9
15376,22618,9
15381,18362,9
15381,20074,9
15386,16374,9
15455,19558,9
15465,18397,9
15467,21132,9
15525,18396,9
15532,16182,9
15532,19582,9
15556,18838,9
15561,19085,9
15564,15798,9
15607,16316,9
15631,21672,9
15695,22330,9
15716,18014,9
15761,16878,9
15798,16385,9
15804,22589,9
15842,19703,9
15873,16764,9
15906,19744,9
15940,16208,9
15940,17562,9
16005,16756,9
16040,18887,9
16083,21661,9
16110,17175,9
16150,21340,9
16164,20771,9
16186,16889,9
16223,20525,9
16252,18182,9
16312,16912,9
16361,17131,9
16446,21436,9
16483,22296,9
16572,21265,9
16617,20418,9
16637,20520,9
16671,20375,9
16673,19540,9
16684,20522,9
16708,18594,9
16712,20486,9
16725,20619,9
16764,18176,9
16820,19261,9
16840,19397,9
16866,16964,9
16893,21352,9
16893,21416,9
16927,19030,9
16935,17487,9
17124,22286,9
17126,19674,9
17129,20006,9
17247,17924,9
17253,18321,9
17273,21662,9
17296,19286,9
17377,19450,9
17452,21661,9
17502,20156,9
17502,20619,9
17648,18339,9
17663,18809,9
17714,21986,9
17742,20925,9
17751,20934,9
17815,18165,9
17846,22581,9
17897,21733,9
17922,21192,9
17976,19337,9
17984,18916,9
17989,22688,9
18019,20835,9
18059,21682,9
18070,21525,9
18078,22431,9
18097,20767,9
18129,20435,9
18185,21475,9
18207,20232,9
18298,20603,9
18313,20511,9
18362,20272,9
18388,20488,9
18501,22479,9
18529,21161,9
18565,19105,9
18598,18983,9
18662,19145,9
18721,20765,9
18732,20775,9
18770,19727,9
18855,22246,9
19008,20105,9
19135,20832,9
19176,22462,9
19220,20424,9
19234,22432,9
19308,20507,9
19394,20562,9
19470,20022,9
19513,22620,9
19518,21880,9
19566,22543,9
19674,21525,9
19696,19795,9
19714,20126,9
19741,21622,9
19969,22363,9
19977,20880,9
20045,22669,9
20067,22496,9
20246,22314,9
20392,20774,9
20619,20971,9
20648,21982,9
20781,21731,9
20920,22575,9
20926,22442,9
20979,21120,9
21305,21573,9
21416,22587,9
21670,22606,9
2,14153,10
6,21260,10
19,2445,10
25,21633,10
26,2451,10
48,1807,10
54,12092,10
75,17092,10
81,8415,10
81,14460,10
81,20371,10
81,20687,10
87,10284,10
90,16495,10
96,5646,10
98,9712,10
98,10566,10
98,17745,10
102,8476,10
105,10157,10
136,22239,10
149,13272,10
151,4717,10
151,20714,10
164,18892,10
166,19158,10
167,11950,10
172,9957,10
176,20543,10
180,18005,10
185,13161,10
189,21902,10
224,4209,10
228,15261,10
235,11750,10
239,3305,10
247,597,10
278,18553,10
280,6892,10
280,15656,10
292,9176,10
308,6674,10
332,19382,10
337,16428,10
343,19955,10
353,18553,10
354,12674,10
354,16999,10
386,3970,10
398,17510,10
449,3685,10
449,11551,10
461,7471,10
461,18010,10
480,12480,10
481,9842,10
485,19936,10
496,21136,10
500,17778,10
508,8597,10
515,13599,10
531,4442,10
532,13353,10
536,17303,10
564,12423,10
565,4332,10
587,17693,10
587,21306,10
589,17074,10
597,7463,10
599,11581,10
604,20558,10
616,8930,10
624,16119,10
640,2514,10
640,6117,10
641,4579,10
642,10341,10
665,21937,10
668,5567,10
673,11430,10
674,1540,10
674,5612,10
675,8154,10
675,19102,10
680,9211,10
683,19798,10
685,6659,10
685,20624,10
712,10528,10
716,22640,10
717,7923,10
729,8799,10
729,20753,10
732,4891,10
738,21224,10
742,12486,10
747,1497,10
760,10114,10
761,16234,10
773,4531,10
799,9786,10
807,10500,10
812,5901,10
822,18738,10
825,5222,10
846,15390,10
858,14248,10
862,20059,10
882,16543,10
888,1203,10
889,19584,10
905,9698,10
916,13236,10
921,16002,10
936,5343,10
938,7070,10
948,16263,10
962,1412,10
1037,19308,10
1053,2136,10
1073,8623,10
1075,19147,10
1090,9730,10
1095,14405,10
1096,13551,10
1106,14305,10
1107,1507,10
1112,6514,10
1121,13849,10
1121,22610,10
1135,14481,10
1137,19348,10
1161,2927,10
1161,15990,10
1165,1674,10
1173,8044,10
1197,6773,10
1203,21746,10
1213,8469,10
1227,21107,10
1238,10350,10
1246,13367,10
1259,7518,10
1264,11530,10
1307,17279,10
1309,4620,10
1312,13678,10
1314,8108,10
1322,7196,10
1326,12299,10
1414,10940,10
1426,5900,10
1431,15937,10
1437,6478,10
1443,9930,10
1443,19458,10
1447,7459,10
1459,21646,10
1460,18701,10
1481,2676,10
1501,16999,10
1519,15343,10
1520,11580,10
1523,6437,10
1556,3138,10
1559,16253,10
1563,20696,10
1565,12938,10
1570,9175,10
1574,13154,10
1585,12078,10
1593,7636,10
1600,13727,10
1613,17954,10
1623,2900,10
1628,12985,10
1638,18485,10
1646,3114,10
1653,16314,10
1656,20126,10
1660,8846,10
1663,8554,10
1670,9499,10
1674,7420,10
1675,5353,10
1704,8453,10
1705,16026,10
1717,14205,10
1723,17068,10
1727,14699,10
1786,9501,10
1807,12230,10
1821,13963,10
1847,3315,10
1847,8133,10
1853,3736,10
1875,8178,10
1875,22644,10
1891,3681,10
1893,11300,10
1920,5391,10
1934,15024,10
1940,5337,10
1962,2376,10
1979,13261,10
1979,18067,10
1990,3446,10
2022,15418,10
2031,4656,10
2059,12423,10
2059,20272,10
2067,9352,10
2073,19220,10
2081,7776,10
2103,3865,10
2105,21159,10
2125,14465,10
2141,10433,10
2147,17283,10
2155,19826,10
2181,21932,10
2184,4243,10
2184,6231,10
2213,22045,10
2216,17150,10
2238,10541,10
2246,2787,10
2250,12623,10
2255,17647,10
2284,9665,10
2298,11225,10
2305,7326,10
2311,16927,10
2318,4562,10
2322,3960,10
2335,12910,10
2348,15981,10
2348,19980,10
2349,12050,10
2368,12168,10
2368,17331,10
2368,21734,10
2372,10509,10
2373,3800,10
2375,21433,10
2376,11868,10
2398,13586,10
2398,19394,10
2418,17111,10
2430,17205,10
2455,8114,10
2476,7383,10
2487,11483,10
2508,3808,10
2546,3937,10
2546,18286,10
2546,21306,10
2570,11106,10
2571,8487,10
2571,12775,10
2576,18714,10
2579,17468,10
2579,19290,10
2650,7174,10
2657,22607,10
2661,3409,10
2665,14296,10
2673,7589,10
2673,14106,10
2677,5627,10
2685,5327,10
2708,12411,10
2708,17461,10
2744,8163,10
2751,22029,10
2762,18067,10
2785,11460,10
2788,17886,10
2792,8034,10
2792,8415,10
2792,16689,10
2833,16636,10
2846,11654,10
2852,12821,10
2879,6933,10
2903,7059,10
2905,18459,10
2907,13949,10
2915,19449,10
2927,13289,10
2933,15414,10
2965,5771,10
2983,13885,10
2988,15921,10
2992,12060,10
3006,15094,10
3009,4534,10
3014,15410,10
3015,16483,10
3016,9846,10
3051,11692,10
3070,11037,10
3122,10225,10
3146,16999,10
3158,7897,10
3180,16111,10
3185,6052,10
3195,5447,10
3195,21472,10
3209,15871,10
3225,6622,10
3236,11582,10
3251,14806,10
3266,6030,10
3276,7252,10
3344,17449,10
3349,12548,10
3349,20839,10
3365,10319,10
3376,21662,10
3381,14906,10
3439,12821,10
3451,20493,10
3459,15942,10
3460,16376,10
3462,11971,10
3467,6066,10
3467,13470,10
3471,17897,10
3482,8878,10
3482,11735,10
3511,14571,10
3524,10548,10
3540,17198,10
3546,9116,10
3548,21289,10
3575,9622,10
3582,11398,10
3588,18858,10
3595,14027,10
3596,19502,10
3607,4355,10
3607,11195,10
3617,7672,10
3623,14474,10
3632,17294,10
3632,17989,10
3651,3706,10
3655,8852,10
3681,17198,10
3685,9337,10
3687,8034,10
3715,14385,10
3725,15822,10
3766,16671,10
3793,5289,10
3838,17624,10
3844,21493,10
3845,7492,10
3856,9935,10
3857,21321,10
3865,22550,10
3879,18368,10
3895,9176,10
3905,12712,10
3905,19966,10
3906,10055,10
3924,4304,10
3964,19633,10
3967,21239,10
3987,20977,10
3989,19736,10
3994,4212,10
3997,22278,10
4021,9727,10
4023,22603,10
4029,8034,10
4029,9117,10
4035,15390,10
4038,19131,10
4043,12924,10
4043,14413,10
4054,9836,10
4055,4752,10
4096,9147,10
4105,17875,10
4107,4233,10
4107,13598,10
4114,7436,10
4127,4619,10
4139,12912,10
4140,9214,10
4173,11253,10
4173,14797,10
4173,20925,10
4201,11778,10
4201,12088,10
4227,14420,10
4227,15417,10
4227,17126,10
4233,8269,10
4243,8490,10
4243,16689,10
4255,6548,10
4297,8600,10
4311,9703,10
4317,8884,10
4327,6811,10
4328,15044,10
4347,8267,10
4356,10787,10
4363,5089,10
4365,6173,10
4403,9637,10
4420,5548,10
4420,17773,10
4433,15668,10
4436,9647,10
4438,12609,10
4439,20440,10
4441,6992,10
4442,17200,10
4445,15780,10
4447,14215,10
4447,15201,10
4496,14135,10
4515,22447,10
4526,5433,10
4526,8027,10
4534,11868,10
4545,12486,10
4545,20181,10
4562,8173,10
4584,20349,10
4592,20681,10
4594,8521,10
4603,14395,10
4604,5017,10
4613,12079,10
4621,16215,10
4621,22592,10
4623,14023,10
4630,9187,10
4630,18529,10
4636,12052,10
4643,9206,10
4645,17162,10
4651,5740,10
4656,7899,10
4674,9299,10
4693,8439,10
4696,9947,10
4717,22688,10
4721,13890,10
4730,14036,10
4737,8201,10
4752,4772,10
4752,6044,10
4752,21525,10
4753,7849,10
4757,17297,10
4769,19595,10
4770,10896,10
4840,6104,10
4854,22292,10
4856,21530,10
4868,8801,10
4872,15874,10
4876,22354,10
4877,15343,10
4882,14774,10
4891,10139,10
4905,15119,10
4916,20390,10
4939,11867,10
4946,11222,10
4953,13829,10
4956,10657,10
4965,7448,10
4978,20178,10
4980,14614,10
4981,15719,10
5133,16631,10
5162,12932,10
5165,7225,10
5196,16102,10
5206,21188,10
5222,11128,10
5225,12486,10
5229,11098,10
5238,17695,10
5246,11771,10
5246,18097,10
5246,20220,10
5253,15342,10
5258,8221,10
5262,8718,10
5268,16927,10
5270,17742,10
5319,17604,10
5326,12674,10
5334,10181,10
5339,6036,10
5339,18749,10
5369,14987,10
5410,20398,10
5440,17647,10
5463,12409,10
5463,15486,10
5465,21729,10
5467,8890,10
5476,8644,10
5499,19986,10
5503,22621,10
5513,17829,10
5530,19254,10
5530,19616,10
5542,18458,10
5548,17835,10
5578,20358,10
5582,6459,10
5582,21231,10
5585,13871,10
5590,18936,10
5596,11162,10
5619,10284,10
5645,18768,10
5668,13085,10
5685,11559,10
5718,8198,10
5719,10657,10
5720,15322,10
5735,22520,10
5740,19888,10
5770,12675,10
5793,6787,10
5799,11173,10
5846,14738,10
5850,15836,10
5864,11926,10
5870,20152,10
5877,8501,10
5879,22113,10
5890,11264,10
5891,18191,10
5909,16208,10
5946,11437,10
5972,11304,10
5973,9499,10
5980,14405,10
5981,7783,10
5988,10222,10
5999,14908,10
6004,22688,10
6006,8115,10
6028,12437,10
6044,14682,10
6056,22480,10
6066,12339,10
6097,6627,10
6104,16912,10
6114,12325,10
6115,11610,10
6137,13499,10
6143,10859,10
6167,22648,10
6177,11794,10
6198,20368,10
6215,9894,10
6217,11344,10
6231,15995,10
6237,10023,10
6243,22176,10
6255,17501,10
6263,10940,10
6263,19939,10
6297,14403,10
6308,18237,10
6309,15880,10
6313,15354,10
6314,22667,10
6318,9957,10
6318,12975,10
6336,9883,10
6336,20624,10
6412,17659,10
6412,20839,10
6423,6677,10
6428,17427,10
6431,12122,10
6441,8575,10
6477,16895,10
6480,19512,10
6483,19830,10
6502,9783,10
6514,8911,10
6516,18761,10
6530,18093,10
6544,19483,10
6563,21959,10
6596,21080,10
6601,9702,10
6615,9627,10
6615,15951,10
6615,19633,10
6629,20770,10
6642,21248,10
6659,15417,10
6659,21807,10
6663,11973,10
6667,20559,10
6681,8350,10
6707,19314,10
6724,13175,10
6728,15375,10
6738,16192,10
6741,14623,10
6745,7832,10
6758,8783,10
6780,10033,10
6780,10977,10
6788,12835,10
6789,12903,10
6807,22338,10
6815,19168,10
6816,10729,10
6822,18729,10
6822,22352,10
6843,21132,10
6853,11303,10
6867,16116,10
6871,12070,10
6892,16215,10
6942,15854,10
6957,8143,10
6999,21264,10
7005,15331,10
7012,13021,10
7020,22002,10
7064,16893,10
7070,8397,10
7071,22151,10
7076,17664,10
7077,7956,10
7082,9151,10
7106,9499,10
7131,10736,10
7147,14001,10
7157,16590,10
7174,17688,10
7188,8125,10
7203,17150,10
7225,18272,10
7257,9987,10
7275,16799,10
7304,16978,10
7306,9540,10
7318,7632,10
7330,22227,10
7331,16215,10
7335,9807,10
7335,19911,10
7336,13195,10
7351,7452,10
7351,18571,10
7353,11530,10
7353,12775,10
7391,8840,10
7396,8992,10
7396,12108,10
7399,20646,10
7435,9699,10
7436,13674,10
7439,16295,10
7443,10974,10
7446,8550,10
7446,20664,10
7463,12648,10
7468,21757,10
7471,15447,10
7474,21102,10
7513,19686,10
7537,10323,10
7563,9180,10
7564,16792,10
7570,22407,10
7570,22604,10
7616,8510,10
7622,18761,10
7625,9576,10
7672,21459,10
7689,12853,10
7695,9275,10
7760,12542,10
7775,18166,10
7828,15759,10
7831,17542,10
7849,15323,10
7855,17835,10
7862,13881,10
7865,17249,10
7912,16934,10
7914,14938,10
7922,17354,10
7936,20281,10
7963,9296,10
7995,19465,10
8033,21472,10
8064,15813,10
8064,16934,10
8069,8984,10
8071,12120,10
8117,15301,10
8134,15990,10
8154,17297,10
8154,17695,10
8163,20559,10
8165,20562,10
8195,21172,10
8201,8944,10
8243,16580,10
8249,10632,10
8251,15294,10
8257,19011,10
8275,14753,10
8287,10655,10
8300,17540,10
8308,12098,10
8320,16138,10
8329,17937,10
8345,16779,10
8345,18740,10
8354,20626,10
8403,19474,10
8415,8799,10
8415,9172,10
8415,14428,10
8433,17834,10
8455,9815,10
8487,10439,10
8489,19119,10
8490,13268,10
8498,14939,10
8504,16688,10
8520,12971,10
8525,10147,10
8534,12690,10
8535,15610,10
8565,11387,10
8567,22327,10
8573,20578,10
8580,16730,10
8607,16458,10
8617,22464,10
8630,11829,10
8647,18710,10
8649,14354,10
8649,20575,10
8652,9010,10
8658,11022,10
8660,17029,10
8716,17970,10
8720,11006,10
8727,15691,10
8753,22552,10
8758,9674,10
8767,10546,10
8784,14598,10
8793,21231,10
8799,16546,10
8840,20839,10
8852,15529,10
8864,11835,10
8884,22213,10
8889,22053,10
8892,18749,10
8909,13308,10
8913,14587,10
8920,17117,10
8926,9384,10
8935,18065,10
8962,19969,10
8986,20276,10
9001,19037,10
9033,16458,10
9049,19105,10
9053,19905,10
9062,15467,10
9077,9166,10
9105,12202,10
9116,17989,10
9127,14894,10
9132,20457,10
9171,12711,10
9172,9190,10
9185,16699,10
9214,11745,10
9214,19510,10
9256,16734,10
9268,15103,10
9287,11607,10
9287,17069,10
9293,15557,10
9309,17201,10
9319,11238,10
9329,11996,10
9342,9883,10
9351,16515,10
9383,16687,10
9397,9959,10
9407,20821,10
9415,17572,10
9450,12639,10
9453,15831,10
9480,12806,10
9494,17898,10
9497,11728,10
9523,11646,10
9534,12702,10
9575,10174,10
9581,20511,10
9584,21167,10
9614,18322,10
9620,13524,10
9641,16108,10
9665,11741,10
9674,13665,10
9681,18137,10
9686,21045,10
9694,15783,10
9712,16265,10
9759,13419,10
9766,11054,10
9778,19394,10
9780,11238,10
9797,18390,10
9841,20181,10
9848,14495,10
9863,9895,10
9866,20544,10
9935,15343,10
9945,20148,10
9971,14834,10
9975,18756,10
9978,11039,10
10023,13906,10
10025,12064,10
10043,21389,10
10103,10703,10
10112,15427,10
10123,21383,10
10131,17126,10
10139,12720,10
10170,18587,10
10190,14300,10
10217,19811,10
10235,13078,10
10287,13910,10
10290,15871,10
10345,21859,10
10350,14428,10
10350,22039,10
10352,14828,10
10421,19279,10
10448,12204,10
10463,11142,10
10499,18187,10
10527,21589,10
10528,12481,10
10546,10655,10
10565,12527,10
10662,22329,10
10670,12827,10
10696,21906,10
10705,19394,10
10705,21152,10
10710,13147,10
10720,18305,10
10721,18721,10
10779,21203,10
10781,16731,10
10823,15346,10
10845,21442,10
10886,20472,10
10887,17070,10
10889,13636,10
10911,17036,10
10943,21080,10
10955,19348,10
10977,20656,10
11005,20495,10
11033,19785,10
11037,15721,10
11070,19502,10
11097,18534,10
11128,21161,10
11140,17006,10
11173,19055,10
11175,14939,10
11197,19477,10
11282,15806,10
11286,11721,10
11303,16783,10
11324,17687,10
11333,17708,10
11373,15637,10
11388,21430,10
11389,14877,10
11396,15523,10
11407,17750,10
11418,14329,10
11437,13662,10
11487,13346,10
11487,20565,10
11488,20994,10
11507,18344,10
11513,16192,10
11524,15408,10
11530,15780,10
11532,19255,10
11541,14839,10
11550,19515,10
11577,21103,10
11585,20705,10
11619,13195,10
11657,12833,10
11771,21472,10
11813,13558,10
11814,16926,10
11867,22398,10
11908,12342,10
11953,14305,10
11980,20679,10
12006,16056,10
12025,12146,10
12033,18798,10
12042,21251,10
12048,17230,10
12054,16122,10
12069,22257,10
12078,12645,10
12081,19836,10
12085,16678,10
12128,21810,10
12164,20582,10
12166,18791,10
12183,20149,10
12184,18409,10
12196,20627,10
12228,13195,10
12299,15993,10
12324,21502,10
12345,18476,10
12363,18286,10
12363,18773,10
12363,22122,10
12379,21659,10
12387,14011,10
12387,19477,10
12461,13263,10
12471,17095,10
12471,22259,10
12488,13630,10
12490,20883,10
12558,17756,10
12566,22603,10
12582,21147,10
12601,13956,10
12606,17811,10
12644,17786,10
12645,19946,10
12645,21203,10
12673,16358,10
12687,17925,10
12699,16578,10
12737,14794,10
12767,18673,10
12806,22032,10
12821,21054,10
12831,19450,10
12835,15787,10
12844,20987,10
12861,18279,10
12879,20180,10
12910,20461,10
12915,13097,10
12917,19102,10
12950,13976,10
12975,15735,10
13008,15128,10
13021,21001,10
13035,15802,10
13035,20559,10
13036,15677,10
13039,17300,10
13044,22482,10
13065,16313,10
13118,20646,10
13148,20089,10
13149,13796,10
13156,21917,10
13194,19358,10
13213,21216,10
13240,14248,10
13255,16387,10
13293,15179,10
13293,20922,10
13333,15336,10
13336,20167,10
13340,19922,10
13348,14623,10
13382,19102,10
13393,20494,10
13443,17531,10
13479,18092,10
13489,22676,10
13521,17273,10
13541,21660,10
13557,19220,10
13565,20070,10
13586,19616,10
13637,18082,10
13678,15564,10
13687,20651,10
13745,19766,10
13800,16973,10
13859,14924,10
13860,17362,10
13876,20149,10
13898,14501,10
13902,21932,10
13938,17968,10
13960,16726,10
13976,20029,10
13981,15855,10
13992,22403,10
14068,17537,10
14109,15694,10
14116,18616,10
14122,21168,10
14135,21174,10
14154,19577,10
14159,15882,10
14179,14512,10
14196,17030,10
14206,18084,10
14234,18990,10
14243,17359,10
14259,14288,10
14363,20925,10
14383,21525,10
14388,22500,10
14395,21491,10
14415,18139,10
14421,21148,10
14427,18735,10
14428,17690,10
14447,15411,10
14460,16674,10
14460,21226,10
14469,16257,10
14506,22510,10
14525,19502,10
14525,20712,10
14554,19784,10
14596,19736,10
14614,18529,10
14682,16779,10
14684,18191,10
14738,17145,10
14751,18736,10
14860,17968,10
14861,19030,10
14861,20788,10
14868,16396,10
14883,16228,10
14888,20320,10
14913,18477,10
14940,18020,10
14966,19483,10
14981,16720,10
15083,15798,10
15086,21956,10
15122,17555,10
15134,17272,10
15151,22621,10
15176,15463,10
15225,15769,10
15228,19647,10
15239,21503,10
15261,17752,10
15332,15761,10
15352,16738,10
15358,21080,10
15417,17477,10
15417,20624,10
15463,17988,10
15467,18183,10
15467,22125,10
15501,18362,10
15574,22334,10
15577,16476,10
15597,15972,10
15632,19013,10
15636,18175,10
15642,21843,10
15661,20368,10
15661,21208,10
15758,18926,10
15787,21177,10
15843,20541,10
15855,19322,10
15883,18538,10
15904,16695,10
15951,20402,10
15983,17887,10
15993,22219,10
16004,16405,10
16032,16486,10
16032,18187,10
16085,17432,10
16150,20562,10
16274,21244,10
16295,19114,10
16309,20674,10
16313,17062,10
16318,17939,10
16332,20089,10
16339,21848,10
16404,21914,10
16528,17736,10
16640,21212,10
16679,18618,10
16684,18563,10
16687,17229,10
16743,19410,10
16783,17438,10
16790,18110,10
16820,19161,10
16853,18198,10
16927,17002,10
17018,18344,10
17036,21084,10
17129,18854,10
17150,17186,10
17162,19905,10
17201,21783,10
17230,21684,10
17294,18947,10
17496,18131,10
17506,22675,10
17638,20666,10
17745,21885,10
17772,21022,10
17818,21428,10
17837,21038,10
17846,22375,10
17883,21245,10
17938,20375,10
18062,20129,10
18070,19674,10
18082,21401,10
18086,20558,10
18100,20266,10
18182,18567,10
18223,19546,10
18235,18368,10
18248,21476,10
18329,18456,10
18369,20578,10
18463,19447,10
18500,18990,10
18623,19261,10
18693,21267,10
18740,22663,10
18749,22127,10
18785,20364,10
18930,20163,10
19076,22009,10
19102,21132,10
19131,20067,10
19159,19168,10
19229,22007,10
19242,21829,10
19449,21350,10
19452,20545,10
19474,21609,10
19529,22607,10
19780,21254,10
19849,21073,10
20001,21907,10
20036,21001,10
20102,20900,10
20115,21525,10
20349,21082,10
20415,21643,10
20512,21215,10
20539,21349,10
20681,21698,10
20685,21536,10
20771,20900,10
20808,22644,10
20829,21997,10
21321,22610,10
21578,21853,10
21832,22022,10
22023,22264,10
26,601,11
44,6708,11
48,13679,11
55,20301,11
60,7065,11
81,6615,11
86,2458,11
90,9682,11
92,13393,11
98,18362,11
135,3485,11
136,17614,11
140,13342,11
154,13460,11
157,10705,11
163,7052,11
163,17147,11
190,6737,11
196,16992,11
208,19694,11
212,13107,11
212,18414,11
213,17393,11
219,1885,11
222,14242,11
228,3833,11
234,13113,11
238,9027,11
238,18454,11
245,4658,11
251,17951,11
254,5289,11
266,1907,11
280,6596,11
280,7968,11
280,11756,11
281,13257,11
281,22170,11
313,5069,11
324,875,11
324,4876,11
325,17346,11
332,2391,11
368,7832,11
368,14495,11
386,12363,11
393,10350,11
417,719,11
418,12471,11
422,3800,11
433,16315,11
448,3758,11
474,17816,11
475,14764,11
480,10290,11
504,19560,11
507,10730,11
542,10598,11
549,18005,11
564,18304,11
565,21880,11
571,8620,11
574,13621,11
575,1227,11
581,22445,11
584,7003,11
587,12971,11
590,8603,11
595,13322,11
603,7330,11
648,890,11
653,14881,11
665,8520,11
666,15912,11
712,8672,11
724,12581,11
729,19986,11
730,20149,11
734,5095,11
748,5276,11
748,13751,11
755,3308,11
755,19220,11
757,22169,11
767,5609,11
767,12911,11
771,12181,11
783,1144,11
789,9986,11
796,4078,11
822,11961,11
822,13355,11
822,14288,11
841,8956,11
842,17579,11
849,15939,11
856,11656,11
867,19249,11
870,18314,11
887,15644,11
919,13750,11
936,2651,11
942,8493,11
948,2022,11
949,17517,11
957,15467,11
1002,15948,11
1024,5617,11
1030,13456,11
1031,4546,11
1046,12397,11
1046,19148,11
1065,10247,11
1078,1200,11
1107,1283,11
1108,17477,11
1111,6131,11
1121,1309,11
1121,9208,11
1143,10886,11
1156,12181,11
1160,10547,11
1161,9986,11
1163,15993,11
1168,22229,11
1177,5066,11
1180,1433,11
1194,11515,11
1194,13662,11
1200,14492,11
1221,1633,11
1229,10284,11
1249,19976,11
1250,1609,11
1262,16893,11
1264,9640,11
1290,4490,11
1322,4855,11
1326,20631,11
1349,16833,11
1367,7964,11
1418,22663,11
1426,17771,11
1438,6661,11
1447,6004,11
1447,11436,11
1455,12961,11
1463,12983,11
1464,20620,11
1492,9113,11
1504,4718,11
1509,2650,11
1519,15856,11
1556,14991,11
1563,15601,11
1587,10936,11
1593,11967,11
1608,15831,11
1616,9736,11
1633,13831,11
1670,17069,11
1683,15933,11
1694,6680,11
1700,18745,11
1703,5236,11
1710,9906,11
1732,4453,11
1748,3402,11
1748,20424,11
1762,13196,11
1774,5723,11
1807,3870,11
1808,16119,11
1809,19554,11
1828,2262,11
1841,3077,11
1841,18452,11
1857,12424,11
1866,6627,11
1873,13828,11
1974,7218,11
1979,20864,11
1981,9781,11
1985,2930,11
1985,15948,11
1990,11513,11
2008,14299,11
2010,15192,11
2022,12140,11
2023,13596,11
2047,17988,11
2051,11162,11
2053,18802,11
2055,5886,11
2067,2180,11
2067,16888,11
2069,21679,11
2088,8226,11
2097,22520,11
2103,9043,11
2110,10854,11
2111,5499,11
2113,9991,11
2120,15855,11
2137,14107,11
2146,18902,11
2151,16924,11
2152,17887,11
2172,15287,11
2180,5234,11
2183,9600,11
2184,7229,11
2184,19772,11
2186,5466,11
2213,14403,11
2213,15592,11
2225,3598,11
2230,8114,11
2234,5409,11
2236,11253,11
2241,5074,11
2251,4412,11
2267,4398,11
2274,6634,11
2275,16478,11
2335,7969,11
2367,6052,11
2408,20029,11
2431,8511,11
2435,19138,11
2455,4150,11
2476,5384,11
2477,13165,11
2507,7923,11
2530,21223,11
2533,12108,11
2538,3856,11
2555,18611,11
2571,9986,11
2579,8407,11
2598,3212,11
2613,15807,11
2664,2819,11
2673,12988,11
2685,12392,11
2689,11839,11
2689,16572,11
2707,18666,11
2713,16688,11
2744,14919,11
2753,18789,11
2758,5956,11
2763,20696,11
2768,8321,11
2787,4465,11
2792,2852,11
2792,6596,11
2792,19312,11
2809,10985,11
2819,8415,11
2819,12228,11
2819,19308,11
2829,17498,11
2832,14989,11
2846,15993,11
2852,13596,11
2852,16402,11
2866,4939,11
2871,15358,11
2882,10095,11
2883,18534,11
2896,4939,11
2905,4776,11
2913,3716,11
2913,14964,11
2913,17487,11
2927,21073,11
2934,9191,11
2944,17294,11
2964,6871,11
2986,18289,11
2992,5130,11
2992,14014,11
2996,4512,11
3006,5026,11
3016,16973,11
3036,7709,11
3050,16233,11
3065,6458,11
3065,6734,11
3077,12257,11
3091,7342,11
3093,7914,11
3116,15322,11
3120,4658,11
3127,10023,11
3138,19669,11
3167,10330,11
3191,15535,11
3191,18016,11
3191,20481,11
3192,16627,11
3208,20584,11
3218,7273,11
3232,9128,11
3245,13183,11
3248,4146,11
3248,14964,11
3251,10035,11
3253,12390,11
3270,19486,11
3271,7717,11
3285,17289,11
3292,16455,11
3301,6814,11
3304,14160,11
3315,6421,11
3324,12283,11
3341,8910,11
3376,4967,11
3376,21548,11
3383,16001,11
3396,15268,11
3399,15431,11
3437,7369,11
3439,13849,11
3439,17988,11
3445,16259,11
3470,7666,11
3474,16067,11
3488,16071,11
3491,10174,11
3500,15984,11
3521,17999,11
3530,22452,11
3552,22235,11
3566,4571,11
3625,8197,11
3625,13431,11
3642,5740,11
3642,13056,11
3665,8148,11
3665,21920,11
3693,13202,11
3698,18207,11
3777,5997,11
3785,6435,11
3786,5268,11
3802,8521,11
3814,20626,11
3840,9846,11
3846,13141,11
3852,17815,11
3857,21483,11
3865,8281,11
3865,17884,11
3897,10941,11
3908,21504,11
3916,16012,11
3924,6787,11
3928,16585,11
3930,16983,11
3933,18471,11
3939,14493,11
3963,10579,11
3981,13134,11
3985,12718,11
4012,7839,11
4059,20132,11
4076,16632,11
4096,16354,11
4105,10453,11
4107,8864,11
4107,18201,11
4118,7922,11
4120,9704,11
4159,7516,11
4193,22618,11
4200,17296,11
4243,12230,11
4286,5426,11
4286,17162,11
4288,21262,11
4301,18062,11
4309,8434,11
4332,7837,11
4363,16821,11
4369,16264,11
4391,4651,11
4403,6243,11
4408,18907,11
4432,10973,11
4442,11530,11
4444,16010,11
4445,8851,11
4445,10359,11
4445,17988,11
4460,5932,11
4508,10869,11
4513,13470,11
4522,10906,11
4530,13100,11
4530,22249,11
4534,8884,11
4534,12749,11
4539,11952,11
4561,20215,11
4563,12140,11
4568,22560,11
4585,6206,11
4591,12489,11
4619,14040,11
4620,7720,11
4621,5621,11
4623,21545,11
4624,14448,11
4630,5075,11
4634,17166,11
4646,5621,11
4651,13521,11
4651,20796,11
4651,22688,11
4656,10314,11
4691,22297,11
4697,22178,11
4726,8551,11
4737,10276,11
4752,18070,11
4757,5258,11
4776,9053,11
4779,13718,11
4779,18736,11
4782,19865,11
4784,19741,11
4803,14260,11
4807,13342,11
4815,21534,11
4835,15535,11
4843,22537,11
4853,9214,11
4853,11715,11
4857,17416,11
4859,12409,11
4874,8487,11
4884,13447,11
4886,10889,11
4905,16485,11
4921,20770,11
4939,9088,11
4941,22259,11
4945,13167,11
4945,18870,11
4951,6513,11
4957,13663,11
4964,12183,11
4968,9506,11
5026,5395,11
5026,11937,11
5026,18343,11
5054,7507,11
5072,16963,11
5133,11700,11
5141,7719,11
5141,20954,11
5161,16305,11
5162,15128,11
5171,19182,11
5196,14502,11
5220,14989,11
5225,14403,11
5234,12752,11
5238,18465,11
5242,14641,11
5246,11741,11
5258,21054,11
5266,9299,11
5266,19814,11
5310,20002,11
5311,22398,11
5317,6321,11
5337,14420,11
5352,6025,11
5390,20736,11
5400,10090,11
5407,13419,11
5426,11769,11
5427,12113,11
5440,10609,11
5447,10708,11
5463,8783,11
5493,11586,11
5499,7330,11
5499,22592,11
5503,8974,11
5503,13906,11
5521,6531,11
5529,6700,11
5552,11618,11
5568,19502,11
5589,14912,11
5596,19030,11
5606,19304,11
5615,19267,11
5621,17035,11
5625,19524,11
5627,12088,11
5637,8640,11
5643,13327,11
5649,15168,11
5651,11297,11
5656,6661,11
5672,19674,11
5681,22615,11
5713,16615,11
5714,14756,11
5720,22582,11
5738,19389,11
5769,11336,11
5769,17864,11
5787,8603,11
5788,10858,11
5799,15825,11
5812,6263,11
5817,21332,11
5838,7912,11
5842,20480,11
5894,22179,11
5914,21713,11
5928,12572,11
5931,18768,11
5942,9409,11
5955,16365,11
5972,8314,11
6004,15708,11
6017,9872,11
6020,22532,11
6030,21550,11
6052,18583,11
6071,19339,11
6072,12903,11
6086,15798,11
6087,9295,11
6090,15395,11
6097,14410,11
6104,12069,11
6104,16743,11
6114,11576,11
6115,11970,11
6194,15239,11
6245,21352,11
6251,10364,11
6294,13563,11
6310,9617,11
6361,22573,11
6374,22553,11
6397,10809,11
6406,12674,11
6420,17547,11
6421,13935,11
6423,8852,11
6423,13153,11
6449,9634,11
6454,9000,11
6458,9139,11
6458,20208,11
6510,17659,11
6523,19792,11
6524,14352,11
6578,13340,11
6596,8783,11
6601,17626,11
6624,7625,11
6624,19950,11
6626,19868,11
6630,16891,11
6640,17611,11
6643,20703,11
6676,22258,11
6686,12901,11
6696,6778,11
6738,21552,11
6741,15294,11
6741,18463,11
6758,10576,11
6758,20149,11
6778,19088,11
6779,8864,11
6780,13531,11
6781,15125,11
6781,18583,11
6784,17235,11
6803,16423,11
6805,21756,11
6817,15807,11
6843,12821,11
6843,15358,11
6853,16640,11
6871,19084,11
6892,16179,11
6910,15354,11
6926,22016,11
6940,21579,11
6946,10345,11
6956,19033,11
6981,19729,11
6982,15761,11
7012,13044,11
7018,12310,11
7048,22021,11
7052,10301,11
7095,7823,11
7119,17354,11
7124,8550,11
7124,14554,11
7177,9641,11
7196,19158,11
7213,19826,11
7224,15203,11
7230,21245,11
7250,22156,11
7259,8308,11
7261,18773,11
7275,22446,11
7276,19718,11
7282,7936,11
7284,8463,11
7301,22233,11
7306,20480,11
7331,12363,11
7332,20525,11
7336,13289,11
7336,21479,11
7337,10903,11
7349,17101,11
7353,11961,11
7353,16084,11
7367,20315,11
7377,12228,11
7387,16872,11
7389,20620,11
7391,15176,11
7395,13742,11
7433,13111,11
7434,11218,11
7434,17547,11
7446,19580,11
7459,21953,11
7473,18687,11
7477,21552,11
7507,21440,11
7509,20770,11
7511,9977,11
7513,16125,11
7515,14871,11
7516,20402,11
7520,11337,11
7528,8623,11
7544,7797,11
7547,18784,11
7560,22642,11
7563,9483,11
7583,14711,11
7672,14751,11
7678,12613,11
7689,9680,11
7702,9189,11
7720,21904,11
7723,22037,11
7741,9496,11
7784,10261,11
7786,13147,11
7797,17912,11
7815,13776,11
7835,8965,11
7855,9499,11
7893,18721,11
7904,12769,11
7925,15312,11
7936,14794,11
7968,10572,11
8023,15154,11
8024,20249,11
8050,21308,11
8063,16032,11
8064,18714,11
8099,13944,11
8126,15039,11
8139,15223,11
8154,20490,11
8173,10860,11
8203,9208,11
8209,13630,11
8216,18064,11
8224,18064,11
8248,11605,11
8251,21217,11
8260,15574,11
8269,17346,11
8277,12245,11
8281,12088,11
8284,14699,11
8284,21321,11
8288,21690,11
8297,22479,11
8310,19814,11
8343,14080,11
8386,17923,11
8391,20436,11
8393,22473,11
8400,22458,11
8423,10812,11
8436,18704,11
8489,16313,11
8498,10858,11
8498,19853,11
8503,16584,11
8504,18437,11
8538,17855,11
8566,19804,11
8606,14914,11
8607,21742,11
8664,9552,11
8692,17559,11
8702,14839,11
8716,11516,11
8723,18111,11
8755,12775,11
8787,9378,11
8801,18682,11
8821,19165,11
8840,12409,11
8852,11745,11
8864,16210,11
8872,16442,11
8926,16578,11
8926,19016,11
8953,10570,11
9015,16282,11
9045,19911,11
9060,20627,11
9094,15082,11
9104,15921,11
9117,13358,11
9144,19416,11
9172,15927,11
9176,15626,11
9180,10123,11
9180,17648,11
9189,22071,11
9214,11521,11
9224,9954,11
9239,12169,11
9259,12471,11
9282,19839,11
9285,10997,11
9328,18528,11
9357,22375,11
9392,15236,11
9406,22493,11
9407,19502,11
9434,18125,11
9461,16059,11
9475,16273,11
9476,20831,11
9529,20775,11
9552,14672,11
9565,21391,11
9574,13678,11
9577,18461,11
9579,17007,11
9603,9948,11
9603,20846,11
9631,19415,11
9641,9780,11
9668,20892,11
9669,13653,11
9671,10038,11
9700,21249,11
9730,11778,11
9730,22537,11
9735,21262,11
9773,13327,11
9783,14607,11
9822,13137,11
9822,14817,11
9866,12188,11
9866,12715,11
9883,21295,11
9884,18354,11
9888,10130,11
9888,11718,11
9930,22458,11
9933,19128,11
9947,22635,11
9957,13956,11
9975,17226,11
9986,18667,11
9986,20787,11
9992,13479,11
10023,14980,11
10066,22340,11
10081,11051,11
10082,13769,11
10114,10301,11
10114,12257,11
10130,15780,11
10166,18700,11
10172,15548,11
10175,12710,11
10217,22347,11
10222,19308,11
10233,22055,11
10234,19316,11
10235,13301,11
10257,12365,11
10275,14403,11
10321,18286,11
10321,19772,11
10334,15498,11
10350,17419,11
10352,16572,11
10363,21338,11
10388,17438,11
10413,17461,11
10413,22449,11
10421,17468,11
10431,21159,11
10434,15321,11
10448,13211,11
10453,17842,11
10473,17271,11
10482,20601,11
10484,15136,11
10497,20652,11
10545,11175,11
10572,12183,11
10609,21630,11
10657,20687,11
10703,18607,11
10704,21633,11
10730,18388,11
10808,21942,11
10823,20964,11
10824,12664,11
10827,10917,11
10837,17758,11
10858,14092,11
10878,17686,11
10895,20356,11
10904,17416,11
10953,11468,11
10956,13531,11
10972,11005,11
10980,13734,11
11039,20447,11
11048,15984,11
11049,20716,11
11062,13057,11
11167,11732,11
11169,15190,11
11177,21026,11
11196,18929,11
11255,15874,11
11299,13344,11
11302,16233,11
11302,22624,11
11312,21239,11
11314,12740,11
11325,13746,11
11348,14402,11
11367,18207,11
11370,15392,11
11376,21415,11
11382,20968,11
11410,17788,11
11437,21713,11
11444,13679,11
11453,18298,11
11487,18067,11
11514,19056,11
11569,13377,11
11604,12937,11
11615,17226,11
11619,18459,11
11669,15798,11
11673,15128,11
11721,17733,11
11769,14919,11
11771,13143,11
11771,14894,11
11771,20920,11
11782,16327,11
11810,11971,11
11819,16376,11
11834,14059,11
11838,19275,11
11855,21767,11
11871,15132,11
11884,11951,11
11945,22356,11
11947,21610,11
11953,22508,11
11961,16145,11
11982,16891,11
11989,18288,11
11993,22041,11
11999,12162,11
12009,18510,11
12016,18688,11
12018,20796,11
12060,16867,11
12091,13406,11
12092,14130,11
12154,18071,11
12163,12775,11
12164,15995,11
12167,18169,11
12177,21098,11
12207,14927,11
12209,18878,11
12232,14938,11
12346,21776,11
12365,17036,11
12365,18067,11
12373,16348,11
12379,17370,11
12408,17571,11
12409,16033,11
12411,14116,11
12481,20028,11
12487,21532,11
12496,19852,11
12505,12809,11
12529,15601,11
12536,19459,11
12567,19710,11
12573,14067,11
12573,20620,11
12617,15594,11
12639,18680,11
12643,16867,11
12687,17399,11
12748,14708,11
12757,18853,11
12777,17294,11
12809,21443,11
12834,16110,11
12855,19651,11
12903,14499,11
12910,17152,11
12915,16924,11
12915,18341,11
12950,18362,11
12983,21519,11
13013,21478,11
13023,18118,11
13035,13117,11
13035,22621,11
13048,14496,11
13048,20771,11
13082,22663,11
13100,19503,11
13117,17626,11
13118,19102,11
13134,14552,11
13165,15358,11
13171,15401,11
13187,16917,11
13199,15798,11
13235,19173,11
13239,14512,11
13247,19707,11
13254,19292,11
13273,22211,11
13308,20597,11
13374,18411,11
13398,14838,11
13400,14223,11
13414,14707,11
13453,15227,11
13488,21678,11
13511,22213,11
13542,22559,11
13549,19189,11
13549,20070,11
13558,13885,11
13580,17629,11
13586,14708,11
13587,17961,11
13596,18732,11
13636,20743,11
13636,21496,11
13665,13956,11
13678,15486,11
13679,16138,11
13691,22257,11
13736,22117,11
13751,21449,11
13775,14223,11
13853,21159,11
13891,19033,11
13895,20835,11
13923,18559,11
13956,20665,11
13961,20487,11
14011,15012,11
14034,22021,11
14046,16903,11
14088,20149,11
14093,14584,11
14097,17274,11
14130,18620,11
14131,20745,11
14194,18814,11
14198,16120,11
14210,15320,11
14226,18667,11
14233,15741,11
14240,20977,11
14247,18802,11
14249,16120,11
14279,20495,11
14288,15680,11
14288,17286,11
14315,20930,11
14317,21885,11
14384,20604,11
14397,14850,11
14414,16509,11
14439,16387,11
14454,15107,11
14493,19025,11
14538,19502,11
14571,21459,11
14576,21657,11
14672,19057,11
14719,19220,11
14722,21885,11
14774,22441,11
14820,21699,11
14843,17629,11
14955,21136,11
14964,20765,11
14982,19772,11
15002,16522,11
15027,20470,11
15112,15932,11
15127,16668,11
15159,18607,11
15172,16579,11
15185,18844,11
15215,16527,11
15245,19003,11
15279,21196,11
15280,18773,11
15363,18317,11
15371,15942,11
15436,19291,11
15453,16337,11
15463,17647,11
15473,18680,11
15585,15725,11
15629,19267,11
15633,17593,11
15699,17338,11
15712,16076,11
15712,16214,11
15735,18849,11
15790,21035,11
15841,17143,11
15855,19131,11
15880,16577,11
15894,21389,11
15923,22182,11
15927,17537,11
15978,18619,11
15984,18298,11
15984,21908,11
15986,22044,11
16021,17842,11
16032,21686,11
16035,16674,11
16056,21940,11
16083,21529,11
16164,17028,11
16215,16353,11
16330,22193,11
16368,17266,11
16509,21260,11
16577,17596,11
16614,19179,11
16618,17088,11
16632,17397,11
16777,18338,11
16852,20163,11
16893,22587,11
16978,22548,11
17013,18204,11
17035,20518,11
17155,19357,11
17159,20245,11
17190,22009,11
17197,22391,11
17242,18835,11
17307,18485,11
17346,21348,11
17364,20681,11
17387,20709,11
17449,21906,11
17487,22592,11
17493,21982,11
17559,21245,11
17641,18840,11
17645,18832,11
17659,22449,11
17669,20192,11
17669,20937,11
17695,20424,11
17708,20248,11
17752,19905,11
17842,19883,11
17890,19439,11
18024,22250,11
18080,22116,11
18092,18500,11
18127,22623,11
18135,21959,11
18197,21701,11
18210,21714,11
18234,19483,11
18286,21398,11
18304,22684,11
18335,21337,11
18362,21391,11
18382,20984,11
18409,19408,11
18411,22571,11
18423,20432,11
18487,22029,11
18719,21391,11
18732,19102,11
18739,19801,11
18853,21659,11
18869,21436,11
18943,21340,11
19005,19439,11
19021,21525,11
19042,21852,11
19133,21493,11
19152,22211,11
19274,22286,11
19330,19694,11
19358,21639,11
19361,21519,11
19425,21804,11
19441,21501,11
19497,20679,11
19753,21390,11
19783,19797,11
19801,21177,11
19895,22470,11
19946,21132,11
20051,22553,11
20185,21640,11
20309,20859,11
20424,21723,11
20448,22192,11
20547,20657,11
20770,21944,11
20938,22278,11
21343,21907,11
21430,22147,11
21603,21828,11
21692,22424,11
21744,22353,11
21807,21936,11
0,15886,12
16,21178,12
25,11710,12
26,13956,12
32,4515,12
37,19515,12
48,10572,12
48,15656,12
73,9905,12
75,9205,12
88,19075,12
89,4221,12
98,15692,12
121,14655,12
128,19245,12
128,22183,12
149,13456,12
161,14265,12
169,3551,12
169,15768,12
171,575,12
193,4118,12
208,12848,12
213,21723,12
228,13745,12
228,16215,12
228,20424,12
229,631,12
232,15194,12
238,20946,12
250,17824,12
255,4369,12
255,22336,12
264,11983,12
264,12788,12
268,5535,12
287,7238,12
291,13927,12
292,12400,12
299,5434,12
313,8944,12
321,2803,12
329,20351,12
332,373,12
332,20584,12
338,2433,12
341,22488,12
369,18341,12
373,4584,12
374,5850,12
379,1691,12
379,17123,12
386,15176,12
394,16632,12
394,18996,12
396,21535,12
411,9827,12
416,1387,12
417,12220,12
417,14259,12
428,937,12
428,14148,12
433,9797,12
441,12322,12
458,21426,12
466,16259,12
469,20042,12
496,8177,12
496,21272,12
499,12016,12
502,15815,12
526,11603,12
531,6750,12
531,8275,12
564,1771,12
571,15711,12
582,4570,12
584,4057,12
590,15176,12
595,7835,12
597,10190,12
601,7114,12
607,10360,12
635,3580,12
642,843,12
642,8672,12
671,2030,12
696,2022,12
709,10638,12
711,18421,12
719,21415,12
727,7620,12
729,15982,12
730,7720,12
730,21884,12
746,1201,12
748,10071,12
804,1253,12
804,5341,12
825,8421,12
838,13251,12
839,6684,12
843,1830,12
843,12169,12
847,20440,12
865,14190,12
866,13346,12
870,18604,12
883,1623,12
887,14241,12
887,14699,12
911,6212,12
918,13988,12
927,14168,12
927,18080,12
951,22450,12
957,18598,12
957,21908,12
970,7014,12
978,6707,12
986,18565,12
1002,6909,12
1006,4376,12
1031,5033,12
1037,16546,12
1037,19774,12
1056,5157,12
1056,10221,12
1060,21472,12
1076,10317,12
1108,9866,12
1108,19275,12
1113,12708,12
1116,17774,12
1119,1590,12
1121,5440,12
1134,1831,12
1143,7371,12
1158,19963,12
1161,18893,12
1161,21962,12
1162,19100,12
1176,7143,12
1180,20209,12
1191,3128,12
1194,6871,12
1196,5787,12
1200,21649,12
1204,10937,12
1231,8974,12
1231,11513,12
1238,5463,12
1259,1309,12
1260,8973,12
1269,14406,12
1274,5301,12
1274,10729,12
1284,4624,12
1292,19057,12
1304,4747,12
1312,19766,12
1321,1522,12
1329,13435,12
1332,7850,12
1332,8415,12
1339,10228,12
1350,4391,12
1355,10458,12
1360,10061,12
1383,1472,12
1388,8923,12
1403,16765,12
1412,6384,12
1420,13162,12
1425,21222,12
1426,17162,12
1432,1598,12
1438,5350,12
1456,11173,12
1465,8648,12
1471,9104,12
1488,10820,12
1501,10301,12
1501,20529,12
1504,5317,12
1504,7199,12
1516,20558,12
1525,8913,12
1537,3567,12
1540,9284,12
1585,4655,12
1593,14129,12
1593,15688,12
1593,22572,12
1595,22227,12
1609,8415,12
1622,7616,12
1623,3396,12
1651,2198,12
1653,3260,12
1660,2927,12
1660,15951,12
1666,11793,12
1724,13258,12
1760,18866,12
1783,7720,12
1786,19568,12
1794,10138,12
1797,4637,12
1799,19706,12
1808,18232,12
1809,6233,12
1828,18751,12
1830,12169,12
1848,9742,12
1853,8734,12
1867,11423,12
1869,6843,12
1869,15656,12
1922,10842,12
1953,6043,12
1953,11890,12
1954,21910,12
2003,8284,12
2006,12340,12
2019,18557,12
2020,16327,12
2022,8974,12
2022,21239,12
2023,2744,12
2040,9104,12
2087,6406,12
2100,7720,12
2111,7261,12
2112,9930,12
2113,11813,12
2118,17005,12
2147,2177,12
2151,17835,12
2159,6405,12
2159,12706,12
2165,22654,12
2172,8023,12
2184,12775,12
2184,12843,12
2191,13572,12
2198,18183,12
2198,19359,12
2198,22039,12
2199,9053,12
2227,12488,12
2227,14548,12
2233,3313,12
2255,4998,12
2257,4347,12
2270,10735,12
2270,17005,12
2290,3617,12
2290,17667,12
2304,10694,12
2320,21507,12
2335,7346,12
2335,8661,12
2335,9613,12
2339,15579,12
2340,9330,12
2340,15322,12
2402,5049,12
2411,8408,12
2427,9986,12
2445,10306,12
2445,18009,12
2448,13251,12
2455,8944,12
2458,10560,12
2476,7283,12
2493,14548,12
2515,4998,12
2515,8154,12
2515,8974,12
2519,18201,12
2558,21908,12
2559,21568,12
2565,2911,12
2566,15206,12
2566,15268,12
2566,22064,12
2579,10041,12
2598,4426,12
2602,17283,12
2605,7780,12
2659,9150,12
2660,12208,12
2661,19693,12
2661,21394,12
2676,18197,12
2692,18015,12
2696,8286,12
2715,4858,12
2717,9409,12
2722,22430,12
2748,13145,12
2750,6806,12
2750,15695,12
2756,16983,12
2758,20796,12
2762,5499,12
2768,5916,12
2789,6218,12
2802,13123,12
2808,22430,12
2810,6064,12
2820,9778,12
2828,7760,12
2852,17461,12
2859,9750,12
2860,13644,12
2887,10422,12
2905,18254,12
2907,5802,12
2913,17478,12
2922,15375,12
2927,15721,12
2943,14049,12
2950,11048,12
2950,13783,12
2960,18598,12
2961,4538,12
2961,16177,12
2988,20146,12
3001,5840,12
3009,10820,12
3021,16196,12
3030,3120,12
3034,5002,12
3050,13035,12
3070,14588,12
3074,8177,12
3077,11976,12
3079,16278,12
3094,16172,12
3127,18510,12
3128,9835,12
3156,22280,12
3179,21839,12
3201,6231,12
3205,8203,12
3208,5619,12
3208,8490,12
3208,19269,12
3209,5527,12
3210,3407,12
3220,3466,12
3220,5246,12
3240,15211,12
3243,20772,12
3248,3533,12
3248,17974,12
3256,8335,12
3268,13510,12
3271,12652,12
3271,19247,12
3291,7405,12
3303,12328,12
3303,14975,12
3304,4620,12
3313,16679,12
3346,18498,12
3349,21084,12
3376,6483,12
3395,11718,12
3395,16033,12
3407,7335,12
3407,13862,12
3408,21740,12
3409,14259,12
3427,16007,12
3434,5545,12
3436,5347,12
3464,22029,12
3467,5154,12
3476,5619,12
3476,7391,12
3487,9769,12
3494,18338,12
3506,12196,12
3513,13871,12
3540,11721,12
3546,12194,12
3548,21972,12
3550,9576,12
3551,19340,12
3572,15367,12
3578,22029,12
3579,4546,12
3617,12139,12
3638,17417,12
3682,16507,12
3684,19323,12
3697,9071,12
3704,13995,12
3716,10533,12
3716,19308,12
3727,13384,12
3746,8932,12
3748,14014,12
3751,14160,12
3789,4573,12
3793,4288,12
3800,21217,12
3805,6175,12
3806,21066,12
3831,17109,12
3836,14756,12
3870,16277,12
3870,17142,12
3870,19102,12
3882,21026,12
3894,21920,12
3897,4158,12
3900,13048,12
3924,22307,12
3941,4165,12
3943,16565,12
3970,15206,12
3983,22610,12
3985,5258,12
3988,11005,12
4003,8679,12
4043,9000,12
4055,14420,12
4079,11010,12
4083,12699,12
4157,15320,12
4166,7239,12
4169,15217,12
4193,15874,12
4194,12479,12
4195,11037,12
4195,11715,12
4197,8038,12
4201,7121,12
4220,5372,12
4225,4905,12
4233,4733,12
4244,13199,12
4244,20061,12
4254,4618,12
4266,16723,12
4295,8636,12
4363,20470,12
4382,9603,12
4398,9290,12
4398,10812,12
4414,21272,12
4442,22133,12
4445,16562,12
4483,13262,12
4486,10953,12
4500,11463,12
4500,14160,12
4546,12562,12
4549,13727,12
4550,13727,12
4581,18618,12
4603,4859,12
4621,8602,12
4621,17774,12
4631,13618,12
4637,4757,12
4646,8705,12
4671,7141,12
4697,9060,12
4703,9611,12
4741,22620,12
4747,5719,12
4752,13437,12
4766,10917,12
4775,14810,12
4779,15906,12
4802,15407,12
4809,16279,12
4853,4859,12
4853,22592,12
4855,9534,12
4864,14577,12
4868,9415,12
4868,13448,12
4875,9729,12
4882,18465,12
4892,20235,12
4899,20584,12
4905,9144,12
4909,14345,12
4912,18058,12
4924,17872,12
4937,6816,12
4955,16264,12
4964,16138,12
4964,18397,12
4964,19946,12
4967,22033,12
4983,21620,12
4986,19703,12
4996,6331,12
5000,9954,12
5026,5353,12
5051,9505,12
5065,16965,12
5067,21591,12
5071,18798,12
5078,13449,12
5092,11369,12
5125,17441,12
5145,18591,12
5192,12777,12
5222,6212,12
5222,19080,12
5222,21069,12
5231,12346,12
5238,16707,12
5238,21797,12
5246,5711,12
5262,13213,12
5267,17718,12
5276,18529,12
5285,9062,12
5285,18200,12
5286,22363,12
5303,5740,12
5311,5327,12
5326,14068,12
5331,13490,12
5339,11605,12
5347,14719,12
5349,19557,12
5352,14559,12
5384,8251,12
5387,9636,12
5390,9509,12
5397,16263,12
5402,10400,12
5426,11829,12
5426,18408,12
5440,19968,12
5447,8407,12
5461,11376,12
5484,17131,12
5503,12994,12
5510,9172,12
5521,14279,12
5521,17528,12
5525,14079,12
5545,16350,12
5557,5668,12
5561,22260,12
5571,20169,12
5573,9497,12
5582,12306,12
5586,18979,12
5589,14068,12
5595,11563,12
5602,6811,12
5602,13953,12
5607,10539,12
5620,18717,12
5638,12932,12
5695,6433,12
5711,21472,12
5713,8974,12
5793,12746,12
5812,13853,12
5814,11489,12
5872,22403,12
5879,14095,12
5894,20324,12
5925,16773,12
5938,15021,12
5940,20021,12
5942,9144,12
5959,17813,12
5988,11689,12
5999,9166,12
6012,9931,12
6013,9948,12
6013,16277,12
6017,20820,12
6080,17229,12
6085,17690,12
6086,6667,12
6086,7229,12
6119,19100,12
6160,9121,12
6162,12843,12
6162,20518,12
6168,13369,12
6170,17258,12
6174,8148,12
6174,8909,12
6213,18425,12
6217,8203,12
6223,7106,12
6228,17279,12
6231,16179,12
6231,16390,12
6233,22468,12
6249,6634,12
6272,22338,12
6275,10689,12
6296,14651,12
6296,18044,12
6308,11791,12
6345,9493,12
6354,20320,12
6395,7835,12
6406,14116,12
6406,21321,12
6412,17064,12
6418,15362,12
6420,15280,12
6452,8201,12
6467,20922,12
6499,9295,12
6500,13026,12
6527,13637,12
6528,11820,12
6530,15153,12
6531,6711,12
6541,8162,12
6541,16845,12
6553,13962,12
6575,21402,12
6634,18177,12
6644,9823,12
6647,15323,12
6647,19400,12
6674,11690,12
6684,14816,12
6771,17416,12
6773,17378,12
6779,16888,12
6800,10321,12
6833,8440,12
6843,18773,12
6861,17572,12
6866,7143,12
6866,11486,12
6880,21435,12
6953,17311,12
6959,22268,12
6982,10379,12
7044,12085,12
7053,20327,12
7092,12210,12
7099,9505,12
7126,11057,12
7137,15129,12
7140,11581,12
7151,18979,12
7157,22473,12
7205,18471,12
7229,18465,12
7234,16439,12
7259,15738,12
7270,20868,12
7279,9224,12
7301,11366,12
7306,18584,12
7319,14042,12
7330,21723,12
7331,10439,12
7336,16138,12
7342,22603,12
7353,8974,12
7377,19019,12
7387,12025,12
7391,22039,12
7393,7694,12
7393,22392,12
7397,18284,12
7399,14692,12
7403,12440,12
7411,10568,12
7434,14288,12
7437,14840,12
7454,14129,12
7460,21908,12
7484,10373,12
7486,9319,12
7490,13138,12
7494,11884,12
7511,14014,12
7527,19126,12
7544,12887,12
7550,7773,12
7583,19223,12
7600,20920,12
7675,14793,12
7694,8280,12
7701,12821,12
7701,20582,12
7717,19287,12
7720,17463,12
7720,22352,12
7740,17208,12
7743,17763,12
7784,12932,12
7815,16731,12
7865,22645,12
7908,10397,12
7911,22258,12
7914,10225,12
7914,20786,12
7915,8652,12
7916,14259,12
7936,10061,12
7936,12975,12
7957,11937,12
7968,8520,12
7983,22393,12
8023,16544,12
8024,14493,12
8033,9411,12
8034,19308,12
8044,9239,12
8044,10864,12
8058,14493,12
8075,21546,12
8117,15087,12
8117,21367,12
8159,13801,12
8160,17147,12
8163,11482,12
8167,8622,12
8189,10930,12
8193,12005,12
8199,18476,12
8203,14586,12
8203,20753,12
8203,22039,12
8221,17695,12
8259,21419,12
8260,19227,12
8266,8600,12
8275,16233,12
8285,11337,12
8302,8783,12
8333,21370,12
8336,9576,12
8336,9659,12
8359,18631,12
8368,15216,12
8373,13453,12
8381,12317,12
8415,15128,12
8415,16277,12
8415,17988,12
8421,16085,12
8427,17393,12
8427,21262,12
8448,15583,12
8459,12228,12
8490,11521,12
8490,12078,12
8493,11751,12
8502,17062,12
8507,17961,12
8545,9540,12
8567,21351,12
8597,19985,12
8619,16750,12
8630,15564,12
8636,14216,12
8641,16030,12
8652,21174,12
8747,16669,12
8755,19718,12
8762,15822,12
8786,14115,12
8799,15518,12
8799,16759,12
8821,16507,12
8840,19946,12
8859,20467,12
8907,11197,12
8926,10189,12
8956,17289,12
8966,20196,12
8976,10060,12
8987,9821,12
9053,13261,12
9060,13191,12
9077,17528,12
9103,21428,12
9131,12123,12
9134,11152,12
9137,17249,12
9144,9611,12
9155,10197,12
9155,11681,12
9161,10222,12
9172,22449,12
9184,17294,12
9190,14919,12
9211,15867,12
9214,17547,12
9220,11913,12
9226,10605,12
9285,14007,12
9290,17301,12
9413,20829,12
9428,15622,12
9431,10728,12
9437,13340,12
9450,17496,12
9473,19634,12
9538,20453,12
9560,20590,12
9576,10230,12
9576,17346,12
9581,19031,12
9603,12883,12
9647,10687,12
9648,16337,12
9651,21256,12
9684,20740,12
9685,14520,12
9699,19145,12
9722,15416,12
9722,21597,12
9730,10262,12
9737,11613,12
9768,13838,12
9772,18040,12
9883,21742,12
9899,11956,12
9948,22334,12
9965,19036,12
9971,19327,12
9978,21020,12
10032,12379,12
10069,12731,12
10103,19146,12
10123,16056,12
10132,16367,12
10148,11996,12
10159,12887,12
10173,16427,12
10175,22257,12
10203,11610,12
10209,17257,12
10244,12098,12
10246,11563,12
10290,17629,12
10327,19133,12
10343,15044,12
10363,17824,12
10393,21358,12
10439,13268,12
10467,17416,12
10473,20039,12
10473,20345,12
10494,22101,12
10500,19686,12
10565,19678,12
10572,11829,12
10574,16263,12
10574,17419,12
10574,20775,12
10574,21080,12
10576,13213,12
10584,15748,12
10584,17890,12
10593,21043,12
10605,16678,12
10632,18270,12
10652,12562,12
10694,11855,12
10713,21374,12
10721,15805,12
10723,21338,12
10737,17953,12
10744,15486,12
10752,20158,12
10809,14122,12
10809,21689,12
10841,18280,12
10845,19056,12
10881,12606,12
10881,22501,12
10907,19633,12
10943,13213,12
10971,13567,12
11000,12832,12
11037,11150,12
11037,17200,12
11037,20559,12
11039,17733,12
11049,15078,12
11052,17807,12
11057,19329,12
11117,13199,12
11132,20154,12
11218,20608,12
11218,20718,12
11236,14072,12
11238,19837,12
11239,20920,12
11289,20746,12
11324,13680,12
11325,18397,12
11329,13158,12
11344,15236,12
11454,17403,12
11463,11778,12
11463,14160,12
11487,11760,12
11492,16020,12
11513,17978,12
11520,20967,12
11536,12269,12
11590,15619,12
11619,14042,12
11619,17690,12
11642,17387,12
11676,16982,12
11710,13798,12
11715,15916,12
11718,12411,12
11718,14703,12
11736,16091,12
11742,11752,12
11755,20421,12
11760,19836,12
11778,22017,12
11782,18380,12
11821,18062,12
11835,21671,12
11838,12171,12
11855,11861,12
11888,15265,12
11937,12423,12
11951,21420,12
11957,14503,12
11961,17162,12
12009,14234,12
12012,22677,12
12028,12496,12
12072,20302,12
12081,13008,12
12103,22584,12
12140,17667,12
12163,22039,12
12164,21289,12
12178,22603,12
12188,13049,12
12220,14982,12
12239,18644,12
12283,22147,12
12302,17230,12
12363,20371,12
12385,16385,12
12418,14745,12
12446,19667,12
12463,13806,12
12465,22618,12
12489,14970,12
12521,14215,12
12609,22591,12
12689,15642,12
12694,14400,12
12739,16874,12
12811,16125,12
12821,14116,12
12832,14575,12
12915,18070,12
12958,17540,12
12971,22211,12
12981,18624,12
12998,16257,12
13035,17537,12
13082,15408,12
13090,18949,12
13127,20359,12
13143,18849,12
13176,14615,12
13183,21722,12
13199,16511,12
13205,20434,12
13212,15792,12
13251,15668,12
13312,17882,12
13355,17297,12
13364,18509,12
13364,21371,12
13374,16192,12
13455,14623,12
13456,20848,12
13490,21874,12
13536,15718,12
13557,14719,12
13610,15193,12
13648,16929,12
13678,20080,12
13679,15176,12
13749,22510,12
13764,15090,12
13780,20167,12
13798,20698,12
13801,19873,12
13832,21239,12
13842,20607,12
13873,16376,12
13902,19889,12
13906,16214,12
13911,14235,12
14042,22592,12
14045,17005,12
14050,21715,12
14059,19075,12
14082,22591,12
14086,22417,12
14235,21185,12
14347,16375,12
14464,18043,12
14523,14962,12
14538,16783,12
14554,22180,12
14555,16167,12
14660,18729,12
14684,17559,12
14692,19883,12
14703,19269,12
14753,21073,12
14755,19267,12
14810,22206,12
14878,19304,12
14923,20503,12
14924,20900,12
14952,20544,12
14952,22233,12
14956,21440,12
14982,17988,12
14982,21306,12
14991,19669,12
15096,20615,12
15191,20244,12
15200,21468,12
15236,15418,12
15268,22430,12
15273,19349,12
15362,18618,12
15377,16374,12
15383,20487,12
15384,17960,12
15390,19489,12
15403,19897,12
15463,20888,12
15467,19707,12
15535,17331,12
15574,15990,12
15574,22319,12
15626,21767,12
15656,17461,12
15656,20307,12
15666,17759,12
15674,20793,12
15681,20354,12
15711,20693,12
15716,16277,12
15716,22521,12
15772,19200,12
15773,17030,12
15826,17989,12
15874,20307,12
15927,16225,12
15928,16527,12
15982,21002,12
15984,16599,12
16084,20404,12
16198,16881,12
16216,18480,12
16233,18280,12
16233,22282,12
16244,17990,12
16315,20461,12
16353,19946,12
16385,20344,12
16391,18529,12
16392,21140,12
16428,18896,12
16501,19576,12
16563,19172,12
16585,19052,12
16617,20273,12
16636,21906,12
16688,20666,12
16756,17345,12
16781,19929,12
16825,22254,12
16927,17153,12
16927,20771,12
16961,18523,12
16976,22102,12
16982,18151,12
16982,20494,12
17001,20315,12
17021,19798,12
17029,18584,12
17035,17487,12
17068,17774,12
17068,20149,12
17127,19262,12
17190,19980,12
17235,19805,12
17322,19419,12
17382,17606,12
17383,21368,12
17392,18943,12
17464,21763,12
17487,17771,12
17547,19980,12
17643,18187,12
17669,18732,12
17690,18380,12
17700,21321,12
17708,20788,12
17708,22371,12
17750,20378,12
17951,21388,12
18044,18606,12
18249,20444,12
18280,19849,12
18344,20028,12
18360,22249,12
18366,21659,12
18398,19852,12
18502,20752,12
18556,21347,12
18562,21796,12
18563,21650,12
18736,21222,12
18773,19038,12
18799,21493,12
18914,20839,12
18947,22688,12
18983,21155,12
19018,19869,12
19066,21808,12
19068,21884,12
19114,22319,12
19140,19881,12
19227,22449,12
19304,21603,12
19358,20344,12
19364,19747,12
19424,20968,12
19660,20900,12
19684,22039,12
19766,22211,12
19811,21480,12
19856,22573,12
19958,20174,12
20070,20196,12
20164,22334,12
20402,20620,12
20565,21084,12
20590,21239,12
20636,20671,12
20681,22523,12
20969,21217,12
21299,22603,12
22029,22192,12
22431,22607,12
38,19046,13
48,8630,13
48,22632,13
85,3447,13
87,9603,13
87,21715,13
90,2750,13
100,997,13
100,5258,13
101,2036,13
117,6174,13
131,3270,13
136,8175,13
140,1048,13
149,9128,13
163,2677,13
186,11946,13
186,16740,13
193,13265,13
198,5918,13
207,4617,13
208,645,13
228,7518,13
228,11961,13
228,17599,13
228,19836,13
229,10239,13
284,15671,13
299,2181,13
330,20249,13
338,18445,13
345,12086,13
346,2132,13
348,8783,13
354,4719,13
354,10533,13
354,12465,13
354,19774,13
392,16083,13
393,1434,13
426,21036,13
437,10071,13
437,17823,13
470,5536,13
494,6986,13
518,9113,13
529,10810,13
531,15944,13
536,12188,13
554,16223,13
572,15044,13
584,7958,13
587,16207,13
590,3988,13
590,16884,13
590,17210,13
602,20390,13
603,13965,13
652,3535,13
652,6086,13
671,5146,13
680,811,13
680,10568,13
691,19318,13
712,2493,13
712,4777,13
722,17484,13
729,2871,13
730,7182,13
730,8545,13
730,18404,13
739,3728,13
742,22482,13
754,17523,13
755,2100,13
773,8944,13
789,13455,13
810,15620,13
818,12347,13
822,3963,13
825,17823,13
825,18338,13
839,1137,13
844,11483,13
845,5392,13
867,16291,13
867,17105,13
868,4964,13
876,3419,13
876,7527,13
885,19883,13
891,6982,13
901,9788,13
903,10452,13
911,13118,13
935,7225,13
942,5376,13
942,7694,13
946,11270,13
948,3870,13
948,22624,13
957,5594,13
970,4579,13
970,6539,13
985,2375,13
1003,3818,13
1009,7270,13
1031,4757,13
1037,2427,13
1037,8232,13
1055,4069,13
1060,15488,13
1063,5637,13
1074,18465,13
1076,13752,13
1081,8115,13
1081,14027,13
1095,2318,13
1096,2747,13
1100,7657,13
1117,19979,13
1121,6741,13
1121,13906,13
1123,9532,13
1136,20753,13
1143,14279,13
1144,10545,13
1145,18093,13
1154,19881,13
1163,19167,13
1193,11238,13
1203,9637,13
1204,22151,13
1224,8355,13
1229,9190,13
1250,10519,13
1260,2538,13
1260,21650,13
1267,8914,13
1283,6085,13
1292,5602,13
1294,4244,13
1304,9603,13
1312,4859,13
1335,18425,13
1338,2354,13
1338,12008,13
1388,7561,13
1395,1471,13
1435,18870,13
1437,1917,13
1437,3657,13
1455,18016,13
1477,15431,13
1487,4656,13
1492,1807,13
1493,2792,13
1493,20149,13
1500,22188,13
1504,12688,13
1509,14160,13
1520,3290,13
1523,20033,13
1525,4129,13
1559,10085,13
1572,18062,13
1574,12578,13
1574,21311,13
1585,15916,13
1585,21160,13
1587,17068,13
1606,10993,13
1616,18280,13
1623,18996,13
1626,15806,13
1651,4049,13
1651,6980,13
1654,19755,13
1654,21182,13
1656,10673,13
1661,3839,13
1667,3907,13
1678,6711,13
1708,5988,13
1723,5594,13
1748,9082,13
1749,15443,13
1755,5327,13
1774,19621,13
1786,13711,13
1820,6502,13
1856,13718,13
1867,20709,13
1869,15206,13
1869,18397,13
1893,2984,13
1900,11852,13
1903,22468,13
1932,18616,13
1948,16220,13
2022,7994,13
2025,9764,13
2027,6966,13
2034,19073,13
2040,8911,13
2040,11039,13
2053,12566,13
2064,14632,13
2074,13295,13
2088,20711,13
2094,11920,13
2100,2487,13
2101,21936,13
2111,8490,13
2111,11961,13
2111,13746,13
2113,2938,13
2122,7076,13
2149,10414,13
2152,16240,13
2152,18671,13
2153,9627,13
2157,10820,13
2180,11407,13
2195,15906,13
2200,9333,13
2212,15075,13
2226,3304,13
2230,11407,13
2230,12160,13
2244,9810,13
2255,11453,13
2274,9269,13
2274,17695,13
2276,21657,13
2319,20082,13
2320,19115,13
2333,13386,13
2371,10986,13
2373,11406,13
2380,7614,13
2389,19718,13
2391,8302,13
2396,8603,13
2400,16544,13
2400,17891,13
2406,5916,13
2416,4831,13
2416,15922,13
2436,8827,13
2466,17738,13
2477,15518,13
2479,5900,13
2479,8965,13
2493,7577,13
2498,4442,13
2498,11561,13
2515,5719,13
2551,18338,13
2554,13729,13
2571,8002,13
2589,2893,13
2589,7383,13
2600,10479,13
2620,4250,13
2621,8311,13
2632,5288,13
2708,18397,13
2744,3578,13
2744,19647,13
2745,13454,13
2751,15463,13
2771,18084,13
2779,15349,13
2792,5285,13
2792,15083,13
2802,5668,13
2819,20196,13
2819,20864,13
2843,13198,13
2859,8203,13
2865,8345,13
2871,17766,13
2871,19683,13
2884,21140,13
2890,22150,13
2900,3409,13
2927,17068,13
2933,5411,13
2943,22352,13
2946,18972,13
2949,7518,13
2950,7350,13
2950,22334,13
2959,3737,13
2960,4855,13
2960,8801,13
2961,6838,13
2964,9212,13
2979,19358,13
2984,4481,13
2992,20615,13
2999,10935,13
3001,16102,13
3009,6518,13
3016,9156,13
3019,12711,13
3021,5467,13
3050,18721,13
3050,19244,13
3051,16273,13
3070,7460,13
3070,16880,13
3080,19613,13
3095,20457,13
3101,19634,13
3116,4709,13
3127,7784,13
3153,21797,13
3167,6228,13
3167,19212,13
3179,3642,13
3191,11388,13
3191,11468,13
3201,18465,13
3208,5463,13
3208,11727,13
3208,17190,13
3216,4153,13
3236,19442,13
3243,20626,13
3248,4054,13
3248,4103,13
3248,5247,13
3268,10539,13
3290,10127,13
3292,4398,13
3315,3428,13
3331,18164,13
3396,12562,13
3434,11324,13
3439,15798,13
3442,6129,13
3449,4563,13
3464,21203,13
3469,10491,13
3509,20479,13
3511,21222,13
3521,20480,13
3529,11931,13
3535,14231,13
3537,5054,13
3548,20149,13
3551,14424,13
3551,21045,13
3588,5223,13
3630,13072,13
3654,6212,13
3687,11426,13
3713,9849,13
3731,16790,13
3747,19413,13
3748,19283,13
3751,13987,13
3751,18702,13
3754,18308,13
3765,5287,13
3770,19145,13
3775,17432,13
3789,9540,13
3789,14316,13
3790,10768,13
3800,12994,13
3800,15944,13
3800,16447,13
3801,7451,13
3801,19920,13
3802,5570,13
3814,20495,13
3836,20011,13
3865,16063,13
3870,5510,13
3870,18487,13
3890,11140,13
3902,5619,13
3918,5718,13
3937,5594,13
3937,14982,13
3939,20185,13
3967,15951,13
3979,5691,13
3985,17200,13
3985,19340,13
3988,6741,13
3988,8154,13
3988,9117,13
3988,14693,13
3988,21962,13
3994,4913,13
4012,12481,13
4012,19934,13
4016,6420,13
4016,22211,13
4029,8490,13
4029,13355,13
4035,18014,13
4049,21978,13
4107,7047,13
4108,8811,13
4151,13203,13
4154,21692,13
4159,16332,13
4165,13795,13
4171,14216,13
4171,14753,13
4182,21919,13
4195,12228,13
4217,6445,13
4218,12168,13
4230,10823,13
4243,11686,13
4243,12081,13
4243,18344,13
4244,20582,13
4288,20450,13
4295,18014,13
4301,10301,13
4304,6162,13
4304,15984,13
4304,17887,13
4306,11238,13
4334,13212,13
4350,20861,13
4354,21828,13
4363,5987,13
4382,20626,13
4382,20765,13
4385,5498,13
4385,16588,13
4398,8415,13
4405,12577,13
4430,7490,13
4430,17036,13
4440,11245,13
4442,19774,13
4444,12074,13
4461,22368,13
4480,20603,13
4496,11598,13
4501,14551,13
4546,17297,13
4563,17774,13
4563,19489,13
4599,7557,13
4621,18074,13
4629,18815,13
4645,13678,13
4646,6892,13
4646,19510,13
4656,11463,13
4675,14726,13
4682,8818,13
4682,12397,13
4746,17606,13
4747,15338,13
4748,17773,13
4771,11166,13
4797,5849,13
4797,12102,13
4797,15757,13
4801,18264,13
4807,11571,13
4815,17864,13
4817,21276,13
4822,15428,13
4843,12881,13
4853,21491,13
4854,20213,13
4859,16818,13
4859,20584,13
4868,20070,13
4882,8291,13
4892,9119,13
4916,7936,13
4919,19210,13
4921,5933,13
4922,11712,13
4957,11111,13
4964,9581,13
4964,19684,13
4991,15473,13
4998,10123,13
5077,6930,13
5125,11669,13
5125,13838,13
5125,19038,13
5139,21363,13
5143,5435,13
5145,11166,13
5145,17823,13
5159,21793,13
5164,20028,13
5170,13734,13
5196,18561,13
5226,21403,13
5249,12169,13
5252,20077,13
5262,10257,13
5288,21199,13
5291,10290,13
5326,17070,13
5335,17070,13
5365,9783,13
5365,13213,13
5370,8965,13
5405,19905,13
5424,7633,13
5435,6194,13
5435,13598,13
5435,20341,13
5463,15176,13
5463,15780,13
5463,17419,13
5470,12167,13
5480,9978,13
5483,11819,13
5499,14428,13
5503,8335,13
5544,11021,13
5545,20730,13
5548,18131,13
5568,10441,13
5571,12538,13
5586,6043,13
5589,16430,13
5589,20490,13
5594,14221,13
5600,11407,13
5616,10211,13
5616,11820,13
5621,22192,13
5638,12837,13
5638,22582,13
5656,10703,13
5662,7637,13
5702,21119,13
5719,11908,13
5719,22282,13
5720,19292,13
5740,21074,13
5755,15366,13
5786,16897,13
5793,16084,13
5798,10414,13
5801,18223,13
5819,11264,13
5820,6274,13
5835,9269,13
5835,11312,13
5837,9720,13
5872,19008,13
5877,14719,13
5888,8690,13
5924,8163,13
5931,17763,13
5966,16416,13
5973,16330,13
5979,17988,13
6006,13598,13
6011,7550,13
6031,8636,13
6035,16273,13
6042,21943,13
6043,19853,13
6052,11835,13
6055,6974,13
6082,14771,13
6086,14625,13
6091,20129,13
6098,14555,13
6106,20699,13
6114,17856,13
6114,19102,13
6129,14908,13
6149,11092,13
6168,6590,13
6190,12547,13
6231,12411,13
6231,17419,13
6238,18100,13
6239,19391,13
6255,19074,13
6257,18540,13
6266,11210,13
6270,20650,13
6274,9207,13
6287,14313,13
6339,19873,13
6361,17553,13
6393,20493,13
6399,16287,13
6400,17835,13
6401,15090,13
6406,10887,13
6423,14982,13
6452,7335,13
6452,9786,13
6459,8209,13
6468,17191,13
6483,11602,13
6489,9897,13
6493,7257,13
6498,9768,13
6510,9117,13
6516,13231,13
6520,19994,13
6568,18836,13
6603,20089,13
6615,21554,13
6621,10967,13
6668,19269,13
6674,15950,13
6698,22061,13
6739,10494,13
6748,18910,13
6750,17647,13
6779,20227,13
6805,10252,13
6811,13979,13
6815,18000,13
6820,15008,13
6848,16964,13
6856,13455,13
6880,18300,13
6892,19227,13
6910,17432,13
6921,15684,13
6925,12721,13
6980,8755,13
7001,10023,13
7053,12482,13
7058,7563,13
7059,14121,13
7121,8291,13
7133,22271,13
7135,11756,13
7139,15585,13
7143,20806,13
7153,18526,13
7170,13510,13
7207,21530,13
7217,8530,13
7229,17215,13
7257,11715,13
7261,20753,13
7276,21459,13
7279,21201,13
7283,21865,13
7284,10728,13
7289,20689,13
7305,15477,13
7324,9950,13
7332,11835,13
7332,16044,13
7347,13598,13
7372,20432,13
7399,11558,13
7407,10614,13
7411,9235,13
7420,16208,13
7429,21763,13
7447,17517,13
7459,11660,13
7459,15556,13
7463,15431,13
7464,7963,13
7470,15540,13
7472,21740,13
7477,17941,13
7517,21884,13
7518,11718,13
7518,13195,13
7520,11212,13
7522,17018,13
7543,11150,13
7544,7599,13
7563,7577,13
7563,16257,13
7577,8284,13
7590,21789,13
7615,15376,13
7625,15110,13
7654,8755,13
7654,11507,13
7677,13594,13
7695,11791,13
7736,17176,13
7771,22053,13
7784,14980,13
7831,11157,13
7837,20023,13
7853,17537,13
7869,22475,13
7876,17362,13
7888,13204,13
7903,19952,13
7912,20968,13
7929,16041,13
7937,12647,13
7941,21028,13
7946,21955,13
7946,22537,13
7949,17643,13
7964,10953,13
7968,17064,13
7994,16674,13
7994,19892,13
8009,9225,13
8010,19441,13
8043,11828,13
8053,10375,13
8063,10233,13
8073,9009,13
8093,9123,13
8103,13056,13
8104,9947,13
8133,17270,13
8137,15772,13
8154,11912,13
8163,13035,13
8198,21674,13
8209,15189,13
8232,20070,13
8247,18480,13
8260,14690,13
8260,17659,13
8284,11513,13
8354,9019,13
8364,12189,13
8366,10749,13
8395,14338,13
8415,16215,13
8445,18883,13
8447,17490,13
8476,12087,13
8490,22307,13
8510,20122,13
8562,14873,13
8603,10574,13
8603,14753,13
8607,13376,13
8613,13249,13
8636,20626,13
8659,13470,13
8705,21865,13
8718,9515,13
8727,17648,13
8737,13597,13
8783,14607,13
8783,20839,13
8796,18972,13
8813,16879,13
8824,14512,13
8837,11163,13
8851,11302,13
8851,19845,13
8852,12562,13
8852,17461,13
8858,21024,13
8913,19821,13
8965,16263,13
9053,16402,13
9077,11302,13
9079,18077,13
9088,19462,13
9096,13237,13
9114,18783,13
9152,13035,13
9155,11632,13
9166,21467,13
9176,11975,13
9190,12169,13
9208,16651,13
9212,22011,13
9214,14693,13
9228,21955,13
9235,21701,13
9239,13268,13
9242,17721,13
9249,19621,13
9253,13342,13
9255,17039,13
9264,15629,13
9269,14288,13
9269,17756,13
9281,12009,13
9282,15094,13
9284,22322,13
9285,19640,13
9290,19860,13
9349,13208,13
9407,20248,13
9422,9530,13
9431,17780,13
9436,14548,13
9441,18215,13
9443,10185,13
9478,12403,13
9493,17027,13
9515,11619,13
9534,20174,13
9539,19107,13
9553,17069,13
9574,18254,13
9577,12368,13
9582,12962,13
9603,13549,13
9603,18844,13
9659,13978,13
9688,15339,13
9692,13290,13
9702,10294,13
9729,20330,13
9755,22319,13
9761,11302,13
9803,14184,13
9832,15990,13
9836,17051,13
9864,19906,13
9888,13679,13
9897,18596,13
9930,11571,13
9942,18168,13
9948,17487,13
9948,19308,13
9951,18598,13
9965,15950,13
9965,18844,13
10015,14521,13
10018,15977,13
10030,19535,13
10061,17007,13
10061,21472,13
10069,20472,13
10108,12529,13
10116,18670,13
10123,14913,13
10123,16789,13
10135,17918,13
10165,17357,13
10174,14011,13
10174,21680,13
10177,12827,13
10183,10501,13
10197,11005,13
10197,19447,13
10208,14586,13
10217,14437,13
10217,22292,13
10227,13373,13
10244,22033,13
10257,13273,13
10268,19770,13
10277,14644,13
10284,20149,13
10302,12346,13
10309,15672,13
10315,19072,13
10324,21739,13
10327,13510,13
10334,22373,13
10339,18768,13
10343,14509,13
10343,20599,13
10393,16506,13
10402,21166,13
10408,19886,13
10425,12028,13
10487,21361,13
10489,21388,13
10491,21625,13
10503,13044,13
10520,11412,13
10539,21177,13
10545,13254,13
10545,20028,13
10548,14260,13
10574,19095,13
10576,19019,13
10579,16425,13
10584,12326,13
10597,20798,13
10613,14323,13
10626,18969,13
10632,21095,13
10705,12375,13
10720,22615,13
10721,11862,13
10770,16629,13
10793,12283,13
10794,20693,13
10798,18169,13
10835,14422,13
10842,20593,13
10845,18583,13
10858,15193,13
10911,20839,13
10941,12279,13
10941,21901,13
10969,21370,13
10972,17647,13
10972,22071,13
10985,22216,13
10988,11483,13
11004,15573,13
11037,12674,13
11037,12686,13
11037,12775,13
11057,16192,13
11059,19052,13
11061,20846,13
11073,16110,13
11092,13694,13
11108,19642,13
11111,17186,13
11117,12821,13
11169,21487,13
11227,15338,13
11255,20511,13
11259,19886,13
11278,17742,13
11298,20754,13
11300,22286,13
11312,12821,13
11325,21491,13
11389,11445,13
11401,14531,13
11436,11536,13
11463,12315,13
11481,13354,13
11483,12994,13
11483,18200,13
11483,21884,13
11500,13554,13
11513,12297,13
11521,21491,13
11545,16527,13
11563,15691,13
11581,22141,13
11597,11640,13
11612,17224,13
11619,13213,13
11632,18280,13
11684,19730,13
11685,12645,13
11685,21239,13
11718,19510,13
11760,12136,13
11813,11991,13
11820,13574,13
11830,21944,13
11834,19512,13
11862,17570,13
11862,17647,13
11880,13080,13
11903,20229,13
11937,22265,13
11940,20660,13
11961,17297,13
11971,14726,13
11988,12368,13
12046,17756,13
12060,17835,13
12070,17150,13
12072,13001,13
12073,19421,13
12078,17693,13
12081,14699,13
12089,16911,13
12114,16624,13
12116,15294,13
12139,12932,13
12150,18443,13
12157,17419,13
12159,17001,13
12163,12164,13
12183,13783,13
12210,20534,13
12228,21384,13
12236,21468,13
12244,21415,13
12257,15418,13
12257,17245,13
12259,13221,13
12293,15343,13
12363,22430,13
12376,14753,13
12385,13208,13
12405,14234,13
12410,18333,13
12465,14719,13
12476,15053,13
12511,18264,13
12562,12811,13
12562,17162,13
12596,19064,13
12611,15922,13
12760,15401,13
12829,14644,13
12835,21969,13
12871,17277,13
12936,18349,13
12944,22520,13
12950,19473,13
12955,17690,13
12966,17903,13
12967,14223,13
12971,22227,13
13013,13542,13
13022,19308,13
13041,18044,13
13077,17178,13
13094,17200,13
13099,18174,13
13111,14031,13
13117,15768,13
13154,13355,13
13158,13431,13
13228,21969,13
13289,19946,13
13336,20996,13
13339,20365,13
13347,21971,13
13358,16051,13
13374,15189,13
13393,22615,13
13422,18673,13
13443,15958,13
13455,15384,13
13482,21239,13
13563,21701,13
13565,16263,13
13596,18465,13
13596,22122,13
13612,14566,13
13626,15946,13
13671,22100,13
13679,20061,13
13684,15712,13
13759,19017,13
13805,18706,13
13849,20344,13
13876,18313,13
13906,19446,13
13907,16382,13
13918,15712,13
13992,16485,13
14053,22245,13
14055,16221,13
14092,18345,13
14094,15283,13
14103,17007,13
14154,18745,13
14168,22030,13
14221,22352,13
14231,21398,13
14231,22632,13
14241,16240,13
14266,21891,13
14292,19303,13
14300,15951,13
14317,16403,13
14336,14623,13
14342,16563,13
14398,16852,13
14406,19486,13
14428,16884,13
14510,19526,13
14523,21924,13
14555,18933,13
14609,15828,13
14615,22606,13
14623,14999,13
14623,22449,13
14679,21969,13
14696,16819,13
14699,17215,13
14753,21884,13
14755,16076,13
14755,22559,13
14756,17768,13
14774,18452,13
14821,14964,13
14924,22371,13
15061,21634,13
15151,16233,13
15179,20922,13
15202,16689,13
15202,17035,13
15217,20349,13
15225,19786,13
15266,19895,13
15295,18682,13
15309,16295,13
15386,17051,13
15465,21491,13
15529,17035,13
15564,15916,13
15565,20583,13
15650,22343,13
15652,19233,13
15656,20504,13
15672,17881,13
15685,17382,13
15708,21885,13
15735,20390,13
15838,20896,13
15867,15908,13
15942,20977,13
15981,22430,13
16009,21299,13
16033,20565,13
16035,20149,13
16072,21818,13
16073,19168,13
16073,21920,13
16084,19068,13
16125,20149,13
16166,18677,13
16192,22521,13
16207,16592,13
16214,21502,13
16263,22449,13
16326,16813,13
16326,17622,13
16360,22249,13
16404,19882,13
16423,16510,13
16458,18388,13
16497,19172,13
16627,20396,13
16651,21048,13
16674,18014,13
16683,21558,13
16703,18489,13
16707,17393,13
16708,17382,13
16740,19246,13
16818,19076,13
16874,19135,13
16886,21015,13
16955,20196,13
16972,19223,13
16974,17820,13
17009,22643,13
17035,20402,13
17051,19502,13
17057,20687,13
17082,21659,13
17142,21321,13
17200,19220,13
17286,18067,13
17355,22668,13
17376,20453,13
17441,19510,13
17532,17749,13
17533,20521,13
17575,17980,13
17647,22583,13
17689,19998,13
17690,19986,13
17771,22064,13
17987,19229,13
18055,21585,13
18067,21937,13
18142,20455,13
18169,19783,13
18300,21500,13
18397,20149,13
18446,22187,13
18510,20999,13
18583,21292,13
18620,18790,13
18630,19242,13
18660,19693,13
18717,21832,13
18736,18864,13
18773,21398,13
18793,19079,13
19060,21278,13
19330,20786,13
19383,20606,13
19416,22332,13
19651,19850,13
19861,20846,13
19861,21895,13
19892,20937,13
20045,21327,13
20082,21007,13
20307,21554,13
20504,21723,13
20603,21415,13
20609,20685,13
20631,22584,13
21378,22624,13
21733,22133,13
21790,22601,13
6,5662,14
10,20344,14
22,10357,14
25,8680,14
48,20507,14
48,21884,14
63,8978,14
71,9279,14
76,12029,14
81,16125,14
85,7352,14
96,7464,14
98,21662,14
100,7257,14
100,20582,14
146,2159,14
147,14774,14
157,12624,14
170,2110,14
196,8747,14
198,7050,14
198,21006,14
209,12041,14
213,21908,14
228,2262,14
228,7916,14
237,3757,14
238,14360,14
270,16973,14
273,22179,14
278,6930,14
280,19076,14
299,15727,14
312,2600,14
320,7073,14
332,1172,14
349,16660,14
354,7507,14
390,22463,14
393,843,14
393,10545,14
393,18738,14
407,4054,14
417,469,14
419,9698,14
433,1877,14
433,9731,14
458,9768,14
466,3648,14
475,22378,14
480,5239,14
518,2744,14
529,18459,14
536,13437,14
536,17903,14
556,15785,14
562,22189,14
587,10043,14
592,7184,14
597,10142,14
603,6249,14
603,16402,14
614,2866,14
614,18409,14
615,4351,14
619,17763,14
642,19492,14
652,16707,14
658,14775,14
665,18738,14
672,18177,14
674,5568,14
674,18040,14
675,2713,14
679,13956,14
679,19291,14
681,1128,14
690,13382,14
696,1121,14
710,19728,14
729,3870,14
731,12440,14
744,15176,14
752,15146,14
755,2664,14
755,9117,14
759,10571,14
762,3102,14
763,8672,14
773,19212,14
790,2833,14
808,7969,14
809,21709,14
813,3391,14
816,16618,14
826,2961,14
829,4465,14
844,5054,14
866,1492,14
866,12562,14
866,15916,14
883,2184,14
887,2255,14
887,9053,14
889,7657,14
911,3924,14
911,19929,14
914,11125,14
922,12202,14
922,21479,14
924,21851,14
936,21870,14
947,14567,14
970,7016,14
979,8081,14
980,8415,14
1009,2367,14
1009,14129,14
1021,9677,14
1046,6677,14
1046,10574,14
1046,19633,14
1052,12441,14
1062,5862,14
1074,11642,14
1074,20344,14
1079,5146,14
1082,1463,14
1096,12978,14
1107,4026,14
1121,10130,14
1121,10779,14
1132,17035,14
1155,6126,14
1162,15718,14
1173,14686,14
1184,12392,14
1184,17294,14
1190,14678,14
1194,11463,14
1197,1425,14
1212,9665,14
1214,8324,14
1216,11095,14
1222,3506,14
1222,17297,14
1222,19031,14
1229,15176,14
1231,2204,14
1231,6459,14
1238,10579,14
1238,12811,14
1250,1860,14
1250,2498,14
1259,17277,14
1260,13049,14
1270,15622,14
1302,19183,14
1304,6031,14
1304,15982,14
1304,16651,14
1312,2132,14
1312,19980,14
1322,1587,14
1322,20070,14
1329,1717,14
1332,9697,14
1332,17856,14
1335,18428,14
1349,6739,14
1360,6110,14
1363,19219,14
1367,12018,14
1369,1900,14
1372,21710,14
1374,14623,14
1387,21171,14
1392,11901,14
1395,7737,14
1408,18701,14
1410,11516,14
1410,12487,14
1418,12293,14
1425,20245,14
1435,15887,14
1440,21114,14
1443,4940,14
1447,2944,14
1447,17845,14
1452,16350,14
1471,11907,14
1477,2458,14
1477,21520,14
1481,13598,14
1487,11513,14
1487,19842,14
1492,11632,14
1493,17695,14
1501,4244,14
1506,8952,14
1506,13385,14
1509,15797,14
1509,16777,14
1525,21657,14
1565,12155,14
1574,11852,14
1574,17419,14
1577,1721,14
1585,10130,14
1594,2374,14
1609,17595,14
1616,9435,14
1616,12244,14
1622,12465,14
1623,3687,14
1657,9705,14
1661,13586,14
1668,3136,14
1675,10509,14
1677,8699,14
1678,2792,14
1678,4460,14
1694,3208,14
1708,4445,14
1708,14111,14
1711,2281,14
1717,4438,14
1723,12821,14
1738,5685,14
1738,16913,14
1739,18627,14
1747,1817,14
1747,4682,14
1755,4297,14
1755,11288,14
1772,2136,14
1783,15323,14
1797,13273,14
1807,11445,14
1812,6274,14
1812,10528,14
1812,14699,14
1817,9060,14
1830,2087,14
1830,2950,14
1830,11312,14
1849,14395,14
1852,7899,14
1856,18617,14
1857,14827,14
1860,8335,14
1860,9640,14
1869,4171,14
1900,6395,14
1900,15202,14
1905,10987,14
1912,13849,14
1912,19352,14
1920,16085,14
1932,2819,14
1943,10462,14
1948,19090,14
1948,20539,14
1970,10039,14
1979,3396,14
1979,3970,14
1979,7490,14
1979,22202,14
1984,9144,14
1990,15998,14
1990,17879,14
1992,3793,14
2003,14980,14
2005,18695,14
2030,20388,14
2042,4857,14
2042,4998,14
2047,7464,14
2051,14567,14
2053,21388,14
2069,16096,14
2072,2408,14
2074,15745,14
2085,7052,14
2085,10396,14
2094,2290,14
2094,15787,14
2100,16599,14
2101,9133,14
2105,11834,14
2119,5482,14
2119,20265,14
2120,5059,14
2120,7500,14
2120,16495,14
2132,2239,14
2132,21384,14
2140,17387,14
2148,11949,14
2150,9025,14
2152,14964,14
2165,15671,14
2168,21542,14
2170,18990,14
2186,14959,14
2190,21218,14
2195,19045,14
2196,18990,14
2198,22548,14
2199,8640,14
2206,3176,14
2211,3725,14
2211,3882,14
2216,12611,14
2225,20783,14
2233,2944,14
2234,6552,14
2255,5988,14
2255,18183,14
2255,21080,14
2258,6601,14
2262,8490,14
2262,21845,14
2263,6821,14
2267,3292,14
2267,7784,14
2270,7444,14
2270,20620,14
2274,2571,14
2274,10130,14
2274,17561,14
2274,22319,14
2278,16564,14
2290,3673,14
2290,10301,14
2304,20341,14
2313,22279,14
2326,10513,14
2329,20302,14
2330,13781,14
2330,22334,14
2340,8110,14
2348,4584,14
2349,21787,14
2370,14663,14
2373,14279,14
2396,11715,14
2398,19998,14
2408,9763,14
2415,12427,14
2419,4571,14
2427,7532,14
2457,22050,14
2458,5501,14
2466,11364,14
2476,12917,14
2477,13596,14
2489,21434,14
2512,2743,14
2515,6793,14
2516,17756,14
2527,22482,14
2533,12549,14
2549,14819,14
2568,14818,14
2580,6728,14
2581,10123,14
2581,13875,14
2651,11945,14
2678,14274,14
2689,11563,14
2708,20149,14
2715,21229,14
2722,17162,14
2754,5397,14
2762,22039,14
2771,6140,14
2793,4813,14
2793,17647,14
2793,22621,14
2826,7925,14
2832,21206,14
2833,15189,14
2841,3966,14
2843,5697,14
2844,14811,14
2852,5619,14
2852,7406,14
2855,8788,14
2859,5631,14
2859,15805,14
2863,9731,14
2871,13008,14
2874,5002,14
2879,13369,14
2882,21443,14
2893,19813,14
2896,4602,14
2905,8334,14
2905,15083,14
2916,20848,14
2922,20843,14
2923,5494,14
2927,18177,14
2949,11257,14
2950,5594,14
2950,6423,14
2950,10572,14
2950,14428,14
2960,18188,14
2973,15132,14
2977,15832,14
2979,22122,14
2995,13191,14
3012,15738,14
3032,7713,14
3038,12049,14
3050,16761,14
3065,20359,14
3087,8784,14
3119,12793,14
3128,16941,14
3128,21388,14
3140,18555,14
3146,3537,14
3148,19713,14
3155,17762,14
3156,3867,14
3159,16775,14
3160,10528,14
3185,17159,14
3202,10132,14
3210,14969,14
3216,15857,14
3220,12739,14
3221,8863,14
3222,14826,14
3229,11579,14
3243,3983,14
3243,8727,14
3243,15721,14
3248,16777,14
3258,20494,14
3271,3865,14
3274,17946,14
3275,17070,14
3279,12387,14
3301,7552,14
3302,9506,14
3304,16631,14
3305,14934,14
3356,17899,14
3380,15719,14
3392,7433,14
3403,5722,14
3439,13213,14
3445,21764,14
3449,12962,14
3449,18771,14
3471,19842,14
3481,4821,14
3493,8523,14
3496,20905,14
3500,5133,14
3503,17409,14
3504,18721,14
3521,21813,14
3533,11072,14
3535,15641,14
3537,9689,14
3551,18177,14
3574,4546,14
3577,12442,14
3578,7229,14
3578,10779,14
3608,12222,14
3625,15545,14
3640,20429,14
3644,15444,14
3654,14824,14
3655,17988,14
3657,7968,14
3657,18067,14
3665,10845,14
3667,16085,14
3677,12128,14
3696,13066,14
3706,19093,14
3716,5621,14
3727,7893,14
3745,8144,14
3761,21621,14
3764,18589,14
3775,9317,14
3783,20250,14
3818,20196,14
3858,7261,14
3865,14210,14
3875,18575,14
3879,15139,14
3883,10858,14
3886,4883,14
3886,5231,14
3898,10813,14
3937,20424,14
3948,16276,14
3952,15612,14
3958,14467,14
3963,9417,14
3964,22211,14
3966,12686,14
3967,8335,14
3967,18280,14
3983,19068,14
3985,12202,14
3985,19683,14
3987,18316,14
3994,15754,14
4010,8640,14
4026,9819,14
4026,15053,14
4031,9311,14
4035,9189,14
4035,19621,14
4049,6582,14
4051,4563,14
4051,21129,14
4060,13992,14
4069,12007,14
4082,20082,14
4088,4602,14
4103,5087,14
4119,11962,14
4145,19477,14
4159,5521,14
4159,7893,14
4203,7317,14
4209,18736,14
4227,4420,14
4244,12089,14
4244,14964,14
4272,4949,14
4287,10858,14
4295,19246,14
4304,10350,14
4310,20435,14
4327,14672,14
4346,20355,14
4347,5440,14
4353,15715,14
4354,21885,14
4364,11037,14
4378,12499,14
4380,6171,14
4382,18767,14
4386,14695,14
4391,21659,14
4398,12517,14
4404,15506,14
4420,12715,14
4441,10043,14
4442,14088,14
4444,18053,14
4460,13191,14
4463,18667,14
4463,19492,14
4480,12232,14
4480,18736,14
4483,15818,14
4486,22587,14
4500,15255,14
4521,6134,14
4527,15551,14
4539,11131,14
4539,18129,14
4542,18905,14
4561,9217,14
4563,17647,14
4600,16104,14
4602,12466,14
4603,21394,14
4603,22319,14
4610,11047,14
4610,14690,14
4610,16240,14
4620,18590,14
4621,14479,14
4621,15574,14
4621,22610,14
4640,17667,14
4646,5149,14
4655,8334,14
4655,15046,14
4655,19570,14
4656,9601,14
4656,15309,14
4675,20796,14
4722,13644,14
4729,7054,14
4746,18594,14
4750,6140,14
4754,7540,14
4754,15691,14
4754,16326,14
4771,10393,14
4771,15825,14
4779,14160,14
4779,15574,14
4779,22352,14
4798,16884,14
4803,11203,14
4812,18525,14
4843,17954,14
4858,5719,14
4859,9686,14
4859,13268,14
4859,19227,14
4859,20381,14
4866,16277,14
4868,15916,14
4868,20559,14
4921,20006,14
4927,12861,14
4944,20758,14
4952,7654,14
4957,11970,14
4964,8780,14
4983,19769,14
4991,7438,14
5034,12349,14
5039,11527,14
5051,15738,14
5059,10483,14
5068,11665,14
5072,20919,14
5073,14834,14
5077,18584,14
5082,10487,14
5087,12432,14
5087,14525,14
5102,17843,14
5126,19406,14
5133,12169,14
5133,19243,14
5159,7916,14
5162,19747,14
5164,11507,14
5168,15873,14
5185,5936,14
5191,13798,14
5207,21477,14
5218,15372,14
5224,16689,14
5229,14279,14
5231,14939,14
5246,9579,14
5246,17307,14
5249,9214,14
5256,13387,14
5258,15261,14
5262,18729,14
5267,5912,14
5267,21415,14
5270,13308,14
5274,7773,14
5274,20687,14
5282,9409,14
5282,10393,14
5291,20211,14
5300,12878,14
5301,12423,14
5303,9359,14
5326,22521,14
5335,12674,14
5351,22196,14
5352,22225,14
5370,9349,14
5390,16723,14
5397,16599,14
5427,14200,14
5432,6980,14
5432,12169,14
5440,5678,14
5461,19705,14
5463,13194,14
5478,18070,14
5482,14669,14
5499,20070,14
5503,7371,14
5503,7460,14
5503,11481,14
5510,20775,14
5514,9259,14
5526,11351,14
5531,11776,14
5533,11000,14
5539,12360,14
5558,18710,14
5567,13589,14
5582,19811,14
5595,21808,14
5596,16857,14
5612,8098,14
5612,21212,14
5619,8718,14
5619,16033,14
5619,20371,14
5620,9601,14
5620,18736,14
5631,5842,14
5638,9060,14
5668,10716,14
5668,16427,14
5668,18732,14
5676,11723,14
5679,6718,14
5685,20532,14
5694,21174,14
5695,11048,14
5695,16447,14
5700,15585,14
5717,7058,14
5717,21960,14
5719,11727,14
5719,20070,14
5723,9457,14
5733,6883,14
5735,11852,14
5769,22594,14
5793,15041,14
5811,7449,14
5815,13062,14
5835,13170,14
5868,20503,14
5873,8287,14
5876,17536,14
5878,6892,14
5880,13493,14
5883,15785,14
5889,12360,14
5890,14189,14
5901,13449,14
5924,19359,14
5924,21321,14
5937,10882,14
5940,12310,14
5940,16731,14
5946,21514,14
5956,14635,14
5959,15266,14
5969,10648,14
5973,11607,14
6004,22398,14
6011,8603,14
6013,20692,14
6015,21171,14
6024,20304,14
6031,8851,14
6031,21962,14
6052,21827,14
6071,18334,14
6076,6647,14
6085,22621,14
6086,14460,14
6114,14116,14
6114,18200,14
6120,15851,14
6161,6772,14
6162,12871,14
6168,21493,14
6194,20730,14
6200,10712,14
6200,18233,14
6221,16620,14
6238,17532,14
6249,15202,14
6280,7849,14
6282,12717,14
6306,22521,14
6322,12848,14
6340,8762,14
6383,11222,14
6391,7775,14
6398,11682,14
6406,12871,14
6406,19102,14
6412,12228,14
6425,13956,14
6459,17029,14
6493,6634,14
6493,9539,14
6496,11693,14
6496,11834,14
6501,11819,14
6510,7319,14
6523,12863,14
6531,13145,14
6539,7069,14
6541,18509,14
6542,9628,14
6580,17659,14
6596,19068,14
6596,22039,14
6601,7563,14
6617,22271,14
6620,17241,14
6624,15965,14
6624,21640,14
6634,21884,14
6649,7741,14
6666,11369,14
6674,21630,14
6677,11521,14
6711,7625,14
6713,9436,14
6738,8682,14
6741,9269,14
6750,15951,14
6750,16277,14
6758,8083,14
6771,17235,14
6783,20042,14
6793,20620,14
6794,17285,14
6797,9431,14
6800,17064,14
6822,12411,14
6832,19173,14
6836,10031,14
6843,15982,14
6851,13644,14
6856,12503,14
6861,14964,14
6866,15482,14
6877,7800,14
6877,21209,14
6904,11047,14
6922,17393,14
6930,12317,14
6933,15806,14
6953,16627,14
6978,20072,14
6980,15467,14
6992,12562,14
6995,15741,14
7026,11278,14
7058,10959,14
7058,16354,14
7064,9116,14
7066,7085,14
7077,8970,14
7099,22288,14
7102,8872,14
7114,11388,14
7116,19503,14
7140,22178,14
7166,13388,14
7209,21267,14
7229,12150,14
7229,14999,14
7230,18652,14
7243,8785,14
7257,8097,14
7257,10810,14
7257,12368,14
7257,17771,14
7263,20930,14
7305,16044,14
7305,18583,14
7306,14848,14
7306,22123,14
7307,16773,14
7321,22234,14
7322,16056,14
7323,12475,14
7330,18163,14
7330,20787,14
7335,16659,14
7338,7501,14
7353,8336,14
7353,9239,14
7355,11821,14
7355,18905,14
7358,19439,14
7377,21031,14
7383,16427,14
7403,11830,14
7407,21143,14
7434,14395,14
7439,11690,14
7460,8602,14
7460,21002,14
7466,15776,14
7482,7891,14
7490,13273,14
7494,8286,14
7499,10000,14
7501,12236,14
7515,13816,14
7515,17846,14
7520,21512,14
7521,19766,14
7525,8423,14
7525,13630,14
7550,19413,14
7577,10359,14
7625,17005,14
7636,9164,14
7647,21292,14
7654,18437,14
7654,19664,14
7690,19330,14
7693,16998,14
7709,18692,14
7720,15151,14
7743,10858,14
7775,19953,14
7782,20061,14
7783,20981,14
7784,8048,14
7784,16056,14
7785,16985,14
7805,12674,14
7843,19889,14
7864,20411,14
7869,20144,14
7878,21222,14
7899,18436,14
7908,20550,14
7912,8926,14
7936,17080,14
7939,12915,14
7940,9226,14
7942,15866,14
7946,15093,14
7946,19039,14
7957,18371,14
7964,15708,14
7974,14074,14
7998,8989,14
8009,22022,14
8015,17716,14
8020,20461,14
8038,17093,14
8044,11760,14
8058,15990,14
8058,16439,14
8063,13801,14
8072,21007,14
8083,17890,14
8102,12617,14
8114,14785,14
8160,22654,14
8163,13482,14
8163,18183,14
8174,10330,14
8174,17552,14
8182,22391,14
8214,12077,14
8214,19230,14
8218,13718,14
8223,13212,14
8227,15726,14
8232,8818,14
8232,16678,14
8232,16978,14
8251,15467,14
8260,11125,14
8275,19308,14
8280,10388,14
8284,20682,14
8286,18819,14
8292,15273,14
8325,13293,14
8334,17419,14
8342,22381,14
8348,15374,14
8349,15798,14
8362,12503,14
8406,16795,14
8415,20185,14
8435,12596,14
8473,9499,14
8475,9852,14
8478,21312,14
8484,19580,14
8487,10152,14
8498,15806,14
8524,9907,14
8562,12333,14
8594,19410,14
8603,9269,14
8603,9686,14
8603,17537,14
8612,18745,14
8629,10452,14
8630,19633,14
8636,17215,14
8644,21071,14
8666,19570,14
8672,12163,14
8672,19114,14
8672,22583,14
8705,11372,14
8717,10845,14
8718,13876,14
8721,19257,14
8722,14243,14
8731,15637,14
8731,21843,14
8755,12481,14
8801,17018,14
8850,10379,14
8850,20538,14
8851,15817,14
8864,11610,14
8974,16546,14
8974,16651,14
9000,11536,14
9011,18457,14
9034,11312,14
9047,17428,14
9053,15780,14
9060,9093,14
9060,19716,14
9064,20461,14
9068,15631,14
9075,11640,14
9075,20111,14
9117,15564,14
9120,16076,14
9122,13878,14
9130,13907,14
9132,20486,14
9144,21000,14
9155,11376,14
9161,18732,14
9166,13906,14
9166,14660,14
9172,10301,14
9173,17662,14
9200,16390,14
9202,19631,14
9203,14450,14
9223,9400,14
9242,21117,14
9295,13393,14
9299,15511,14
9311,17961,14
9328,9436,14
9357,22225,14
9362,13879,14
9374,18463,14
9392,11993,14
9442,21721,14
9453,11369,14
9516,16277,14
9530,16277,14
9530,17245,14
9534,11513,14
9534,18844,14
9543,14668,14
9553,12456,14
9597,11639,14
9599,15598,14
9603,20969,14
9639,11413,14
9677,10252,14
9697,22338,14
9711,16445,14
9727,15681,14
9750,17848,14
9765,10241,14
9772,13873,14
9772,17153,14
9781,15922,14
9823,18604,14
9824,16193,14
9825,11187,14
9827,13122,14
9872,18397,14
9881,11703,14
9881,15320,14
9888,15467,14
9889,12057,14
9902,13936,14
9933,10545,14
9945,18643,14
9965,13448,14
9986,10197,14
9992,21531,14
10010,17954,14
10023,13348,14
10030,15498,14
10115,15322,14
10130,20070,14
10167,15362,14
10170,13858,14
10174,13885,14
10190,17974,14
10277,15448,14
10295,10314,14
10301,19621,14
10314,19883,14
10327,14566,14
10329,13818,14
10335,16585,14
10335,18736,14
10339,17884,14
10350,16490,14
10352,18014,14
10397,11423,14
10401,16723,14
10413,18177,14
10439,11642,14
10445,13612,14
10451,18711,14
10466,13164,14
10467,22253,14
10482,17469,14
10493,18523,14
10500,20891,14
10528,16295,14
10534,17912,14
10566,13521,14
10572,17537,14
10574,10936,14
10574,11852,14
10574,14652,14
10574,15817,14
10576,12971,14
10589,12934,14
10597,14356,14
10605,14234,14
10631,16701,14
10632,11237,14
10689,11557,14
10695,16674,14
10703,21590,14
10716,17941,14
10716,21740,14
10721,13369,14
10721,19227,14
10729,20272,14
10735,15322,14
10752,17320,14
10763,15984,14
10779,15644,14
10793,12086,14
10813,10912,14
10824,14278,14
10841,12116,14
10886,14226,14
10887,14607,14
10911,19364,14
10912,20686,14
10940,21906,14
10977,12067,14
11002,11141,14
11047,21129,14
11064,16850,14
11087,18940,14
11090,21714,14
11117,20381,14
11125,12978,14
11166,18606,14
11218,20820,14
11227,15802,14
11237,16567,14
11257,13838,14
11266,22092,14
11275,19271,14
11302,22255,14
11325,20349,14
11325,22449,14
11336,12189,14
11351,20092,14
11351,22624,14
11374,20775,14
11388,13056,14
11390,11728,14
11390,13956,14
11423,14769,14
11423,15267,14
11426,13154,14
11426,15380,14
11426,21956,14
11437,12064,14
11439,20783,14
11445,17537,14
11445,21908,14
11453,15874,14
11463,16380,14
11468,14413,14
11509,11685,14
11510,21824,14
11532,18864,14
11563,13557,14
11579,12955,14
11599,15802,14
11619,13678,14
11666,11913,14
11690,17670,14
11700,22011,14
11721,17080,14
11723,14536,14
11727,22029,14
11745,13496,14
11745,19038,14
11745,22334,14
11775,20682,14
11821,17627,14
11835,21538,14
11846,21952,14
11852,15817,14
11859,18317,14
11888,19382,14
11906,14718,14
11950,18559,14
11984,14177,14
11988,15944,14
12045,20911,14
12051,22366,14
12067,18402,14
12071,19091,14
12081,21203,14
12098,19538,14
12115,20979,14
12128,14492,14
12136,14982,14
12139,21383,14
12154,15503,14
12169,21033,14
12183,14837,14
12212,18811,14
12228,12347,14
12228,12811,14
12228,16447,14
12228,20196,14
12230,15798,14
12239,15020,14
12257,14371,14
12279,18359,14
12324,15574,14
12324,16689,14
12337,21940,14
12339,18321,14
12346,15872,14
12346,18345,14
12347,13008,14
12359,18624,14
12364,20683,14
12377,13286,14
12385,18751,14
12427,15626,14
12427,15757,14
12440,21021,14
12483,12978,14
12517,21203,14
12524,17645,14
12543,16402,14
12564,17541,14
12573,15374,14
12573,16179,14
12573,17690,14
12581,20297,14
12586,16915,14
12598,13446,14
12624,13107,14
12674,21781,14
12700,20377,14
12721,21587,14
12800,14219,14
12811,13355,14
12811,20565,14
12818,13729,14
12835,15070,14
12840,22378,14
12848,18951,14
12862,13968,14
12871,21814,14
12874,14555,14
12879,15817,14
12881,14964,14
12894,18221,14
12904,20788,14
12912,16824,14
12915,18307,14
12917,17766,14
12932,20495,14
12955,19633,14
12960,16439,14
12960,17856,14
12960,21874,14
12967,21373,14
12973,22446,14
12977,17968,14
12978,15176,14
12994,20582,14
13008,14828,14
13008,17572,14
13015,15830,14
13035,21630,14
13067,15087,14
13086,20756,14
13107,21396,14
13118,15825,14
13131,19856,14
13154,16425,14
13172,18917,14
13195,21129,14
13208,19019,14
13208,21084,14
13212,19586,14
13213,13838,14
13213,15001,14
13222,17492,14
13222,20172,14
13228,18736,14
13265,14232,14
13289,17653,14
13289,19382,14
13322,20702,14
13346,13355,14
13354,19619,14
13372,13377,14
13382,17068,14
13456,22314,14
13468,21340,14
13496,17393,14
13501,18622,14
13535,14212,14
13549,15951,14
13585,14615,14
13585,17235,14
13586,21576,14
13617,17670,14
13641,17700,14
13641,19052,14
13648,19787,14
13658,21826,14
13662,16303,14
13662,16354,14
13727,20751,14
13733,18281,14
13746,19285,14
13746,21797,14
13750,16167,14
13750,22591,14
13775,14048,14
13794,21899,14
13832,17404,14
13846,20208,14
13853,16134,14
13855,17949,14
13935,16375,14
13946,18553,14
13965,21054,14
13974,20693,14
14023,15328,14
14038,14820,14
14045,17626,14
14045,21864,14
14111,21908,14
14116,21073,14
14149,16455,14
14189,21692,14
14216,14719,14
14235,16562,14
14241,19359,14
14260,15338,14
14289,17786,14
14300,15560,14
14356,20089,14
14436,22255,14
14527,17288,14
14548,15712,14
14559,20256,14
14575,20568,14
14584,20372,14
14596,20089,14
14607,19980,14
14657,18409,14
14676,18144,14
14690,16179,14
14692,14980,14
14693,17752,14
14703,21377,14
14719,15944,14
14733,16564,14
14751,19928,14
14779,16076,14
14843,17126,14
14848,20159,14
14857,16601,14
14895,20326,14
14913,16789,14
14962,16620,14
14980,18257,14
14982,18487,14
14982,21373,14
14999,16562,14
15019,16074,14
15019,16145,14
15019,19684,14
15057,19382,14
15057,22227,14
15070,17639,14
15097,20688,14
15128,15817,14
15159,16675,14
15184,21620,14
15200,19076,14
15257,20507,14
15261,20718,14
15338,17402,14
15397,19840,14
15453,15786,14
15460,20854,14
15477,20245,14
15487,18724,14
15514,15953,14
15564,15656,14
15574,22441,14
15585,21538,14
15651,21223,14
15656,19358,14
15720,21292,14
15721,19633,14
15727,20706,14
15775,19332,14
15786,18594,14
15792,20537,14
15798,22211,14
15812,16074,14
15812,18773,14
15845,18818,14
15900,15951,14
15906,22347,14
15984,22218,14
16005,16840,14
16035,20192,14
16035,21398,14
16055,21226,14
16102,17256,14
16106,17297,14
16152,19282,14
16177,19971,14
16192,19883,14
16193,18109,14
16215,22192,14
16277,16896,14
16301,19753,14
16318,19100,14
16332,17856,14
16352,21398,14
16353,20061,14
16353,20565,14
16375,20682,14
16425,22423,14
16427,22011,14
16439,17487,14
16447,20611,14
16447,21239,14
16485,16740,14
16485,18463,14
16502,22615,14
16551,19130,14
16553,21630,14
16572,21383,14
16615,21502,14
16632,19686,14
16640,17153,14
16688,17839,14
16689,21630,14
16761,18280,14
16808,18450,14
16880,17897,14
16884,19772,14
16916,19246,14
16970,20643,14
16972,18348,14
16976,18112,14
16978,17035,14
17003,21493,14
17051,19267,14
17130,21908,14
17135,22122,14
17255,22180,14
17341,18827,14
17346,19823,14
17359,21484,14
17427,20173,14
17463,20028,14
17505,21472,14
17537,18796,14
17594,21846,14
17647,18014,14
17690,21073,14
17690,21962,14
17695,20518,14
17716,20127,14
17815,22127,14
17853,18763,14
17949,21099,14
17964,21236,14
18015,18758,14
18120,22654,14
18127,18149,14
18129,20645,14
18210,19246,14
18266,20297,14
18280,19693,14
18300,22628,14
18322,19238,14
18366,20044,14
18463,22626,14
18465,21289,14
18477,19114,14
18477,22134,14
18486,21937,14
18593,19761,14
18604,21471,14
18616,19416,14
18658,22564,14
18682,18844,14
18717,19889,14
18768,22246,14
18777,22557,14
19019,21468,14
19114,21733,14
19285,19705,14
19416,21884,14
19570,20608,14
19594,20227,14
19627,20666,14
19836,21845,14
19885,20490,14
19942,22564,14
19986,22334,14
20148,21231,14
20153,21421,14
20164,20547,14
20183,22178,14
20344,20839,14
20441,21282,14
20547,21217,14
20547,21226,14
20787,22280,14
20888,22064,14
20891,21526,14
21080,22449,14
21239,21874,14
21415,21845,14
21463,22113,14
21502,22634,14
21884,22039,14
22085,22559,14
7,15726,15
14,12585,15
22,10057,15
62,20378,15
63,10482,15
67,17190,15
67,19095,15
71,5547,15
81,13783,15
81,22122,15
87,15376,15
92,11723,15
93,13968,15
98,6483,15
100,21203,15
103,12843,15
103,17461,15
121,8221,15
128,8238,15
131,15251,15
149,538,15
158,9284,15
160,3397,15
170,1062,15
174,20969,15
190,4445,15
218,19813,15
228,18067,15
235,10735,15
244,8177,15
254,19265,15
254,21006,15
265,5276,15
283,15798,15
284,17690,15
299,17941,15
321,4718,15
321,4834,15
332,1063,15
332,19684,15
338,17471,15
345,11812,15
348,19747,15
354,7518,15
354,9832,15
354,9951,15
381,6784,15
386,5637,15
386,9240,15
387,3894,15
393,4645,15
400,16260,15
403,19826,15
417,5924,15
417,11487,15
421,17319,15
422,18014,15
430,3654,15
458,9331,15
460,12230,15
467,10800,15
468,11549,15
494,15236,15
518,12411,15
520,8855,15
529,21723,15
538,5273,15
549,22533,15
587,2927,15
590,6980,15
602,4167,15
603,14607,15
609,6234,15
642,2087,15
642,3569,15
642,17068,15
645,14870,15
650,20405,15
652,5262,15
652,5510,15
662,4626,15
665,4010,15
671,5467,15
671,20650,15
673,1578,15
691,19173,15
724,12072,15
724,22255,15
729,17387,15
730,8028,15
739,15149,15
748,10247,15
752,10935,15
755,1250,15
760,14431,15
760,18259,15
789,4857,15
789,22521,15
808,12245,15
818,5463,15
818,6843,15
818,9948,15
822,22039,15
832,10479,15
837,21733,15
842,19951,15
843,22071,15
852,5940,15
863,21740,15
870,10717,15
870,18482,15
883,12364,15
887,1096,15
904,2066,15
922,6303,15
936,9195,15
980,12363,15
990,4247,15
993,3422,15
993,18954,15
998,11718,15
1002,8951,15
1029,19462,15
1037,20024,15
1048,22322,15
1079,6838,15
1079,16036,15
1081,8727,15
1087,3469,15
1091,3704,15
1096,17037,15
1098,3012,15
1109,22126,15
1116,12411,15
1136,22332,15
1144,16740,15
1148,5283,15
1154,12088,15
1170,5117,15
1180,8466,15
1184,2361,15
1197,16168,15
1211,16120,15
1235,3852,15
1238,10359,15
1258,16027,15
1259,1264,15
1271,13418,15
1292,2191,15
1329,15414,15
1345,8203,15
1402,19888,15
1433,3967,15
1434,9832,15
1435,4243,15
1435,6013,15
1456,2511,15
1464,2689,15
1487,14913,15
1488,11092,15
1489,14468,15
1492,15812,15
1493,4637,15
1501,15825,15
1501,21226,15
1507,9671,15
1510,10261,15
1517,20824,15
1518,3308,15
1525,7434,15
1554,2302,15
1563,18002,15
1567,3680,15
1568,11537,15
1574,13382,15
1578,21405,15
1587,10528,15
1595,7304,15
1609,8851,15
1623,17064,15
1632,9641,15
1637,3968,15
1641,10427,15
1647,15985,15
1651,4244,15
1651,9603,15
1651,22583,15
1660,17967,15
1711,19329,15
1738,17203,15
1748,12163,15
1797,1917,15
1807,16277,15
1807,17264,15
1813,8794,15
1856,19199,15
1860,2217,15
1860,21884,15
1866,20226,15
1916,10391,15
1917,21754,15
1922,2819,15
1940,13546,15
1946,4154,15
1953,12881,15
1970,4500,15
1970,11374,15
1984,10330,15
2003,5798,15
2003,10609,15
2005,5954,15
2022,3442,15
2022,16056,15
2023,21084,15
2031,13758,15
2041,10655,15
2053,16694,15
2072,10888,15
2073,13557,15
2085,20070,15
2087,5589,15
2103,2238,15
2103,2551,15
2103,3704,15
2111,15280,15
2111,17070,15
2111,21972,15
2124,2758,15
2124,9000,15
2136,14575,15
2140,13925,15
2149,20448,15
2150,6836,15
2150,9269,15
2150,18752,15
2150,20028,15
2163,8311,15
2184,3648,15
2184,18397,15
2195,19934,15
2196,10587,15
2196,11033,15
2198,7577,15
2200,4757,15
2224,12810,15
2227,10606,15
2243,16474,15
2255,4382,15
2255,11681,15
2265,15344,15
2267,12645,15
2267,14339,15
2274,12163,15
2287,17339,15
2294,2717,15
2294,6742,15
2297,22186,15
2298,21864,15
2302,10693,15
2333,10405,15
2340,19952,15
2373,14460,15
2385,20782,15
2395,12794,15
2396,9603,15
2405,8308,15
2406,22638,15
2408,14618,15
2411,19614,15
2430,10002,15
2431,3894,15
2439,19405,15
2445,8569,15
2452,4813,15
2476,19246,15
2477,14999,15
2495,13234,15
2498,19114,15
2503,18314,15
2507,7604,15
2544,5510,15
2571,15798,15
2583,18874,15
2636,15889,15
2642,19415,15
2650,13504,15
2650,14716,15
2651,16051,15
2659,5369,15
2661,12046,15
2661,17190,15
2676,10327,15
2678,14848,15
2678,21365,15
2689,5700,15
2689,6975,15
2690,8821,15
2694,21942,15
2696,20977,15
2708,17690,15
2713,13010,15
2728,16982,15
2733,10441,15
2744,22307,15
2758,14457,15
2760,10320,15
2792,8334,15
2792,9832,15
2793,12645,15
2818,14117,15
2819,3870,15
2819,9296,15
2827,10231,15
2838,21404,15
2859,11718,15
2870,21470,15
2871,10677,15
2873,8753,15
2879,9601,15
2887,8404,15
2887,8638,15
2893,11453,15
2898,5413,15
2900,6231,15
2900,13807,15
2903,15111,15
2911,14918,15
2913,11453,15
2922,13691,15
2927,10352,15
2927,11640,15
2927,17667,15
2927,18188,15
2940,18380,15
2943,17856,15
2949,6273,15
2949,7336,15
2960,12196,15
2969,5880,15
2984,13437,15
2995,21904,15
3003,5372,15
3016,18907,15
3030,12708,15
3044,11191,15
3051,13374,15
3079,6485,15
3109,22208,15
3112,20159,15
3116,9601,15
3127,5510,15
3127,8755,15
3128,6788,15
3128,15346,15
3128,15526,15
3132,8148,15
3134,14020,15
3142,13270,15
3143,4010,15
3143,14588,15
3155,16076,15
3203,5698,15
3210,15626,15
3222,17899,15
3238,5988,15
3243,19856,15
3248,13211,15
3250,11521,15
3274,3551,15
3276,19842,15
3292,16712,15
3304,13551,15
3340,21534,15
3349,5036,15
3349,11284,15
3349,17690,15
3381,18062,15
3381,22292,15
3391,11005,15
3392,10842,15
3395,8221,15
3395,20061,15
3395,22218,15
3409,17653,15
3440,15826,15
3442,9702,15
3448,7869,15
3449,6024,15
3449,13641,15
3459,20556,15
3460,20771,15
3469,20459,15
3471,3500,15
3471,17487,15
3471,19375,15
3476,15174,15
3503,19489,15
3504,5503,15
3504,9833,15
3506,20344,15
3511,10919,15
3513,12561,15
3521,8466,15
3537,15560,15
3537,17563,15
3550,4500,15
3550,9698,15
3554,15574,15
3569,13085,15
3573,12689,15
3574,11760,15
3586,22299,15
3592,11846,15
3597,22415,15
3603,17291,15
3613,7215,15
3615,14493,15
3617,4656,15
3617,11782,15
3632,4327,15
3640,10917,15
3655,4637,15
3666,12496,15
3685,12232,15
3685,13187,15
3685,14774,15
3685,17298,15
3704,21943,15
3705,14542,15
3711,11097,15
3727,5159,15
3749,9664,15
3749,17494,15
3765,7797,15
3793,11579,15
3800,11256,15
3800,11483,15
3814,10350,15
3826,9535,15
3834,17469,15
3870,12385,15
3870,18443,15
3871,18590,15
3883,11920,15
3902,7297,15
3910,17512,15
3924,4442,15
3932,21049,15
3937,6234,15
3937,17419,15
3964,4029,15
3964,11218,15
3966,12244,15
3967,11445,15
3970,16978,15
3987,9182,15
3988,19986,15
3996,18023,15
4009,4386,15
4010,7257,15
4016,20402,15
4021,17725,15
4043,10032,15
4088,15451,15
4095,22466,15
4107,15725,15
4122,6143,15
4127,5471,15
4128,9082,15
4129,19382,15
4129,21528,15
4130,4850,15
4139,20148,15
4148,14751,15
4151,11109,15
4157,14352,15
4171,15802,15
4196,8889,15
4205,11222,15
4215,9806,15
4221,7703,15
4233,4836,15
4288,15751,15
4292,9993,15
4301,8501,15
4304,22347,15
4345,11493,15
4348,9284,15
4361,22247,15
4382,13035,15
4392,12638,15
4398,15236,15
4413,12180,15
4435,22688,15
4438,10597,15
4444,15125,15
4445,5787,15
4448,12402,15
4463,10779,15
4480,11515,15
4491,16094,15
4502,10162,15
4510,7387,15
4539,15498,15
4539,21161,15
4546,13138,15
4563,19208,15
4569,4912,15
4584,18934,15
4586,8203,15
4586,12617,15
4608,7828,15
4610,11453,15
4620,6750,15
4621,20196,15
4621,21483,15
4630,6881,15
4633,9832,15
4633,12465,15
4634,6424,15
4646,12465,15
4651,20840,15
4655,13834,15
4655,20070,15
4659,12881,15
4663,4857,15
4675,8669,15
4682,17472,15
4704,6022,15
4706,10840,15
4717,18755,15
4722,9701,15
4742,6379,15
4747,16263,15
4755,19380,15
4757,7319,15
4757,15529,15
4765,20301,15
4768,20405,15
4770,13656,15
4776,15152,15
4776,21054,15
4803,8502,15
4808,20843,15
4811,16277,15
4811,20344,15
4821,8434,15
4829,20891,15
4833,12291,15
4843,7052,15
4843,8196,15
4843,13659,15
4843,15189,15
4844,5596,15
4853,17621,15
4853,20565,15
4857,5133,15
4858,8144,15
4872,12089,15
4872,14828,15
4877,17629,15
4882,19741,15
4906,8144,15
4907,13088,15
4907,19823,15
4912,4990,15
4924,12445,15
4933,20857,15
4937,5956,15
4945,22089,15
4954,8177,15
4960,12007,15
4964,12405,15
4981,17739,15
4992,19315,15
4996,11149,15
4998,8799,15
4998,18654,15
5034,8139,15
5057,6295,15
5063,6989,15
5066,17346,15
5071,5915,15
5072,17961,15
5075,9443,15
5105,6445,15
5111,18991,15
5125,18313,15
5129,19965,15
5130,20624,15
5133,7371,15
5139,5370,15
5143,5572,15
5159,5370,15
5161,6861,15
5224,9581,15
5230,10984,15
5231,11561,15
5231,17469,15
5238,5842,15
5238,18874,15
5267,8630,15
5287,6925,15
5317,13920,15
5347,9220,15
5349,8833,15
5353,12392,15
5361,22423,15
5384,14160,15
5384,14719,15
5387,11027,15
5388,19052,15
5391,6184,15
5397,12775,15
5413,5770,15
5440,22300,15
5455,7471,15
5461,10023,15
5468,22461,15
5478,6659,15
5482,7899,15
5499,12368,15
5503,11445,15
5510,10335,15
5510,16631,15
5510,20070,15
5531,16402,15
5545,7811,15
5588,15825,15
5589,12169,15
5594,15798,15
5595,17766,15
5595,18959,15
5619,13545,15
5621,11466,15
5625,12367,15
5643,8254,15
5659,20383,15
5678,18819,15
5685,15948,15
5713,8799,15
5719,6531,15
5719,14221,15
5778,8466,15
5790,21733,15
5795,21636,15
5799,20018,15
5799,20937,15
5805,12164,15
5816,7853,15
5816,11430,15
5822,22189,15
5877,21256,15
5915,17609,15
5917,8907,15
5924,10217,15
5931,14744,15
5986,10519,15
6007,22614,15
6011,7353,15
6030,13276,15
6031,8799,15
6035,11513,15
6043,21671,15
6058,8951,15
6065,20665,15
6072,19126,15
6085,17130,15
6085,19314,15
6085,19813,15
6107,6318,15
6119,21633,15
6120,18817,15
6132,10337,15
6168,12793,15
6168,16240,15
6184,18268,15
6197,11868,15
6197,14557,15
6212,10381,15
6216,16911,15
6237,14588,15
6243,22564,15
6254,14408,15
6274,13464,15
6306,11302,15
6306,16880,15
6309,10719,15
6312,8114,15
6312,11854,15
6396,9529,15
6406,21781,15
6423,22449,15
6433,11563,15
6454,12392,15
6459,18182,15
6466,8020,15
6475,8530,15
6483,8103,15
6483,17989,15
6493,7672,15
6499,10663,15
6510,13382,15
6531,7001,15
6534,13131,15
6558,9700,15
6586,9071,15
6595,7050,15
6610,18249,15
6668,16935,15
6674,13448,15
6677,17960,15
6707,20646,15
6738,11561,15
6738,15987,15
6741,10413,15
6750,14919,15
6750,19205,15
6750,19986,15
6769,11121,15
6780,6982,15
6788,9576,15
6814,15512,15
6815,12633,15
6843,11669,15
6844,10471,15
6852,7726,15
6857,16934,15
6859,9935,15
6880,9603,15
6929,15344,15
6966,19652,15
6979,14400,15
6994,16368,15
7004,17745,15
7005,8740,15
7008,7544,15
7010,20681,15
7050,12956,15
7051,14572,15
7053,9788,15
7058,12139,15
7058,13118,15
7066,21786,15
7116,8954,15
7155,10861,15
7180,13007,15
7196,13291,15
7202,11781,15
7218,15237,15
7232,21628,15
7259,14582,15
7263,10499,15
7273,8143,15
7296,10510,15
7296,15992,15
7297,9515,15
7297,12971,15
7301,13405,15
7306,21272,15
7326,10159,15
7336,9581,15
7347,11253,15
7353,11507,15
7353,11576,15
7353,18622,15
7355,13470,15
7355,15072,15
7377,21845,15
7387,21014,15
7389,8275,15
7433,17112,15
7460,10519,15
7477,20851,15
7505,16687,15
7508,14447,15
7548,13992,15
7563,17404,15
7584,12956,15
7603,20685,15
7644,19693,15
7656,15190,15
7673,21148,15
7693,10414,15
7702,13094,15
7707,18230,15
7712,21289,15
7720,16689,15
7743,17949,15
7773,14241,15
7782,22583,15
7785,20140,15
7791,11852,15
7791,14982,15
7818,22143,15
7823,10548,15
7828,19684,15
7831,16578,15
7843,21231,15
7852,22357,15
7866,10810,15
7866,16707,15
7871,13356,15
7874,20799,15
7891,12708,15
7916,9987,15
7962,10708,15
7962,13258,15
7969,20109,15
8000,20930,15
8017,19883,15
8028,16973,15
8034,20756,15
8070,10115,15
8101,19052,15
8106,9333,15
8116,9001,15
8124,11549,15
8131,14525,15
8134,20511,15
8154,16035,15
8154,18667,15
8154,18767,15
8163,15712,15
8172,17335,15
8203,21129,15
8209,20159,15
8221,15463,15
8232,20753,15
8232,22634,15
8236,16324,15
8251,10907,15
8251,14427,15
8284,8380,15
8284,16880,15
8287,19322,15
8302,12222,15
8302,12506,15
8307,10031,15
8319,20080,15
8334,16050,15
8348,21132,15
8354,22352,15
8372,19860,15
8381,16735,15
8390,9166,15
8412,15122,15
8412,22505,15
8419,11793,15
8452,9295,15
8465,18062,15
8498,14964,15
8502,16055,15
8520,14837,15
8520,19265,15
8523,19415,15
8549,17528,15
8557,13448,15
8578,20896,15
8579,18117,15
8602,11597,15
8602,21874,15
8619,15666,15
8630,16862,15
8640,18459,15
8664,21953,15
8666,18066,15
8672,18872,15
8682,17667,15
8685,20507,15
8704,11415,15
8705,10359,15
8705,18150,15
8718,15465,15
8727,10796,15
8738,18266,15
8747,15517,15
8755,12437,15
8755,21483,15
8780,13195,15
8796,20730,15
8828,15186,15
8840,13213,15
8846,16896,15
8850,16627,15
8851,11686,15
8898,16323,15
8910,9870,15
8910,14153,15
8913,22192,15
8970,16644,15
8974,18864,15
9043,21140,15
9059,13289,15
9064,19817,15
9074,12465,15
9092,18278,15
9112,15923,15
9117,16151,15
9117,16707,15
9130,10951,15
9144,10831,15
9152,9761,15
9166,17699,15
9187,16812,15
9191,13438,15
9195,16369,15
9208,20304,15
9212,11976,15
9214,12385,15
9214,20888,15
9220,19973,15
9240,17065,15
9290,11976,15
9304,18280,15
9309,9935,15
9330,10246,15
9345,9399,15
9349,18465,15
9362,20293,15
9367,17669,15
9377,13488,15
9390,9473,15
9421,15072,15
9422,12934,15
9422,13187,15
9430,14752,15
9431,20092,15
9442,19741,15
9475,10379,15
9476,14840,15
9477,13196,15
9509,10111,15
9518,17768,15
9529,14221,15
9534,14913,15
9551,15265,15
9577,19031,15
9579,10391,15
9587,18344,15
9593,20901,15
9603,9951,15
9603,14042,15
9611,11377,15
9627,14857,15
9634,15365,15
9646,19541,15
9651,20538,15
9659,20937,15
9661,10364,15
9671,16417,15
9685,10241,15
9685,10985,15
9689,14045,15
9696,11335,15
9702,12977,15
9720,15738,15
9730,11109,15
9731,21239,15
9735,17621,15
9743,16906,15
9761,10130,15
9769,13598,15
9806,16678,15
9824,11718,15
9825,20089,15
9832,16689,15
9837,20304,15
9851,15940,15
9852,18430,15
9930,14480,15
9957,19898,15
9966,12488,15
9986,10341,15
9987,19591,15
10026,16018,15
10039,22522,15
10055,21733,15
10068,13336,15
10081,22361,15
10086,15703,15
10127,11363,15
10130,15916,15
10152,15656,15
10162,15718,15
10187,12467,15
10208,14652,15
10220,10550,15
10235,22451,15
10243,15206,15
10246,17051,15
10277,10859,15
10284,12385,15
10294,18732,15
10301,11263,15
10314,13563,15
10315,13170,15
10321,13679,15
10345,12376,15
10357,12091,15
10401,17051,15
10405,22678,15
10413,10779,15
10445,22117,15
10451,21633,15
10466,20850,15
10473,18916,15
10489,18185,15
10494,11142,15
10494,18146,15
10499,14899,15
10500,11344,15
10527,19229,15
10528,21048,15
10539,11803,15
10545,12368,15
10546,19322,15
10555,18286,15
10572,12800,15
10572,15083,15
10574,11576,15
10597,19875,15
10601,17270,15
10613,19848,15
10614,14912,15
10704,13304,15
10708,20920,15
10734,22292,15
10773,22312,15
10779,12686,15
10780,14191,15
10827,22253,15
10854,18176,15
10874,10983,15
10887,13596,15
10902,18137,15
10919,11444,15
10919,19446,15
10943,16207,15
10964,14535,15
10967,21781,15
10967,22332,15
10988,12157,15
10988,15261,15
10988,15798,15
10995,21695,15
11005,12351,15
11036,21113,15
11037,14811,15
11057,14548,15
11113,13644,15
11141,19703,15
11168,12878,15
11175,14557,15
11175,16455,15
11206,13088,15
11219,18705,15
11255,18935,15
11279,12033,15
11302,21217,15
11325,16911,15
11325,21394,15
11336,21715,15
11337,19760,15
11361,13002,15
11372,12885,15
11374,15927,15
11374,19269,15
11376,14699,15
11385,15541,15
11395,19853,15
11428,21248,15
11444,11718,15
11444,13273,15
11463,13662,15
11468,20029,15
11505,18631,15
11520,18013,15
11571,14329,15
11592,18280,15
11651,20348,15
11661,12433,15
11673,22011,15
11683,20431,15
11683,20483,15
11700,16978,15
11718,19375,15
11727,13195,15
11756,18773,15
11756,21908,15
11821,14571,15
11821,17839,15
11829,16138,15
11862,20092,15
11875,20304,15
11908,17768,15
11908,20061,15
11961,13455,15
11975,12963,15
12014,21482,15
12015,19559,15
12029,21155,15
12067,13647,15
12081,12674,15
12102,14045,15
12132,21973,15
12139,22449,15
12142,16329,15
12154,14980,15
12163,14837,15
12164,16884,15
12169,20839,15
12171,14248,15
12171,14475,15
12180,22208,15
12183,20122,15
12198,19482,15
12244,15057,15
12244,15938,15
12250,19415,15
12257,21713,15
12279,21584,15
12313,17378,15
12316,17152,15
12339,20384,15
12342,15990,15
12348,21184,15
12368,17064,15
12374,13811,15
12397,17659,15
12397,21554,15
12405,19178,15
12423,16725,15
12437,20480,15
12442,19881,15
12518,14639,15
12573,14088,15
12580,21727,15
12639,17383,15
12645,21129,15
12648,20122,15
12686,18566,15
12686,21321,15
12718,16179,15
12811,17669,15
12811,21216,15
12817,18907,15
12821,17899,15
12837,19359,15
12851,19323,15
12864,20200,15
12875,13504,15
12904,13282,15
12904,15637,15
12908,15719,15
12917,13289,15
12924,21828,15
12930,15720,15
12932,15817,15
12944,16862,15
12970,14589,15
12972,22591,15
13005,20648,15
13010,17343,15
13013,19907,15
13058,20411,15
13096,19212,15
13098,18936,15
13104,22278,15
13111,13455,15
13114,19413,15
13154,15463,15
13165,20149,15
13176,14938,15
13199,21080,15
13208,14982,15
13227,20370,15
13249,21468,15
13261,15529,15
13268,17162,15
13268,18286,15
13273,21169,15
13304,19329,15
13317,14785,15
13402,15467,15
13411,21610,15
13414,16557,15
13446,18800,15
13472,17339,15
13490,21870,15
13521,21074,15
13540,21336,15
13546,18323,15
13554,15448,15
13565,18459,15
13587,19186,15
13637,20879,15
13655,18566,15
13696,15557,15
13732,19503,15
13767,20823,15
13772,14233,15
13783,19683,15
13783,20070,15
13783,21080,15
13863,20964,15
13875,22594,15
13886,16415,15
13965,22621,15
14027,19084,15
14049,15887,15
14070,14116,15
14144,17287,15
14207,17366,15
14221,21610,15
14234,18627,15
14253,19486,15
14284,17713,15
14288,22122,15
14316,16511,15
14395,20820,15
14408,17693,15
14413,22587,15
14433,21767,15
14436,14774,15
14438,21239,15
14464,20404,15
14467,19063,15
14481,21001,15
14496,15550,15
14508,18239,15
14518,18711,15
14547,17669,15
14571,21940,15
14583,18681,15
14588,15041,15
14623,22218,15
14625,20556,15
14652,15938,15
14669,19109,15
14690,16447,15
14690,21908,15
14751,16430,15
14753,15514,15
14753,16631,15
14753,18682,15
14766,16032,15
14774,22346,15
14831,20518,15
14832,16028,15
14868,22424,15
14906,15418,15
14908,15366,15
14908,18259,15
14949,15874,15
14949,17404,15
14949,22204,15
15045,16073,15
15083,15465,15
15134,21857,15
15152,17036,15
15152,21084,15
15152,22430,15
15176,20230,15
15228,15509,15
15236,19441,15
15254,22572,15
15261,20424,15
15294,18796,15
15338,20969,15
15372,17568,15
15394,17331,15
15408,17805,15
15418,16084,15
15460,21365,15
15473,16994,15
15486,18074,15
15541,16985,15
15583,21657,15
15622,16853,15
15622,20195,15
15647,16231,15
15725,22576,15
15825,17147,15
15875,17376,15
15904,20114,15
16010,16692,15
16056,16504,15
16079,16506,15
16125,22227,15
16145,20565,15
16151,17653,15
16151,21884,15
16207,21937,15
16224,17316,15
16263,20164,15
16276,21308,15
16303,19314,15
16303,22573,15
16350,16567,15
16353,21459,15
16380,22141,15
16455,22133,15
16490,22319,15
16499,16840,15
16505,18954,15
16562,17135,15
16720,22611,15
16730,18633,15
16799,21562,15
16812,19872,15
16813,20042,15
16963,17364,15
17009,19421,15
17018,17051,15
17018,22255,15
17082,17319,15
17097,20446,15
17125,22398,15
17142,21795,15
17162,19836,15
17242,19790,15
17245,20450,15
17264,17404,15
17273,22033,15
17277,17387,15
17277,18627,15
17311,18536,15
17346,19730,15
17346,20111,15
17382,17781,15
17397,19777,15
17416,19359,15
17461,18874,15
17480,21373,15
17515,19299,15
17537,20535,15
17560,17681,15
17568,20128,15
17572,18752,15
17648,20790,15
17714,19573,15
17763,20025,15
17812,20946,15
17816,22417,15
17864,20028,15
17897,22610,15
17986,22498,15
18067,21373,15
18153,21866,15
18239,19463,15
18316,19265,15
18325,22268,15
18566,21132,15
18660,20307,15
18724,22192,15
18732,19314,15
18738,19068,15
18771,20701,15
18786,21845,15
18799,21038,15
18853,22265,15
18896,21231,15
19132,21985,15
19133,19625,15
19178,19340,15
19220,19929,15
19278,20852,15
19324,22454,15
19359,19792,15
19439,21528,15
19452,20416,15
19578,21605,15
19633,20518,15
19652,21231,15
19716,22218,15
19766,22122,15
19774,22583,15
19792,21865,15
19797,20693,15
19903,21383,15
19950,20740,15
19951,21504,15
19969,21986,15
20109,20150,15
20114,21459,15
20158,22118,15
20196,20504,15
20200,21805,15
20213,22441,15
20518,22520,15
20547,21410,15
20620,22441,15
20631,21951,15
20645,22108,15
20646,22621,15
20787,22039,15
21054,22202,15
21189,21219,15
21224,21940,15
21285,21322,15
21348,21538,15
21756,22225,15
8,8257,16
10,3044,16
48,16145,16
49,3102,16
76,17796,16
81,1252,16
92,5706,16
96,18067,16
103,20727,16
117,5892,16
118,22141,16
121,12363,16
151,10033,16
151,17989,16
163,9933,16
163,17667,16
184,17531,16
190,13581,16
210,8960,16
219,4706,16
219,7534,16
224,22534,16
231,3449,16
235,7092,16
254,4288,16
254,12183,16
254,13849,16
264,22028,16
278,6366,16
280,8058,16
280,22583,16
307,11530,16
307,16344,16
311,12521,16
311,20739,16
313,9045,16
314,17487,16
318,7416,16
319,12739,16
325,2227,16
332,15995,16
345,21074,16
348,5787,16
354,5878,16
382,19581,16
386,1525,16
393,19453,16
398,8721,16
401,15176,16
417,17404,16
417,19391,16
422,5440,16
429,6420,16
438,8737,16
439,17778,16
449,1319,16
449,15309,16
458,9747,16
460,652,16
466,6502,16
486,9808,16
490,9631,16
494,20576,16
501,5499,16
502,2301,16
520,11006,16
520,15497,16
520,17484,16
529,2905,16
531,12517,16
531,17626,16
546,20122,16
546,22011,16
556,1604,16
571,9143,16
577,3407,16
587,10609,16
590,5133,16
590,6758,16
590,8974,16
590,10919,16
595,22674,16
665,17162,16
665,20344,16
675,14848,16
678,22523,16
680,911,16
684,5938,16
690,14739,16
696,10246,16
712,14727,16
729,14982,16
730,3924,16
730,15780,16
744,818,16
748,5467,16
755,17064,16
775,2000,16
775,2046,16
787,21818,16
789,17052,16
789,21289,16
789,22253,16
804,4369,16
811,2180,16
811,6957,16
812,19870,16
822,19095,16
837,15927,16
843,1161,16
844,5719,16
848,19510,16
848,20149,16
866,3032,16
866,11255,16
873,14738,16
877,18682,16
883,13348,16
883,22449,16
887,8699,16
901,19056,16
902,6924,16
905,16511,16
913,6595,16
914,1807,16
922,20149,16
927,14589,16
957,1869,16
957,21440,16
991,12929,16
997,6634,16
997,20061,16
1015,5231,16
1037,3437,16
1037,12394,16
1046,8487,16
1065,10587,16
1081,4363,16
1132,2087,16
1136,20582,16
1137,7727,16
1141,4754,16
1143,10528,16
1144,16678,16
1144,19929,16
1146,2589,16
1146,8058,16
1146,9941,16
1152,8790,16
1161,5229,16
1161,9960,16
1161,15513,16
1161,16321,16
1162,21591,16
1173,15176,16
1196,14160,16
1222,19633,16
1229,16884,16
1229,18033,16
1230,3121,16
1231,13094,16
1231,18438,16
1232,18257,16
1250,12811,16
1258,4754,16
1258,8342,16
1292,13789,16
1309,8161,16
1309,20076,16
1317,11253,16
1319,12411,16
1332,8879,16
1354,19186,16
1392,18393,16
1396,6449,16
1405,2506,16
1409,16257,16
1417,1990,16
1426,12645,16
1426,19149,16
1435,12117,16
1437,20344,16
1471,17080,16
1488,19279,16
1491,12976,16
1492,2472,16
1493,12169,16
1507,16192,16
1524,20302,16
1530,14444,16
1552,10339,16
1554,4706,16
1564,18300,16
1578,11048,16
1578,12349,16
1587,13291,16
1609,7796,16
1609,10972,16
1609,15418,16
1616,7713,16
1616,11862,16
1626,8801,16
1631,10987,16
1651,4295,16
1651,10812,16
1667,9551,16
1675,6503,16
1677,12198,16
1678,7128,16
1694,7513,16
1694,15176,16
1697,17606,16
1716,19841,16
1723,2571,16
1723,21394,16
1727,12674,16
1727,16258,16
1748,7963,16
1748,19382,16
1757,15798,16
1774,8802,16
1783,13199,16
1797,7644,16
1800,15841,16
1806,2200,16
1807,17537,16
1813,9548,16
1828,14919,16
1830,7001,16
1830,12046,16
1831,11913,16
1834,10135,16
1848,3825,16
1856,11255,16
1869,15176,16
1878,14510,16
1885,7751,16
1893,14313,16
1894,20276,16
1900,8799,16
1901,12102,16
1917,10706,16
1917,18090,16
1932,6668,16
1948,5879,16
1948,6353,16
1953,20693,16
1970,5594,16
1972,5864,16
1982,20113,16
1984,2195,16
2003,21415,16
2005,21530,16
2013,21267,16
2022,15176,16
2023,2781,16
2023,9686,16
2023,15344,16
2023,17068,16
2024,2841,16
2031,2319,16
2036,8270,16
2085,19359,16
2094,15574,16
2095,2973,16
2111,9053,16
2119,18183,16
2120,8652,16
2123,21420,16
2131,5040,16
2131,13036,16
2132,3156,16
2132,12220,16
2142,8574,16
2148,7779,16
2150,15390,16
2163,13791,16
2170,8738,16
2177,20663,16
2180,4831,16
2180,15185,16
2184,16193,16
2200,18459,16
2204,13206,16
2216,4233,16
2216,16344,16
2226,22334,16
2227,11821,16
2227,19239,16
2227,19783,16
2239,16385,16
2255,20480,16
2262,15440,16
2293,14317,16
2295,12296,16
2313,16417,16
2327,5361,16
2333,4701,16
2333,9035,16
2339,17884,16
2342,20238,16
2394,17537,16
2394,20994,16
2427,4171,16
2427,5619,16
2433,5175,16
2435,8858,16
2471,4942,16
2471,8950,16
2476,20286,16
2479,20518,16
2493,15241,16
2498,5878,16
2498,8168,16
2515,11669,16
2524,12650,16
2536,10885,16
2536,13035,16
2552,20111,16
2553,18643,16
2563,11333,16
2566,12967,16
2571,9415,16
2571,18465,16
2571,18874,16
2573,6729,16
2573,20450,16
2581,16447,16
2586,13282,16
2614,15867,16
2632,2690,16
2632,15948,16
2661,4286,16
2663,20155,16
2664,15927,16
2673,6324,16
2674,8123,16
2708,20787,16
2709,22430,16
2715,14424,16
2717,15950,16
2751,22592,16
2762,10988,16
2772,8658,16
2778,4767,16
2794,7319,16
2808,19152,16
2815,4809,16
2819,20718,16
2841,12014,16
2841,21814,16
2845,4451,16
2856,7611,16
2862,11057,16
2870,8407,16
2871,18257,16
2900,10912,16
2900,17416,16
2905,8490,16
2912,5485,16
2913,18616,16
2918,15225,16
2927,7135,16
2931,9769,16
2931,18433,16
2949,21639,16
2950,22156,16
2960,19693,16
2961,16753,16
2974,20762,16
2995,16674,16
3002,16380,16
3015,8820,16
3037,16527,16
3044,16353,16
3053,18943,16
3070,6793,16
3070,10907,16
3077,18433,16
3080,14811,16
3143,15176,16
3145,20702,16
3146,11005,16
3156,6498,16
3160,6421,16
3171,21285,16
3177,15788,16
3185,9856,16
3185,20843,16
3201,4193,16
3201,17680,16
3201,22307,16
3220,12749,16
3226,3248,16
3248,5105,16
3274,20448,16
3304,14707,16
3360,16326,16
3380,17739,16
3396,15206,16
3397,3775,16
3421,4610,16
3421,11877,16
3421,19764,16
3436,7498,16
3436,9832,16
3439,17387,16
3439,18067,16
3439,19102,16
3439,22441,16
3442,5719,16
3464,12078,16
3471,12081,16
3472,13393,16
3477,17648,16
3487,6174,16
3493,5422,16
3495,16096,16
3501,4852,16
3503,19612,16
3506,20034,16
3521,9986,16
3535,7353,16
3535,20034,16
3550,8974,16
3551,11633,16
3564,18611,16
3572,19398,16
3574,11715,16
3586,20061,16
3595,7713,16
3596,5191,16
3601,14792,16
3603,16115,16
3607,16427,16
3607,18349,16
3608,6234,16
3620,5532,16
3623,12511,16
3625,6853,16
3646,18773,16
3647,22378,16
3687,8349,16
3692,5251,16
3705,6361,16
3705,14964,16
3728,9485,16
3747,14769,16
3756,13610,16
3774,14239,16
3777,9127,16
3777,14103,16
3793,15179,16
3800,9240,16
3800,17215,16
3807,22424,16
3837,6582,16
3837,15768,16
3838,8580,16
3844,16485,16
3849,8214,16
3857,11530,16
3865,10575,16
3866,8184,16
3870,11487,16
3889,20538,16
3894,15045,16
3897,14707,16
3925,6428,16
3928,21239,16
3939,19813,16
3939,20405,16
3948,8344,16
3964,5735,16
3965,22661,16
3966,4682,16
3966,9603,16
3967,7853,16
3973,9939,16
3985,15445,16
3987,11619,16
3993,8209,16
3997,4263,16
4027,20364,16
4029,5798,16
4029,18380,16
4040,8272,16
4042,21499,16
4054,21276,16
4057,12769,16
4077,22071,16
4080,10719,16
4092,4855,16
4121,13787,16
4128,8260,16
4129,11756,16
4134,14160,16
4140,4645,16
4156,11469,16
4157,20486,16
4159,22085,16
4171,6668,16
4188,5499,16
4188,14587,16
4193,11908,16
4195,13679,16
4197,15096,16
4201,21797,16
4211,15211,16
4230,9176,16
4230,12960,16
4244,14727,16
4255,13801,16
4255,22682,16
4265,12430,16
4275,11539,16
4286,10413,16
4288,12800,16
4293,8549,16
4295,14773,16
4303,19524,16
4304,10479,16
4304,10943,16
4304,18298,16
4310,6106,16
4350,6490,16
4355,19314,16
4363,4703,16
4375,15927,16
4400,8106,16
4401,6853,16
4425,20893,16
4435,22368,16
4441,6231,16
4445,12562,16
4445,18293,16
4445,22441,16
4455,17272,16
4480,12686,16
4488,19845,16
4531,7476,16
4546,8913,16
4580,10501,16
4586,10510,16
4603,22366,16
4610,4779,16
4610,13085,16
4610,22292,16
4620,18893,16
4621,14980,16
4626,21740,16
4629,21074,16
4634,20972,16
4655,5224,16
4660,20671,16
4663,5289,16
4663,6957,16
4663,13490,16
4668,22383,16
4682,6787,16
4682,20969,16
4703,10489,16
4706,16636,16
4722,19287,16
4742,21814,16
4777,8260,16
4815,11376,16
4829,20018,16
4843,5002,16
4843,5384,16
4853,7434,16
4857,19986,16
4859,9888,16
4859,12843,16
4859,13208,16
4868,14285,16
4882,21132,16
4885,12543,16
4886,5460,16
4890,13653,16
4899,21937,16
4905,16350,16
4945,12627,16
4945,17856,16
4955,20731,16
4957,10808,16
4964,9082,16
4964,9290,16
4964,11597,16
4976,17142,16
5010,10977,16
5011,19341,16
5017,17422,16
5033,9304,16
5035,14764,16
5036,18132,16
5072,7669,16
5072,12874,16
5077,17147,16
5077,20457,16
5084,17069,16
5095,8288,16
5098,13340,16
5133,16506,16
5148,21950,16
5149,21768,16
5159,7377,16
5159,18286,16
5172,22469,16
5194,16756,16
5194,22554,16
5196,14074,16
5197,15784,16
5214,14459,16
5221,6298,16
5222,7416,16
5222,12892,16
5235,8130,16
5235,16214,16
5236,12321,16
5242,14135,16
5249,19068,16
5249,22039,16
5258,18145,16
5258,18463,16
5258,21129,16
5262,7829,16
5267,18232,16
5273,14989,16
5274,20490,16
5276,9215,16
5280,15848,16
5282,19718,16
5285,12433,16
5285,18500,16
5317,16715,16
5347,10474,16
5347,10476,16
5347,21323,16
5352,7069,16
5365,7644,16
5365,12971,16
5370,16546,16
5422,19068,16
5432,5646,16
5440,13684,16
5452,9085,16
5456,14889,16
5461,10393,16
5461,19292,16
5482,5786,16
5486,22362,16
5499,7517,16
5499,8685,16
5528,13572,16
5539,18461,16
5547,19690,16
5550,7199,16
5566,9687,16
5586,7213,16
5588,22268,16
5589,13153,16
5596,19627,16
5599,10301,16
5615,10352,16
5615,19199,16
5621,13213,16
5638,21948,16
5640,21171,16
5647,12370,16
5648,21981,16
5649,16005,16
5655,10370,16
5655,11394,16
5687,15269,16
5694,8476,16
5699,19384,16
5703,6197,16
5718,8638,16
5719,6510,16
5719,15514,16
5762,13312,16
5769,13545,16
5778,6129,16
5786,5820,16
5786,12346,16
5787,7578,16
5788,10569,16
5799,9483,16
5799,14710,16
5835,8699,16
5835,14036,16
5847,11496,16
5858,12244,16
5877,9220,16
5878,13551,16
5900,9698,16
5931,14572,16
5935,15712,16
5942,21827,16
5959,15677,16
5963,17633,16
5983,10882,16
5988,6750,16
5988,15460,16
5995,21066,16
5999,12575,16
5999,16225,16
6008,9651,16
6008,11857,16
6011,12955,16
6013,11908,16
6024,21459,16
6036,9637,16
6057,10118,16
6071,8144,16
6086,21306,16
6096,15103,16
6129,6946,16
6136,12231,16
6164,14415,16
6171,10738,16
6183,11928,16
6184,18907,16
6196,18280,16
6217,13679,16
6220,14458,16
6231,13165,16
6237,11561,16
6237,21769,16
6239,20692,16
6254,17561,16
6270,8281,16
6274,13384,16
6298,7460,16
6303,7051,16
6303,16917,16
6306,17387,16
6313,13808,16
6316,8557,16
6379,21341,16
6406,7283,16
6406,15798,16
6415,17609,16
6415,22486,16
6421,7485,16
6441,16317,16
6448,14453,16
6449,20038,16
6458,6734,16
6458,9634,16
6489,15661,16
6493,21960,16
6498,8302,16
6499,20014,16
6502,12971,16
6505,21584,16
6510,19813,16
6511,16352,16
6526,9437,16
6531,11685,16
6531,22407,16
6571,12387,16
6584,8110,16
6587,15167,16
6590,8466,16
6590,12885,16
6590,22060,16
6603,17311,16
6614,21989,16
6615,11219,16
6634,15981,16
6634,21031,16
6639,20105,16
6661,19105,16
6667,21265,16
6668,11255,16
6668,12365,16
6670,8406,16
6680,22678,16
6690,21662,16
6701,7885,16
6702,12969,16
6707,6741,16
6712,7004,16
6734,9861,16
6737,11530,16
6738,15716,16
6738,22164,16
6741,14769,16
6741,22218,16
6750,10967,16
6750,22215,16
6771,17570,16
6773,14478,16
6784,8850,16
6787,7866,16
6787,21884,16
6799,22428,16
6807,14048,16
6811,9357,16
6844,19330,16
6866,8333,16
6866,20348,16
6875,9725,16
6881,18979,16
6892,12718,16
6911,13249,16
6911,18773,16
6919,9971,16
6927,20470,16
6946,21270,16
6953,10140,16
6958,12309,16
6959,20843,16
6975,7563,16
6975,14939,16
6992,12136,16
6996,12892,16
7050,13194,16
7052,20200,16
7063,22601,16
7114,16403,16
7136,14317,16
7139,20092,16
7150,7669,16
7151,14308,16
7164,18249,16
7174,8528,16
7196,19960,16
7224,21936,16
7228,11513,16
7257,13783,16
7261,12183,16
7279,13329,16
7304,11576,16
7306,9098,16
7326,12887,16
7330,18132,16
7331,7866,16
7335,14589,16
7353,21568,16
7354,17537,16
7355,10388,16
7358,9331,16
7358,15981,16
7364,16504,16
7369,7828,16
7371,15151,16
7383,20486,16
7391,20864,16
7393,10781,16
7399,19845,16
7400,10827,16
7402,8613,16
7402,22383,16
7418,9725,16
7434,11257,16
7459,12392,16
7460,16033,16
7471,19721,16
7472,11752,16
7477,11493,16
7477,19180,16
7488,14928,16
7490,10576,16
7516,19244,16
7518,19845,16
7528,14279,16
7532,22133,16
7565,9832,16
7570,13329,16
7574,15626,16
7583,13733,16
7604,13923,16
7634,18492,16
7640,15574,16
7647,15382,16
7654,13365,16
7663,11482,16
7663,12397,16
7682,22467,16
7701,15780,16
7713,17487,16
7718,18104,16
7782,14031,16
7790,8346,16
7791,9239,16
7796,9172,16
7806,15708,16
7810,8460,16
7840,9330,16
7843,12793,16
7867,19255,16
7869,21679,16
7903,13574,16
7913,11839,16
7935,11304,16
7964,22164,16
7994,17763,16
7994,22582,16
8009,17897,16
8015,22071,16
8034,13273,16
8038,19977,16
8044,18738,16
8056,8672,16
8067,18487,16
8097,13482,16
8103,15483,16
8125,13197,16
8133,21979,16
8154,10500,16
8163,10919,16
8163,15746,16
8163,15906,16
8163,20682,16
8174,21051,16
8197,16195,16
8203,14088,16
8212,11048,16
8221,16689,16
8224,13013,16
8232,10118,16
8236,10104,16
8251,11690,16
8253,20156,16
8266,22376,16
8271,19731,16
8275,16375,16
8284,13384,16
8302,21054,16
8320,17693,16
8325,9330,16
8325,14979,16
8354,14428,16
8354,15390,16
8354,20402,16
8354,22346,16
8357,9020,16
8360,13348,16
8362,12558,16
8364,20076,16
8381,19750,16
8381,20005,16
8407,9978,16
8408,8984,16
8424,15815,16
8445,8713,16
8448,15217,16
8465,19821,16
8475,12645,16
8487,21311,16
8490,12883,16
8502,17679,16
8502,19205,16
8502,20527,16
8524,17079,16
8533,14598,16
8545,10988,16
8545,17690,16
8581,14824,16
8587,16745,16
8591,20554,16
8603,19055,16
8613,22122,16
8617,17856,16
8629,9172,16
8630,15953,16
8636,20424,16
8640,11769,16
8649,21751,16
8662,19131,16
8666,13678,16
8673,9777,16
8682,10956,16
8685,17387,16
8736,13095,16
8740,13020,16
8767,13964,16
8783,15995,16
8799,21675,16
8800,19045,16
8801,21203,16
8810,15149,16
8851,21080,16
8854,15111,16
8854,18024,16
8879,19647,16
8890,11387,16
8927,12325,16
8948,18100,16
8953,11457,16
8965,9190,16
8985,19325,16
8998,16836,16
9035,15780,16
9043,12609,16
9053,18074,16
9053,20402,16
9053,20552,16
9054,22441,16
9060,19693,16
9085,17346,16
9106,19479,16
9118,12294,16
9142,18191,16
9144,11437,16
9161,21379,16
9172,17079,16
9177,10106,16
9180,10115,16
9211,14609,16
9220,12908,16
9240,19312,16
9244,15323,16
9246,9295,16
9269,14623,16
9269,18154,16
9290,19359,16
9297,22329,16
9306,12245,16
9328,21640,16
9382,10718,16
9391,9933,16
9405,22047,16
9412,21557,16
9421,15269,16
9435,11482,16
9436,13946,16
9455,18404,16
9455,21884,16
9464,11498,16
9481,17190,16
9505,20714,16
9515,15817,16
9529,9933,16
9531,19189,16
9539,10626,16
9548,17688,16
9564,12198,16
9565,11436,16
9571,21069,16
9574,20381,16
9584,20674,16
9592,13138,16
9605,21704,16
9627,11061,16
9627,18452,16
9627,20307,16
9628,16010,16
9639,17842,16
9661,16728,16
9671,13790,16
9678,16129,16
9680,14027,16
9682,18768,16
9701,14213,16
9702,11335,16
9702,14557,16
9702,19359,16
9713,11635,16
9750,15950,16
9759,14082,16
9765,11907,16
9768,18399,16
9806,13022,16
9825,21226,16
9833,14924,16
9844,12853,16
9870,16663,16
9885,12459,16
9945,19613,16
9947,10336,16
9951,12843,16
9951,15374,16
9966,15990,16
9986,20554,16
9986,22641,16
9987,19986,16
9992,22215,16
10002,10649,16
10015,17070,16
10015,18771,16
10031,11483,16
10039,20666,16
10039,22594,16
10069,20072,16
10098,11703,16
10135,18682,16
10147,16403,16
10152,10572,16
10194,18323,16
10208,15463,16
10230,20687,16
10233,18187,16
10252,22033,16
10277,17508,16
10289,17277,16
10301,21724,16
10314,17484,16
10316,21368,16
10379,19212,16
10383,19664,16
10414,16562,16
10458,11051,16
10458,21239,16
10479,18280,16
10490,15585,16
10500,17688,16
10503,16336,16
10528,14653,16
10528,19510,16
10528,21669,16
10528,21707,16
10566,12216,16
10567,14535,16
10568,14913,16
10601,14054,16
10606,11059,16
10606,14980,16
10639,19497,16
10648,20185,16
10652,14607,16
10667,17909,16
10682,10686,16
10694,12689,16
10721,21958,16
10737,21292,16
10793,22225,16
10809,13141,16
10810,18870,16
10812,17407,16
10827,22573,16
10831,12611,16
10837,14840,16
10842,10949,16
10858,21724,16
10911,15265,16
10919,19510,16
10953,20714,16
10959,20159,16
10972,12294,16
10972,17595,16
10988,17718,16
10996,14980,16
11005,16455,16
11011,17540,16
11048,14652,16
11069,22283,16
11072,11793,16
11098,17978,16
11105,20677,16
11109,20435,16
11140,20620,16
11149,19212,16
11187,15918,16
11213,21763,16
11217,11374,16
11218,13160,16
11269,15169,16
11333,16634,16
11382,17863,16
11383,16786,16
11394,16263,16
11394,17871,16
11395,21696,16
11404,22117,16
11453,22624,16
11463,18721,16
11466,12081,16
11482,20474,16
11487,13794,16
11489,13842,16
11499,22391,16
11507,21696,16
11521,22548,16
11561,21290,16
11563,21073,16
11566,15038,16
11567,20227,16
11592,21070,16
11598,14797,16
11636,19189,16
11660,11941,16
11669,21723,16
11676,17675,16
11684,21635,16
11686,19220,16
11686,20230,16
11689,16179,16
11703,20542,16
11707,19290,16
11715,17897,16
11715,22011,16
11752,21655,16
11763,21212,16
11769,20554,16
11782,20727,16
11803,15851,16
11820,21383,16
11831,14048,16
11839,14074,16
11852,20888,16
11862,18058,16
11876,12567,16
11888,19019,16
11895,14775,16
11898,13713,16
11908,19718,16
11912,12169,16
11946,12573,16
11952,18129,16
11968,22226,16
11976,14572,16
11991,20358,16
11993,22303,16
12001,14020,16
12001,15017,16
12009,19339,16
12024,15848,16
12046,19716,16
12046,20969,16
12051,13938,16
12064,16205,16
12089,22649,16
12095,17345,16
12099,16880,16
12102,20159,16
12133,20703,16
12133,22643,16
12150,14652,16
12152,13519,16
12154,22133,16
12163,22583,16
12167,15827,16
12191,12449,16
12202,20041,16
12203,18340,16
12289,22017,16
12301,16786,16
12308,13291,16
12316,16688,16
12324,22610,16
12339,19314,16
12363,15574,16
12363,19705,16
12376,15366,16
12394,22521,16
12476,13875,16
12481,17595,16
12494,13148,16
12517,15780,16
12558,22218,16
12573,14339,16
12578,18430,16
12578,18786,16
12586,21121,16
12624,21428,16
12626,20487,16
12626,22110,16
12629,12977,16
12663,18257,16
12674,21217,16
12717,18028,16
12775,20529,16
12797,22198,16
12840,19133,16
12892,16821,16
12892,19873,16
12921,15114,16
12924,17845,16
12948,18721,16
12977,17036,16
12978,22334,16
12994,14588,16
13022,13849,16
13022,20894,16
13035,14395,16
13035,17213,16
13035,17653,16
13091,14925,16
13094,16651,16
13101,22348,16
13118,13684,16
13123,21432,16
13138,17162,16
13145,13840,16
13147,17004,16
13162,22557,16
13171,16654,16
13184,14036,16
13191,21554,16
13195,13402,16
13199,16033,16
13199,20611,16
13206,19463,16
13249,15057,16
13258,18785,16
13289,18280,16
13291,17005,16
13293,13875,16
13348,22592,16
13358,22202,16
13374,15034,16
13374,17770,16
13386,17202,16
13400,20381,16
13402,19375,16
13404,19471,16
13472,21347,16
13479,14769,16
13486,14027,16
13535,13972,16
13545,20122,16
13557,15100,16
13603,15190,16
13705,17322,16
13793,15932,16
13794,18934,16
13805,17575,16
13832,16353,16
13834,15916,16
13834,22280,16
13866,22292,16
13872,21142,16
13873,16527,16
13904,22204,16
13977,15990,16
13987,14434,16
13991,22006,16
14025,18024,16
14029,15904,16
14042,15384,16
14068,15644,16
14116,18154,16
14141,21765,16
14160,21435,16
14210,18266,16
14210,20930,16
14231,15983,16
14231,21908,16
14241,17887,16
14279,20508,16
14300,19243,16
14329,16164,16
14353,18487,16
14367,17946,16
14370,15270,16
14371,18310,16
14371,22360,16
14400,21239,16
14436,19205,16
14438,19647,16
14446,17005,16
14506,22629,16
14522,19169,16
14549,16745,16
14583,22557,16
14588,19510,16
14624,18488,16
14633,15509,16
14674,21068,16
14699,15387,16
14699,19885,16
14699,20559,16
14707,17327,16
14713,19107,16
14719,15514,16
14751,19927,16
14779,20159,16
14834,21045,16
14871,16132,16
14879,19028,16
14886,15935,16
14899,20826,16
14920,15543,16
14928,18096,16
14967,18769,16
14978,15093,16
14992,15434,16
15004,17185,16
15041,19178,16
15057,17190,16
15072,21312,16
15110,22360,16
15123,18428,16
15128,15502,16
15128,17693,16
15151,19820,16
15173,15927,16
15173,18661,16
15228,15384,16
15307,20353,16
15338,20687,16
15344,15583,16
15356,21177,16
15366,17346,16
15445,17774,16
15445,22253,16
15465,21289,16
15467,16125,16
15486,19705,16
15513,16553,16
15541,16172,16
15550,19445,16
15556,17082,16
15564,17419,16
15594,17915,16
15647,16051,16
15661,17964,16
15681,18203,16
15693,21136,16
15715,15750,16
15727,22204,16
15739,18932,16
15759,21528,16
15798,18280,16
15837,20620,16
15860,16050,16
15866,19057,16
15916,17215,16
15916,20590,16
15927,19853,16
15951,17461,16
15953,21169,16
16051,16631,16
16130,20416,16
16138,22280,16
16154,21776,16
16179,19068,16
16179,19683,16
16207,20381,16
16207,20584,16
16214,17176,16
16223,18185,16
16233,17771,16
16233,21552,16
16277,20041,16
16287,16295,16
16305,19591,16
16326,22506,16
16326,22594,16
16354,21874,16
16374,16640,16
16375,16674,16
16385,17419,16
16391,21640,16
16392,18768,16
16455,19114,16
16485,19801,16
16490,18090,16
16507,22257,16
16535,18387,16
16592,20727,16
16654,21856,16
16675,16975,16
16688,18721,16
16688,18893,16
16740,18345,16
16755,18661,16
16755,21640,16
16757,20147,16
16776,18368,16
16818,21084,16
16819,20053,16
16880,20603,16
16881,19079,16
16911,19980,16
17079,20102,16
17079,20456,16
17201,17903,16
17224,21072,16
17250,20308,16
17251,21718,16
17256,20307,16
17264,17725,16
17277,18969,16
17286,19439,16
17387,22039,16
17393,20397,16
17407,19312,16
17416,17700,16
17441,19382,16
17461,17547,16
17461,21937,16
17478,21724,16
17483,22664,16
17537,21132,16
17550,21132,16
17621,21780,16
17689,18652,16
17718,20590,16
17748,18549,16
17842,21884,16
17846,18587,16
17864,21640,16
17887,19693,16
17915,17946,16
17941,22134,16
17978,18460,16
17988,21082,16
18015,20420,16
18041,18990,16
18055,21185,16
18075,21696,16
18101,18130,16
18117,20315,16
18154,18183,16
18173,21920,16
18298,22632,16
18305,21874,16
18325,22124,16
18328,21285,16
18366,22398,16
18430,19718,16
18461,20041,16
18465,22218,16
18531,19639,16
18536,19907,16
18566,20217,16
18583,20140,16
18593,21391,16
18620,19452,16
18671,20480,16
18699,19957,16
18717,19612,16
18751,21006,16
18755,21733,16
18773,20559,16
18776,19541,16
18796,21904,16
18811,22582,16
18870,20554,16
18893,19633,16
18930,21672,16
18935,22069,16
18963,19538,16
19068,22449,16
19072,22520,16
19172,22537,16
19208,20976,16
19244,19821,16
19267,21598,16
19312,21306,16
19386,20611,16
19406,19904,16
19415,19559,16
19458,20821,16
19517,21311,16
19545,21791,16
19612,19633,16
19621,21733,16
19667,20862,16
19677,20712,16
19683,22158,16
19691,19917,16
19764,20480,16
19765,21614,16
19772,20518,16
19797,20576,16
20021,20572,16
20061,20344,16
20147,20201,16
20212,21640,16
20272,22188,16
20344,21793,16
20344,22319,16
20383,21276,16
20420,20422,16
20523,22314,16
20554,22011,16
20557,22607,16
20578,22320,16
20583,21667,16
20603,21832,16
20687,21321,16
20750,21600,16
20976,22550,16
20987,21371,16
21041,22411,16
21226,21884,16
21304,21439,16
21311,21899,16
21512,22189,16
21535,21790,16
21557,22029,16
21631,21807,16
21637,21920,16
21899,22430,16
22040,22110,16
22089,22133,16
6,6448,17
44,14130,17
48,5798,17
86,19042,17
90,17432,17
100,9601,17
103,12394,17
103,12674,17
111,11513,17
113,1342,17
132,19689,17
136,11025,17
139,1265,17
140,21541,17
163,8284,17
172,7831,17
173,16233,17
174,17553,17
198,1651,17
213,21359,17
227,16420,17
228,1437,17
228,4243,17
236,12710,17
239,17488,17
254,6758,17
254,13165,17
256,21250,17
257,12210,17
265,9620,17
266,7963,17
280,609,17
280,5492,17
284,7779,17
299,9639,17
301,16445,17
313,567,17
323,17468,17
332,2808,17
345,2072,17
345,13065,17
348,460,17
349,18322,17
362,12451,17
373,2276,17
373,9481,17
374,22666,17
391,6197,17
394,22202,17
395,10061,17
407,12962,17
417,2262,17
422,21217,17
429,6295,17
433,6646,17
438,19107,17
458,9697,17
462,6727,17
467,2195,17
479,16622,17
484,4663,17
494,719,17
518,8354,17
518,11521,17
518,14042,17
518,14982,17
540,20650,17
546,20366,17
556,3725,17
566,19261,17
571,21493,17
587,20070,17
590,2487,17
590,4899,17
595,21468,17
603,17142,17
609,5274,17
609,22192,17
616,9450,17
624,5299,17
628,10589,17
652,21006,17
674,9020,17
675,19641,17
675,22332,17
690,7940,17
696,11445,17
719,17680,17
729,12409,17
729,19375,17
734,3397,17
748,17242,17
749,7627,17
755,17393,17
758,16490,17
773,8104,17
785,13316,17
812,14337,17
818,10911,17
818,19359,17
829,15169,17
844,17035,17
864,20187,17
866,16631,17
877,3653,17
883,5621,17
885,14371,17
887,4764,17
889,12302,17
891,12529,17
911,21442,17
922,15982,17
939,22250,17
941,6982,17
970,4088,17
978,9698,17
980,22592,17
994,13111,17
997,9422,17
997,14400,17
999,22113,17
1031,15265,17
1031,17130,17
1033,11131,17
1037,3276,17
1037,13781,17
1041,18372,17
1043,3081,17
1046,1585,17
1055,1107,17
1055,22253,17
1068,21095,17
1069,22654,17
1070,17956,17
1076,9258,17
1096,13138,17
1116,6843,17
1121,6822,17
1121,12944,17
1132,5588,17
1132,12376,17
1132,16138,17
1143,4244,17
1143,16781,17
1148,11852,17
1149,2568,17
1168,5065,17
1229,6667,17
1229,20196,17
1231,20969,17
1237,14472,17
1307,13510,17
1312,8163,17
1319,20070,17
1332,21389,17
1347,5249,17
1374,19928,17
1392,14771,17
1400,18680,17
1411,21126,17
1413,13483,17
1426,2852,17
1437,4776,17
1437,13194,17
1450,6412,17
1450,11426,17
1481,21177,17
1493,13249,17
1501,8794,17
1525,21084,17
1534,2709,17
1534,17220,17
1548,2477,17
1563,8526,17
1572,21624,17
1577,11118,17
1585,7297,17
1609,17407,17
1622,7460,17
1622,16081,17
1638,17925,17
1643,3212,17
1652,7408,17
1658,4485,17
1667,2023,17
1667,11216,17
1690,14727,17
1691,16265,17
1694,18477,17
1708,9933,17
1708,17553,17
1728,13805,17
1748,11988,17
1757,2003,17
1773,6294,17
1777,19413,17
1779,21975,17
1786,13676,17
1789,1885,17
1789,16821,17
1793,14466,17
1796,8818,17
1804,17546,17
1806,11829,17
1811,4979,17
1812,2346,17
1817,17037,17
1823,12104,17
1828,18486,17
1830,11681,17
1830,19892,17
1830,21084,17
1857,15134,17
1860,4836,17
1869,9959,17
1885,6257,17
1885,22443,17
1902,12596,17
1907,6847,17
1907,16689,17
1912,20028,17
1913,18773,17
1922,19295,17
1961,7454,17
1979,5159,17
1979,6162,17
1979,12089,17
1979,16511,17
1984,21459,17
1990,17774,17
1999,10603,17
2003,9422,17
2003,16366,17
2022,17695,17
2022,19633,17
2024,12581,17
2042,2198,17
2085,11745,17
2085,19958,17
2097,17890,17
2100,12363,17
2106,20507,17
2125,4770,17
2137,20779,17
2145,5954,17
2150,2571,17
2150,19633,17
2150,22255,17
2163,22566,17
2198,22071,17
2226,14699,17
2255,4146,17
2255,17550,17
2270,19845,17
2288,7673,17
2304,16996,17
2322,21885,17
2326,20852,17
2328,2543,17
2346,6509,17
2375,4471,17
2386,16350,17
2388,14479,17
2405,3632,17
2409,9846,17
2410,18905,17
2411,9462,17
2427,17130,17
2463,5300,17
2465,17756,17
2473,12549,17
2476,2736,17
2476,20136,17
2477,8354,17
2508,12586,17
2546,20753,17
2551,7071,17
2558,21048,17
2571,11681,17
2583,9551,17
2586,10031,17
2588,19652,17
2625,15725,17
2651,7557,17
2689,17763,17
2692,19295,17
2693,9808,17
2708,4033,17
2709,17012,17
2713,11037,17
2715,5594,17
2715,8002,17
2719,10407,17
2743,14828,17
2744,9062,17
2744,20584,17
2748,6966,17
2780,21756,17
2792,8672,17
2792,19934,17
2802,8415,17
2819,6085,17
2819,8801,17
2832,9748,17
2836,22645,17
2840,9684,17
2841,21869,17
2848,16631,17
2852,12015,17
2852,22366,17
2859,4355,17
2862,3751,17
2862,12294,17
2863,14615,17
2863,19267,17
2879,20082,17
2913,16179,17
2920,14469,17
2927,18516,17
2940,10520,17
2950,12476,17
2950,17550,17
2995,12694,17
3019,19126,17
3038,21718,17
3050,10904,17
3077,7400,17
3079,16410,17
3106,6296,17
3106,19220,17
3127,19068,17
3132,16740,17
3156,15680,17
3156,16759,17
3174,6595,17
3179,16132,17
3189,16377,17
3193,16288,17
3198,12244,17
3205,5503,17
3205,12324,17
3205,19856,17
3215,9675,17
3238,8794,17
3248,19244,17
3250,14408,17
3256,12558,17
3284,10622,17
3292,14907,17
3323,3401,17
3324,9763,17
3356,4610,17
3361,21553,17
3376,15451,17
3392,4445,17
3395,9832,17
3395,12365,17
3396,22298,17
3402,7835,17
3408,21177,17
3415,18155,17
3436,10023,17
3437,15674,17
3437,19750,17
3439,9053,17
3445,16125,17
3461,12088,17
3464,9082,17
3464,20028,17
3486,14167,17
3493,6420,17
3500,21363,17
3501,5026,17
3506,4016,17
3511,12476,17
3535,5589,17
3535,8320,17
3535,13490,17
3550,9765,17
3558,4105,17
3558,19750,17
3564,21223,17
3596,22582,17
3603,10496,17
3607,8801,17
3617,13167,17
3620,7437,17
3625,9749,17
3629,8907,17
3663,15867,17
3665,10438,17
3673,10528,17
3674,16421,17
3687,11117,17
3709,15614,17
3714,10724,17
3737,9305,17
3745,12250,17
3756,20982,17
3758,19851,17
3765,17125,17
3793,13450,17
3796,22183,17
3800,9640,17
3800,17558,17
3800,19189,17
3820,10858,17
3841,4100,17
3844,10025,17
3848,17802,17
3852,6243,17
3870,9534,17
3870,14913,17
3886,19721,17
3892,22246,17
3907,19292,17
3924,7485,17
3928,6680,17
3928,11820,17
3928,16257,17
3928,19114,17
3937,16987,17
3939,14586,17
3939,14692,17
3947,22647,17
3963,8284,17
3966,17648,17
3967,5557,17
3970,17210,17
3997,5571,17
4016,14042,17
4023,16743,17
4026,6459,17
4026,13477,17
4037,11279,17
4042,5147,17
4049,21002,17
4049,21797,17
4062,7815,17
4066,6691,17
4077,13384,17
4092,12702,17
4105,18986,17
4140,21793,17
4169,15594,17
4169,18758,17
4193,17988,17
4243,10476,17
4245,8998,17
4250,14548,17
4253,21899,17
4288,10545,17
4304,9239,17
4304,19718,17
4307,20304,17
4314,5202,17
4349,13895,17
4355,5440,17
4355,9634,17
4355,14073,17
4364,18463,17
4375,10015,17
4375,14269,17
4376,7466,17
4377,4569,17
4382,9019,17
4388,9626,17
4403,7631,17
4403,21770,17
4441,13794,17
4441,22039,17
4442,6133,17
4444,18198,17
4445,5589,17
4445,11947,17
4460,22255,17
4489,4707,17
4519,7353,17
4523,14692,17
4561,12974,17
4584,19684,17
4586,14980,17
4610,5820,17
4610,22178,17
4615,13553,17
4616,14131,17
4621,8291,17
4626,12405,17
4627,16546,17
4636,15958,17
4646,9540,17
4663,12978,17
4682,16564,17
4682,17695,17
4682,19246,17
4683,5440,17
4720,19787,17
4720,20962,17
4754,18513,17
4767,8255,17
4771,7713,17
4776,17487,17
4777,14165,17
4808,10845,17
4811,10520,17
4819,17150,17
4821,10894,17
4841,9631,17
4841,13111,17
4853,5589,17
4853,17678,17
4854,5285,17
4854,22311,17
4855,9117,17
4861,15307,17
4874,20422,17
4885,8645,17
4900,9748,17
4912,13099,17
4944,15724,17
4956,15780,17
4957,8702,17
4960,17097,17
4964,6274,17
4964,13094,17
4964,18188,17
4976,11005,17
4987,13818,17
4998,12363,17
5017,15569,17
5053,17918,17
5122,13499,17
5125,13273,17
5125,21426,17
5173,16824,17
5206,12531,17
5217,6393,17
5242,10527,17
5251,15093,17
5258,6538,17
5258,15983,17
5267,8898,17
5267,12821,17
5267,14473,17
5276,10829,17
5282,19557,17
5283,10744,17
5285,22057,17
5289,9172,17
5289,17461,17
5310,9159,17
5331,17537,17
5335,9832,17
5335,20034,17
5353,7995,17
5354,18297,17
5370,21899,17
5395,7656,17
5397,8851,17
5407,12335,17
5422,17461,17
5440,9965,17
5440,16896,17
5445,9164,17
5461,12517,17
5461,14036,17
5463,14625,17
5479,8010,17
5482,21239,17
5499,12499,17
5510,15206,17
5531,17036,17
5578,5891,17
5582,10966,17
5586,20388,17
5587,15708,17
5588,20888,17
5590,15260,17
5594,14036,17
5620,12313,17
5625,17968,17
5631,17487,17
5678,9304,17
5679,7003,17
5703,13019,17
5704,6739,17
5704,20693,17
5736,19582,17
5770,11042,17
5793,15110,17
5811,15797,17
5835,21389,17
5842,19633,17
5858,11745,17
5877,9603,17
5877,12674,17
5877,18606,17
5878,13291,17
5889,22542,17
5914,11443,17
5918,21431,17
5924,17487,17
5969,7305,17
5979,7968,17
5987,16295,17
5988,9269,17
5999,14521,17
6066,20384,17
6066,20798,17
6071,7578,17
6071,11700,17
6087,11263,17
6114,21467,17
6116,8336,17
6133,8364,17
6133,18404,17
6133,18461,17
6174,15973,17
6191,13094,17
6200,19830,17
6216,9433,17
6231,13904,17
6237,14291,17
6249,8163,17
6254,15721,17
6294,18477,17
6298,12202,17
6312,17203,17
6344,8495,17
6345,11051,17
6358,17183,17
6361,6880,17
6396,7940,17
6412,22621,17
6423,21764,17
6433,21129,17
6441,10468,17
6441,20500,17
6542,19792,17
6558,10134,17
6574,7447,17
6580,12977,17
6619,20477,17
6634,13775,17
6634,17068,17
6667,18796,17
6668,10510,17
6673,14223,17
6677,19122,17
6680,20149,17
6707,9844,17
6728,17085,17
6741,7701,17
6764,9686,17
6769,9534,17
6769,12947,17
6769,18849,17
6778,14754,17
6788,7867,17
6799,18822,17
6822,20687,17
6823,21224,17
6847,11756,17
6852,12180,17
6853,13304,17
6890,7399,17
6892,14235,17
6892,19980,17
6893,17198,17
6904,21554,17
6905,17777,17
6911,7402,17
6930,10015,17
6933,14469,17
6946,20872,17
6966,22498,17
6978,12731,17
6979,15880,17
6992,12015,17
7001,10720,17
7027,15574,17
7032,21780,17
7062,20277,17
7069,7797,17
7073,21969,17
7095,14150,17
7127,13170,17
7135,10230,17
7136,18030,17
7182,14165,17
7203,19036,17
7216,17059,17
7220,21947,17
7229,16214,17
7243,14407,17
7261,13455,17
7261,20706,17
7263,16973,17
7268,15301,17
7276,22441,17
7297,14949,17
7305,16877,17
7319,9591,17
7331,19517,17
7353,8672,17
7357,16883,17
7364,12437,17
7389,10350,17
7416,11795,17
7416,20728,17
7434,19352,17
7463,18771,17
7472,19114,17
7494,9634,17
7507,16242,17
7518,11597,17
7518,15017,17
7522,19952,17
7535,20174,17
7536,9808,17
7549,16145,17
7565,17346,17
7577,9436,17
7578,13086,17
7605,13329,17
7625,15371,17
7654,16689,17
7663,20349,17
7713,12821,17
7716,10265,17
7726,12499,17
7726,13386,17
7727,17817,17
7760,21467,17
7782,10572,17
7784,8163,17
7790,12892,17
7821,22068,17
7826,21691,17
7835,17190,17
7885,12497,17
7889,21066,17
7934,16056,17
7946,10277,17
7946,19140,17
7961,13269,17
7963,12506,17
8020,19850,17
8028,10721,17
8034,8755,17
8071,13105,17
8083,12342,17
8106,11217,17
8134,12405,17
8144,12645,17
8154,9530,17
8154,12483,17
8161,20129,17
8163,19836,17
8182,12674,17
8183,20572,17
8203,9534,17
8275,18767,17
8279,20223,17
8286,20943,17
8296,20027,17
8320,11227,17
8362,16179,17
8380,22534,17
8412,10669,17
8413,15521,17
8415,15665,17
8415,20463,17
8421,16600,17
8441,9603,17
8448,20793,17
8466,21262,17
8501,13818,17
8523,13111,17
8545,17018,17
8545,17264,17
8545,22441,17
8559,13281,17
8578,17496,17
8603,9698,17
8660,22638,17
8699,19119,17
8718,21723,17
8721,15349,17
8746,22384,17
8751,12917,17
8755,18844,17
8762,10246,17
8765,20378,17
8794,20527,17
8799,15816,17
8851,19688,17
8862,11128,17
8913,13199,17
8913,14031,17
8913,21313,17
8942,11199,17
8954,12953,17
8965,11351,17
8984,19473,17
9053,14625,17
9067,14625,17
9107,11266,17
9107,14668,17
9112,20092,17
9131,13411,17
9132,18855,17
9150,13406,17
9213,21236,17
9214,15008,17
9238,12538,17
9249,16295,17
9249,21129,17
9265,13574,17
9275,14465,17
9359,12924,17
9367,18280,17
9378,16493,17
9391,13035,17
9392,18771,17
9407,10696,17
9409,15320,17
9415,17070,17
9439,21541,17
9443,11596,17
9460,17051,17
9481,15017,17
9515,18732,17
9518,15828,17
9529,12481,17
9529,16295,17
9539,17915,17
9551,20593,17
9559,21178,17
9587,15545,17
9591,21639,17
9592,21084,17
9611,11111,17
9651,12556,17
9670,14282,17
9685,12921,17
9698,15574,17
9705,13996,17
9727,17479,17
9755,10359,17
9755,15995,17
9757,12062,17
9759,22550,17
9771,17033,17
9783,15261,17
9832,11563,17
9832,22057,17
9909,15384,17
9923,12887,17
9931,18542,17
9965,17332,17
9986,13482,17
9986,15384,17
9987,12089,17
10015,22592,17
10039,15236,17
10039,18344,17
10060,20927,17
10079,18589,17
10094,13367,17
10107,17198,17
10123,10510,17
10130,19176,17
10132,18817,17
10135,13632,17
10181,19645,17
10185,13987,17
10217,20495,17
10246,18990,17
10260,22246,17
10261,17264,17
10265,15990,17
10284,19031,17
10284,19707,17
10321,10439,17
10352,12220,17
10370,12014,17
10380,16852,17
10390,12302,17
10396,21224,17
10451,10550,17
10458,12800,17
10467,17621,17
10471,13564,17
10482,22330,17
10499,19208,17
10507,15438,17
10572,17667,17
10574,13479,17
10574,13783,17
10574,19031,17
10576,18033,17
10576,18145,17
10595,17924,17
10614,21073,17
10663,11922,17
10677,21908,17
10682,19114,17
10686,20286,17
10735,20253,17
10744,17215,17
10744,18404,17
10810,16215,17
10813,11597,17
10831,11513,17
10859,19267,17
10868,11208,17
10877,13008,17
10887,11216,17
10900,14694,17
10911,11312,17
10912,12228,17
10941,20238,17
10943,13482,17
10943,15046,17
10960,22517,17
10967,13153,17
11048,16263,17
11065,12517,17
11069,21640,17
11119,17362,17
11128,11248,17
11148,11373,17
11154,19748,17
11159,13167,17
11171,13094,17
11171,21502,17
11228,21924,17
11253,13272,17
11272,19301,17
11272,21955,17
11278,11807,17
11312,12046,17
11376,13482,17
11388,21074,17
11388,21548,17
11389,15147,17
11423,19149,17
11453,12051,17
11487,18465,17
11493,15661,17
11502,17392,17
11532,16584,17
11561,14357,17
11592,21895,17
11636,13365,17
11659,11922,17
11681,19025,17
11685,17968,17
11693,20767,17
11710,19853,17
11712,20578,17
11721,22053,17
11747,15231,17
11756,19821,17
11769,17068,17
11771,15488,17
11782,13167,17
11784,19340,17
11872,13662,17
11874,22644,17
11884,18935,17
11936,17150,17
11939,12694,17
11961,16125,17
11976,21721,17
11996,17807,17
12007,13774,17
12013,21280,17
12023,16894,17
12081,19285,17
12085,12397,17
12123,21797,17
12132,18010,17
12150,20402,17
12162,15761,17
12174,21491,17
12184,14962,17
12239,21969,17
12250,19295,17
12265,22265,17
12279,13978,17
12306,19889,17
12324,14855,17
12346,22113,17
12365,19946,17
12372,14877,17
12397,16138,17
12403,21346,17
12405,18671,17
12416,22449,17
12454,19267,17
12465,19693,17
12558,17479,17
12558,18532,17
12592,20772,17
12598,18838,17
12630,19308,17
12632,19696,17
12644,15716,17
12645,15053,17
12647,20286,17
12648,12766,17
12735,21952,17
12783,15307,17
12800,16375,17
12814,18682,17
12814,20113,17
12814,20937,17
12834,15263,17
12875,15410,17
12901,22666,17
12917,15661,17
12932,15916,17
12945,21984,17
12951,19999,17
12962,19114,17
12967,15206,17
12982,14308,17
13061,20632,17
13094,16585,17
13120,16960,17
13131,19212,17
13167,22624,17
13170,19746,17
13195,13892,17
13203,22284,17
13249,17036,17
13256,14998,17
13261,20702,17
13319,13790,17
13329,19314,17
13346,18316,17
13346,21321,17
13368,13599,17
13369,18447,17
13377,22665,17
13379,19037,17
13387,19329,17
13411,18334,17
13486,14609,17
13487,17798,17
13488,22538,17
13490,19986,17
13500,21239,17
13530,19821,17
13553,13596,17
13587,18903,17
13714,14101,17
13727,21223,17
13740,17183,17
13745,16033,17
13751,22114,17
13781,17680,17
13825,17415,17
13856,20638,17
13859,19713,17
13900,17829,17
13918,15173,17
13928,21494,17
13965,20518,17
14036,15656,17
14041,22204,17
14088,17595,17
14109,14734,17
14160,15984,17
14185,21602,17
14206,21714,17
14227,15125,17
14231,20404,17
14241,16880,17
14243,17986,17
14300,19683,17
14306,15616,17
14316,20706,17
14347,14875,17
14357,16354,17
14362,21823,17
14377,18780,17
14438,17407,17
14464,18477,17
14479,22280,17
14521,14719,17
14521,18044,17
14537,21513,17
14576,18459,17
14576,21426,17
14584,20577,17
14587,22280,17
14607,22227,17
14641,19981,17
14669,22472,17
14690,21321,17
14690,22576,17
14694,15365,17
14769,19176,17
14822,17798,17
14829,20798,17
14888,16329,17
14920,15785,17
14923,20772,17
14924,16557,17
14980,19757,17
14990,18156,17
15061,22325,17
15127,18947,17
15128,19189,17
15174,19148,17
15185,18438,17
15228,22383,17
15241,21129,17
15246,22133,17
15268,17148,17
15344,18724,17
15358,16585,17
15372,19096,17
15440,19747,17
15477,21920,17
15487,22064,17
15492,15860,17
15622,22179,17
15647,19510,17
15665,15990,17
15712,21884,17
15749,17298,17
15766,15884,17
15785,17443,17
15832,16205,17
15837,20185,17
15858,16527,17
15972,20667,17
15981,18486,17
15998,18767,17
16031,19520,17
16032,16164,17
16061,17581,17
16102,19856,17
16104,17789,17
16133,16601,17
16192,22610,17
16258,17680,17
16295,19792,17
16385,19782,17
16385,20307,17
16402,21764,17
16452,19068,17
16475,18828,17
16533,19220,17
16599,22621,17
16627,20148,17
16649,21678,17
16842,17510,17
17035,20718,17
17036,20507,17
17066,22202,17
17094,17175,17
17210,22632,17
17211,21992,17
17279,19504,17
17319,22297,17
17386,21603,17
17518,21380,17
17540,20565,17
17550,20554,17
17555,18566,17
17558,21398,17
17559,21152,17
17680,21224,17
17708,21140,17
17718,19148,17
17853,20025,17
17864,21048,17
17875,18174,17
17875,22060,17
17890,18397,17
17890,18914,17
17976,18041,17
17988,21962,17
17996,20010,17
18014,22632,17
18145,21908,17
18159,20911,17
18344,22632,17
18354,19361,17
18430,19860,17
18447,18616,17
18510,20687,17
18543,20915,17
18682,20851,17
18682,22559,17
18717,22468,17
18724,19038,17
18739,18907,17
18767,22459,17
18838,19233,17
18874,22430,17
18926,20786,17
18934,20422,17
18979,20731,17
19038,20307,17
19072,21723,17
19114,20761,17
19156,20608,17
19267,22238,17
19382,19591,17
19612,22034,17
19693,19716,17
19718,20149,17
19721,22283,17
19744,22029,17
19809,22101,17
19836,22592,17
19890,20491,17
19960,22215,17
19961,20446,17
20149,20494,17
20164,21398,17
20260,22374,17
20646,21557,17
20730,22442,17
21122,21819,17
21224,21415,17
21494,22115,17
21502,22346,17
21856,22198,17
5,14293,18
9,9368,18
9,20441,18
53,10321,18
65,20076,18
71,7485,18
87,13659,18
89,14328,18
92,6647,18
100,1426,18
100,6449,18
103,14919,18
163,15386,18
199,7499,18
213,4445,18
213,9755,18
228,11686,18
256,5285,18
280,12506,18
280,15236,18
284,4964,18
284,8630,18
284,13679,18
299,8284,18
304,11061,18
307,15320,18
313,9784,18
326,17461,18
329,21560,18
346,9190,18
348,13411,18
366,9058,18
373,15798,18
384,4603,18
386,1074,18
414,12633,18
417,17547,18
418,1957,18
421,2780,18
449,14586,18
454,13284,18
458,4899,18
458,20448,18
469,10609,18
494,9240,18
495,9387,18
501,15380,18
516,1604,18
531,7540,18
548,7629,18
576,18857,18
587,3924,18
587,9986,18
590,10721,18
590,15492,18
594,11333,18
595,3548,18
601,10407,18
603,21275,18
619,21026,18
642,16263,18
652,14949,18
658,4500,18
665,22592,18
672,3396,18
684,14571,18
690,17297,18
695,12809,18
702,6222,18
712,11694,18
729,11596,18
730,914,18
730,2031,18
730,21724,18
733,16259,18
738,19739,18
748,1885,18
748,4827,18
755,10020,18
760,5326,18
760,14555,18
763,3132,18
773,6171,18
821,13369,18
822,1037,18
824,21653,18
828,7395,18
844,22624,18
848,11445,18
866,15874,18
870,17530,18
888,5845,18
922,8487,18
940,6347,18
943,17332,18
948,3653,18
948,5979,18
948,11619,18
975,3535,18
975,4029,18
985,14589,18
994,16998,18
998,1990,18
998,20495,18
1003,8465,18
1015,14674,18
1037,16375,18
1041,9932,18
1045,5499,18
1045,8334,18
1061,19133,18
1074,11487,18
1096,6871,18
1098,17543,18
1121,20802,18
1131,3686,18
1132,6510,18
1132,17461,18
1143,17621,18
1144,19441,18
1148,1848,18
1154,16264,18
1161,8034,18
1170,18673,18
1196,12548,18
1196,14148,18
1198,3406,18
1209,19774,18
1216,20335,18
1231,8114,18
1259,17896,18
1263,5197,18
1275,21864,18
1283,4868,18
1288,13611,18
1297,9433,18
1332,3142,18
1369,3738,18
1369,14244,18
1371,7152,18
1388,11463,18
1408,19665,18
1411,1985,18
1412,22564,18
1426,18732,18
1426,19934,18
1435,19772,18
1452,21293,18
1453,8999,18
1492,12917,18
1494,18500,18
1499,12535,18
1506,22216,18
1509,11949,18
1509,22537,18
1510,10359,18
1512,16570,18
1518,3396,18
1524,3897,18
1525,8783,18
1539,2693,18
1548,4105,18
1548,6351,18
1555,21444,18
1562,7090,18
1563,15242,18
1574,1747,18
1580,7376,18
1592,14303,18
1609,12411,18
1616,12499,18
1647,17732,18
1651,15787,18
1651,19609,18
1700,6360,18
1711,4242,18
1723,3208,18
1728,4243,18
1736,10156,18
1748,4400,18
1748,14586,18
1748,22383,18
1752,22311,18
1757,15486,18
1789,17001,18
1789,18721,18
1797,5459,18
1797,9331,18
1806,12220,18
1807,8208,18
1807,18738,18
1817,10755,18
1830,5125,18
1834,18721,18
1839,10033,18
1860,7460,18
1885,17837,18
1893,9033,18
1894,2355,18
1900,14982,18
1907,2921,18
1907,19415,18
1917,6017,18
1925,11697,18
1932,17484,18
1957,2065,18
2003,11481,18
2003,18870,18
2022,3836,18
2022,13282,18
2024,10533,18
2044,3869,18
2047,19265,18
2054,7485,18
2061,7572,18
2085,11997,18
2085,20465,18
2087,14067,18
2094,18771,18
2097,14479,18
2100,5077,18
2103,9846,18
2119,3468,18
2119,8163,18
2132,19856,18
2132,20864,18
2148,5798,18
2150,20217,18
2152,10379,18
2157,8430,18
2165,12394,18
2165,15390,18
2182,20744,18
2186,5379,18
2198,2762,18
2198,10393,18
2205,17960,18
2230,8374,18
2230,16877,18
2236,6294,18
2262,2566,18
2267,6843,18
2270,18314,18
2274,3070,18
2274,15721,18
2276,7297,18
2278,11431,18
2293,12098,18
2311,3285,18
2348,2722,18
2364,21699,18
2370,4128,18
2391,8106,18
2391,18773,18
2396,9239,18
2427,22403,18
2477,16572,18
2509,20470,18
2544,11175,18
2544,18767,18
2552,15114,18
2558,20450,18
2559,15644,18
2566,15680,18
2571,5793,18
2571,6028,18
2571,12376,18
2571,17768,18
2650,15356,18
2650,18461,18
2661,18163,18
2667,9327,18
2667,13086,18
2678,4026,18
2683,3014,18
2689,19934,18
2692,15008,18
2708,12174,18
2708,15492,18
2708,20692,18
2709,17752,18
2717,4831,18
2722,12081,18
2722,18145,18
2751,19892,18
2758,17319,18
2762,3535,18
2771,19832,18
2781,19510,18
2785,3640,18
2792,9933,18
2802,8851,18
2802,11090,18
2841,4990,18
2851,21350,18
2852,9062,18
2852,14623,18
2890,6646,18
2927,5232,18
2927,7516,18
2939,4684,18
2940,21704,18
2944,10548,18
2977,3146,18
3002,17387,18
3003,6501,18
3032,22441,18
3039,19267,18
3050,4460,18
3053,17863,18
3070,19811,18
3083,6531,18
3102,10345,18
3119,19861,18
3174,11947,18
3191,13922,18
3193,20528,18
3198,18145,18
3205,8465,18
3208,3987,18
3212,9506,18
3216,18473,18
3218,11344,18
3238,15751,18
3264,20174,18
3274,14831,18
3276,8260,18
3301,13938,18
3301,19664,18
3306,15190,18
3326,16574,18
3329,8285,18
3349,9603,18
3349,13490,18
3351,5787,18
3360,16635,18
3363,11382,18
3392,11715,18
3395,10222,18
3395,15300,18
3396,15874,18
3406,3642,18
3427,9469,18
3436,13903,18
3446,18510,18
3471,13346,18
3474,8328,18
3524,16564,18
3530,21888,18
3533,11681,18
3535,13154,18
3549,14221,18
3550,21696,18
3551,4640,18
3551,7796,18
3554,5835,18
3559,10633,18
3625,7217,18
3642,6690,18
3648,12801,18
3653,20028,18
3657,4286,18
3657,19072,18
3683,9978,18
3692,19889,18
3751,15295,18
3758,22685,18
3814,21132,18
3830,11992,18
3883,15712,18
3886,7507,18
3897,15374,18
3911,6184,18
3937,21675,18
3964,3985,18
3964,21884,18
3964,21962,18
3970,12325,18
3991,9735,18
3996,16219,18
4027,14050,18
4029,18617,18
4033,11928,18
4043,14008,18
4061,17726,18
4077,17575,18
4105,19301,18
4105,20943,18
4107,8533,18
4121,19052,18
4129,10060,18
4134,4277,18
4140,6017,18
4166,4922,18
4169,5361,18
4171,22346,18
4195,19772,18
4198,19267,18
4230,11803,18
4235,19331,18
4253,21054,18
4259,6008,18
4271,14019,18
4298,15399,18
4304,6677,18
4327,21074,18
4347,20769,18
4355,14070,18
4382,9677,18
4382,13268,18
4385,21650,18
4398,5195,18
4400,14965,18
4409,5959,18
4430,11376,18
4445,5289,18
4445,10810,18
4448,16912,18
4463,17626,18
4535,14443,18
4546,13411,18
4546,18729,18
4546,19281,18
4565,19666,18
4573,9986,18
4573,10528,18
4579,6454,18
4579,7136,18
4598,19340,18
4612,17727,18
4612,20035,18
4615,13253,18
4626,9187,18
4627,8459,18
4633,5810,18
4633,9576,18
4637,21908,18
4646,18738,18
4649,16335,18
4659,8101,18
4698,13987,18
4703,11149,18
4718,16192,18
4728,12814,18
4730,5912,18
4747,14690,18
4747,15691,18
4757,10555,18
4757,13834,18
4758,6383,18
4771,22451,18
4776,9888,18
4776,20518,18
4777,8685,18
4811,6621,18
4815,13496,18
4821,19587,18
4823,16618,18
4853,7640,18
4855,6175,18
4855,20582,18
4857,11702,18
4858,14070,18
4874,9909,18
4898,12704,18
4899,16151,18
4949,12550,18
4956,8144,18
4963,21753,18
4972,22654,18
4985,19162,18
4998,15751,18
5002,14764,18
5020,13400,18
5033,5735,18
5033,17890,18
5044,19038,18
5051,13572,18
5073,21203,18
5077,15825,18
5089,10451,18
5125,5719,18
5133,20977,18
5154,11404,18
5162,6303,18
5170,12367,18
5170,13828,18
5203,10376,18
5203,14162,18
5208,8824,18
5238,20448,18
5240,22467,18
5258,20797,18
5267,15644,18
5274,14347,18
5274,22352,18
5282,8852,18
5282,18345,18
5285,14042,18
5287,7052,18
5300,12834,18
5302,21020,18
5311,17082,18
5326,6634,18
5335,8348,18
5335,10532,18
5335,21321,18
5347,11302,18
5365,8106,18
5365,9182,18
5369,11675,18
5397,12147,18
5405,16215,18
5426,16689,18
5432,6677,18
5461,15376,18
5461,18293,18
5463,6406,18
5463,21754,18
5483,14242,18
5495,10233,18
5499,15874,18
5507,13110,18
5557,7457,18
5560,15504,18
5586,21523,18
5604,15356,18
5612,10246,18
5612,18290,18
5615,19716,18
5619,7389,18
5619,9574,18
5627,11848,18
5640,6404,18
5641,8270,18
5655,6529,18
5674,6806,18
5681,6586,18
5695,16978,18
5712,19710,18
5719,17461,18
5735,20507,18
5759,16278,18
5786,18879,18
5787,18213,18
5795,14573,18
5798,11377,18
5835,16214,18
5848,20781,18
5858,20307,18
5877,20626,18
5918,18058,18
5938,13318,18
5969,6787,18
5988,22459,18
5991,17068,18
5999,19885,18
6003,14921,18
6007,10246,18
6009,7050,18
6009,21426,18
6013,16768,18
6024,19889,18
6028,13596,18
6031,15347,18
6040,16463,18
6052,7838,18
6064,6861,18
6065,9914,18
6075,16427,18
6086,12198,18
6086,16327,18
6111,16050,18
6123,9630,18
6126,22693,18
6163,16162,18
6194,20245,18
6200,22086,18
6216,10118,18
6221,7259,18
6231,11453,18
6231,19285,18
6233,19543,18
6237,14240,18
6249,15151,18
6254,6396,18
6273,22430,18
6274,15812,18
6302,9448,18
6302,15402,18
6316,20994,18
6379,8217,18
6396,13348,18
6396,15492,18
6405,21884,18
6412,15467,18
6412,18015,18
6418,19913,18
6419,15173,18
6423,6665,18
6458,8245,18
6475,20093,18
6493,12481,18
6519,18766,18
6524,16056,18
6546,14461,18
6571,19016,18
6582,20646,18
6596,8755,18
6603,21669,18
6615,10993,18
6615,18048,18
6621,16192,18
6624,7998,18
6644,8131,18
6667,8879,18
6667,13138,18
6667,15017,18
6667,17461,18
6668,20627,18
6678,14757,18
6705,20277,18
6711,7371,18
6711,21541,18
6742,15027,18
6764,13386,18
6773,10735,18
6801,12108,18
6814,11884,18
6814,16511,18
6820,22090,18
6836,15518,18
6880,20628,18
6906,19122,18
6926,22521,18
6933,10728,18
6979,8423,18
7016,9552,18
7044,18573,18
7052,9017,18
7053,14061,18
7058,19627,18
7064,13065,18
7103,19797,18
7124,16009,18
7141,10141,18
7185,10548,18
7207,11413,18
7209,12699,18
7218,16654,18
7220,14520,18
7223,17256,18
7230,12369,18
7232,14527,18
7257,11175,18
7257,15046,18
7257,21940,18
7276,9806,18
7276,13892,18
7297,9654,18
7320,16385,18
7331,8475,18
7343,16020,18
7353,15300,18
7355,7654,18
7383,11173,18
7387,17532,18
7416,10427,18
7437,21640,18
7444,12707,18
7454,21863,18
7459,21430,18
7460,14792,18
7460,18510,18
7472,9750,18
7472,13094,18
7472,13957,18
7501,9909,18
7507,12718,18
7515,16204,18
7518,9139,18
7520,10262,18
7522,9959,18
7540,15900,18
7558,14980,18
7574,10823,18
7577,11745,18
7577,14956,18
7577,17771,18
7578,8898,18
7578,10265,18
7601,21769,18
7620,16693,18
7643,19551,18
7654,12955,18
7666,10952,18
7672,17752,18
7712,18033,18
7713,21394,18
7713,21886,18
7749,15935,18
7766,16799,18
7773,19885,18
7796,21769,18
7800,18279,18
7828,12365,18
7849,9460,18
7873,21050,18
7913,20007,18
7916,9948,18
7916,14753,18
7930,17927,18
7954,13302,18
7968,16674,18
7994,15122,18
8024,19849,18
8024,20538,18
8058,10678,18
8058,15798,18
8061,17360,18
8085,8086,18
8102,10265,18
8115,15567,18
8125,9545,18
8131,18338,18
8144,12078,18
8144,20584,18
8154,14923,18
8192,15976,18
8208,15189,18
8227,9852,18
8229,15712,18
8232,16035,18
8232,19176,18
8275,17005,18
8286,19249,18
8316,17009,18
8324,17248,18
8333,18545,18
8334,18280,18
8348,15228,18
8354,16978,18
8375,18439,18
8423,22319,18
8459,20683,18
8466,8965,18
8489,9088,18
8498,17663,18
8501,16224,18
8538,19254,18
8565,11575,18
8592,18300,18
8613,20565,18
8652,19655,18
8666,17277,18
8680,18266,18
8685,14965,18
8723,21304,18
8755,9560,18
8755,19783,18
8762,14167,18
8780,9475,18
8780,20397,18
8789,22371,18
8799,14111,18
8820,15663,18
8833,21284,18
8840,15217,18
8910,18328,18
8913,12499,18
8913,15492,18
8913,17215,18
8922,11223,18
8944,17150,18
8951,9119,18
8965,20018,18
8974,15916,18
8993,11208,18
9000,13953,18
9027,14292,18
9047,18174,18
9052,15043,18
9054,13883,18
9055,11513,18
9059,17550,18
9062,17508,18
9074,12169,18
9074,20969,18
9074,22441,18
9078,11444,18
9078,18280,18
9078,19114,18
9088,13050,18
9088,15150,18
9101,14637,18
9166,16179,18
9180,15545,18
9220,15418,18
9239,21940,18
9246,17875,18
9261,14676,18
9281,17699,18
9282,9359,18
9290,17210,18
9290,19869,18
9295,15401,18
9296,16305,18
9422,17774,18
9481,19782,18
9501,21753,18
9507,16755,18
9536,19339,18
9565,21885,18
9581,10321,18
9582,11988,18
9582,17077,18
9601,13551,18
9601,21480,18
9620,14504,18
9627,17079,18
9654,22204,18
9658,22589,18
9659,10941,18
9670,14807,18
9697,10243,18
9697,20351,18
9698,10988,18
9708,18622,18
9785,15513,18
9794,20765,18
9819,18226,18
9824,22125,18
9832,22192,18
9852,14669,18
9872,15280,18
9941,21940,18
9945,11175,18
9947,10246,18
9948,13154,18
9954,17275,18
9958,14886,18
9986,18788,18
10023,14219,18
10073,20646,18
10103,12295,18
10130,15445,18
10197,10761,18
10230,22610,18
10239,17449,18
10264,17175,18
10271,17760,18
10284,15987,18
10315,11900,18
10330,16615,18
10379,15185,18
10407,12975,18
10448,17028,18
10467,11376,18
10480,15950,18
10482,20733,18
10520,15874,18
10569,14824,18
10572,21377,18
10574,18154,18
10574,19375,18
10574,21764,18
10597,15110,18
10657,15927,18
10678,18747,18
10700,20372,18
10735,20456,18
10761,22521,18
10763,11718,18
10773,12255,18
10810,17461,18
10823,14027,18
10834,20969,18
10864,14054,18
10881,21466,18
10887,15486,18
10887,15751,18
10887,15825,18
10959,20771,18
10993,17327,18
11040,11070,18
11085,22307,18
11112,17346,18
11128,20915,18
11155,17929,18
11177,21922,18
11191,18532,18
11217,15465,18
11222,16509,18
11235,14156,18
11248,17091,18
11252,20164,18
11252,22383,18
11260,21877,18
11312,18455,18
11372,22441,18
11407,21177,18
11430,12731,18
11431,17277,18
11477,12190,18
11477,13553,18
11477,14949,18
11481,14693,18
11482,13568,18
11513,14479,18
11559,15067,18
11596,21459,18
11597,13855,18
11603,22204,18
11632,19038,18
11633,14240,18
11665,20683,18
11686,15229,18
11715,15725,18
11742,17941,18
11750,19331,18
11756,21528,18
11760,14068,18
11831,21657,18
11852,14031,18
11852,18145,18
11852,18667,18
11925,22071,18
11950,12396,18
11951,13090,18
11953,15713,18
11961,14753,18
11961,15017,18
11976,15964,18
11988,15705,18
12009,14091,18
12051,13679,18
12070,19106,18
12081,20034,18
12085,18043,18
12099,19292,18
12107,15149,18
12120,12621,18
12163,21630,18
12168,12265,18
12173,19807,18
12173,20728,18
12189,21129,18
12190,17378,18
12191,15633,18
12212,17233,18
12236,21031,18
12257,18667,18
12279,18923,18
12297,17346,18
12317,19340,18
12317,20035,18
12363,20706,18
12364,14235,18
12364,18767,18
12397,14088,18
12454,20086,18
12490,20476,18
12499,18151,18
12506,21216,18
12548,18751,18
12558,18186,18
12592,18721,18
12592,22441,18
12631,19267,18
12648,21143,18
12674,12944,18
12679,22170,18
12686,20683,18
12718,19747,18
12766,12912,18
12766,13601,18
12766,21670,18
12793,13123,18
12801,16037,18
12801,16991,18
12802,18064,18
12811,19492,18
12821,19774,18
12840,12951,18
12863,14753,18
12864,18510,18
12871,22634,18
12874,14510,18
12879,13208,18
12917,14260,18
12937,15519,18
12955,18763,18
12978,22034,18
13008,17540,18
13076,17946,18
13086,18735,18
13088,22542,18
13094,14683,18
13100,19410,18
13107,18904,18
13123,21972,18
13155,18922,18
13171,20620,18
13193,13758,18
13195,21707,18
13199,13213,18
13199,17204,18
13206,14536,18
13228,17669,18
13268,17190,18
13269,18747,18
13276,18770,18
13291,16179,18
13293,13490,18
13299,14068,18
13311,15629,18
13331,21472,18
13346,14586,18
13355,17070,18
13355,19705,18
13382,13805,18
13414,17674,18
13466,13519,18
13470,19290,18
13474,15832,18
13507,21531,18
13530,15401,18
13559,15323,18
13563,14450,18
13596,16911,18
13641,17675,18
13678,14831,18
13718,16074,18
13783,14964,18
13803,19267,18
13807,18154,18
13840,15806,18
13882,18949,18
13892,15987,18
13918,17774,18
13918,20714,18
13990,14210,18
14030,21974,18
14049,22548,18
14065,16854,18
14067,18325,18
14080,14450,18
14086,22346,18
14088,20494,18
14111,15268,18
14123,16781,18
14124,16341,18
14178,15292,18
14215,19138,18
14223,14982,18
14240,16562,18
14240,21530,18
14291,18532,18
14400,16303,18
14424,15721,18
14548,19594,18
14557,16110,18
14587,17888,18
14614,21633,18
14669,17592,18
14690,16504,18
14716,18055,18
14719,19627,18
14754,16883,18
14760,15401,18
14769,15674,18
14773,17796,18
14792,20753,18
14796,17094,18
14840,16288,18
14860,20727,18
14861,19853,18
14964,19903,18
14982,20080,18
14987,16295,18
14999,20603,18
15008,19766,18
15008,22423,18
15020,18819,18
15052,21525,18
15093,18463,18
15104,19934,18
15114,17256,18
15150,21828,18
15176,15374,18
15202,21610,18
15322,22307,18
15358,20349,18
15380,17064,18
15457,16260,18
15459,22316,18
15460,21459,18
15467,19038,18
15523,16066,18
15528,22279,18
15549,19329,18
15648,19174,18
15674,20351,18
15751,18721,18
15837,15916,18
15840,17051,18
15894,19591,18
15985,17988,18
15996,17665,18
16091,22300,18
16123,17066,18
16143,20348,18
16145,17695,18
16148,20098,18
16192,16354,18
16192,17034,18
16214,20775,18
16334,19587,18
16376,17401,18
16385,18455,18
16406,20233,18
16432,21463,18
16446,19862,18
16490,20608,18
16490,20837,18
16562,18305,18
16592,18969,18
16615,19018,18
16668,22188,18
16716,21724,18
16795,20293,18
16891,20604,18
16896,19946,18
16948,19257,18
16987,17888,18
17175,21547,18
17279,21984,18
17297,17570,18
17327,21704,18
17346,20712,18
17346,22246,18
17378,22028,18
17414,18232,18
17492,18800,18
17528,17708,18
17537,18045,18
17575,18844,18
17623,19420,18
17647,18033,18
17661,22124,18
17690,20683,18
17693,22009,18
17708,17716,18
17752,19220,18
17816,22246,18
17888,18015,18
17956,18863,18
18007,18210,18
18030,20856,18
18071,19292,18
18081,22262,18
18116,20683,18
18135,21674,18
18163,20552,18
18183,21715,18
18295,19114,18
18298,20837,18
18338,21843,18
18406,22101,18
18461,20610,18
18477,21398,18
18534,19034,18
18568,22291,18
18611,21820,18
18617,19693,18
18702,19114,18
18751,22366,18
18768,22658,18
18914,19178,18
18963,19304,18
19032,19514,18
19100,22151,18
19244,19946,18
19259,19693,18
19268,22059,18
19281,22583,18
19308,22641,18
19408,19544,18
19510,20529,18
19557,19968,18
19605,20218,18
19634,22568,18
19774,21321,18
19801,22390,18
20018,20626,18
20129,20905,18
20173,22343,18
20381,21899,18
20422,21306,18
20507,21557,18
20507,21669,18
20568,21069,18
20674,21088,18
20702,22192,18
20765,21886,18
20911,22520,18
20937,22334,18
21289,22347,18
21369,22334,18
21391,21603,18
21791,22180,18
22300,22548,18
38,20327,19
41,10738,19
53,17678,19
65,13736,19
81,18752,19
83,1246,19
87,9214,19
87,10763,19
92,22049,19
96,19716,19
100,10911,19
130,18995,19
144,20616,19
169,13849,19
173,14753,19
174,2152,19
174,3964,19
174,17245,19
198,19591,19
265,5461,19
265,18110,19
280,7720,19
280,19375,19
328,6087,19
346,12183,19
348,8275,19
383,19875,19
386,19119,19
399,18290,19
412,20167,19
417,2722,19
429,14182,19
457,22344,19
460,20149,19
461,11540,19
486,9934,19
529,2709,19
532,12966,19
542,2814,19
546,3396,19
580,11781,19
587,15017,19
587,16631,19
589,11141,19
590,15255,19
603,21610,19
624,14820,19
631,9576,19
636,1480,19
642,8002,19
652,4253,19
652,9235,19
664,4668,19
665,1869,19
680,12139,19
680,20196,19
691,14128,19
722,3034,19
738,22383,19
744,22202,19
766,19977,19
776,22312,19
803,2967,19
818,6929,19
822,10864,19
838,21050,19
843,17005,19
868,15564,19
887,17416,19
887,18408,19
911,12994,19
911,20070,19
913,2715,19
944,22286,19
975,6843,19
1013,7416,19
1037,18181,19
1037,19066,19
1042,9407,19
1055,14769,19
1055,18513,19
1066,15363,19
1074,13794,19
1096,20019,19
1121,10031,19
1138,21054,19
1148,4608,19
1148,12971,19
1148,20820,19
1150,11284,19
1173,10118,19
1180,10359,19
1232,10421,19
1262,4921,19
1264,5499,19
1264,17688,19
1295,10858,19
1332,18298,19
1345,7707,19
1345,8260,19
1363,19675,19
1402,8502,19
1417,6484,19
1417,14816,19
1426,17012,19
1433,7330,19
1437,18067,19
1450,5918,19
1477,8642,19
1492,5572,19
1493,10779,19
1493,18404,19
1494,22615,19
1499,4709,19
1501,14235,19
1501,16790,19
1509,18345,19
1525,15387,19
1540,8010,19
1543,21742,19
1565,15535,19
1571,11037,19
1585,14219,19
1626,8251,19
1651,19716,19
1667,22204,19
1668,11976,19
1668,18533,19
1677,13095,19
1708,4615,19
1708,22332,19
1748,9832,19
1755,2758,19
1757,13482,19
1767,9750,19
1796,10989,19
1806,9182,19
1807,10993,19
1831,18174,19
1841,12117,19
1849,19439,19
1860,9563,19
1869,2651,19
1874,15006,19
1901,7460,19
1922,18375,19
1968,21767,19
2022,4615,19
2022,20761,19
2031,18344,19
2042,21724,19
2047,2472,19
2053,21414,19
2070,13049,19
2081,3288,19
2085,9412,19
2085,21312,19
2087,14669,19
2094,3805,19
2101,6118,19
2105,19290,19
2124,19830,19
2153,7557,19
2198,5443,19
2198,7558,19
2226,15798,19
2226,21250,19
2227,4377,19
2228,16587,19
2235,8625,19
2249,12484,19
2262,6793,19
2274,11445,19
2284,18433,19
2290,3132,19
2293,14878,19
2293,18304,19
2293,18618,19
2296,13143,19
2322,6278,19
2346,9214,19
2346,13414,19
2366,11163,19
2373,2664,19
2376,13174,19
2380,3733,19
2380,6323,19
2477,5595,19
2515,18738,19
2519,17756,19
2519,20765,19
2559,5603,19
2580,5038,19
2583,16193,19
2625,11345,19
2648,19527,19
2664,8523,19
2664,8879,19
2667,4979,19
2709,14837,19
2709,17461,19
2744,9697,19
2744,20183,19
2744,22088,19
2751,6673,19
2751,16439,19
2773,22391,19
2792,5384,19
2792,19856,19
2808,15152,19
2849,5132,19
2866,16883,19
2879,3093,19
2905,8067,19
2913,5331,19
2949,4682,19
2960,4026,19
2972,11871,19
3001,21317,19
3016,5044,19
3027,22441,19
3037,16605,19
3083,4771,19
3093,18812,19
3096,7779,19
3145,4858,19
3152,3184,19
3154,21706,19
3155,22344,19
3156,10020,19
3201,5641,19
3201,16989,19
3208,11445,19
3238,19641,19
3243,4633,19
3243,17695,19
3250,7672,19
3250,16435,19
3264,22245,19
3274,15151,19
3304,12904,19
3304,22651,19
3353,4244,19
3362,7052,19
3376,4037,19
3392,9515,19
3395,8362,19
3395,21937,19
3397,9720,19
3397,13167,19
3399,21640,19
3434,19329,19
3439,13490,19
3446,6404,19
3449,5258,19
3451,16005,19
3462,13606,19
3477,7672,19
3500,13348,19
3501,3801,19
3503,22156,19
3506,11592,19
3530,11418,19
3535,11912,19
3546,3761,19
3546,16313,19
3548,15418,19
3570,13580,19
3582,21720,19
3601,8348,19
3607,10022,19
3615,5879,19
3617,20344,19
3646,18033,19
3657,8349,19
3665,21767,19
3672,8260,19
3673,15358,19
3692,5482,19
3692,7938,19
3716,5835,19
3722,10600,19
3748,5022,19
3749,16915,19
3796,4523,19
3800,15802,19
3815,6335,19
3826,10464,19
3836,12707,19
3870,7472,19
3875,14197,19
3902,17678,19
3902,19686,19
3907,6718,19
3964,8799,19
3964,13450,19
3964,21797,19
3970,9518,19
3979,21776,19
3980,5967,19
3983,9960,19
4003,12960,19
4013,14598,19
4017,4599,19
4029,14908,19
4029,21378,19
4029,21937,19
4033,8718,19
4035,16430,19
4039,5646,19
4043,5071,19
4057,7679,19
4082,16138,19
4082,18425,19
4105,8738,19
4129,11445,19
4129,12228,19
4156,10392,19
4169,15798,19
4188,5033,19
4193,11463,19
4193,14999,19
4195,17978,19
4243,7702,19
4263,11988,19
4279,21505,19
4286,12163,19
4295,7773,19
4313,5043,19
4326,14567,19
4349,9582,19
4364,10137,19
4369,5536,19
4382,16374,19
4430,7050,19
4442,10247,19
4442,12702,19
4445,19122,19
4460,21638,19
4543,16609,19
4563,14569,19
4580,7964,19
4598,13876,19
4603,11218,19
4603,11597,19
4610,14669,19
4626,6771,19
4627,20687,19
4645,21723,19
4655,8666,19
4656,12140,19
4663,11437,19
4682,12499,19
4692,14434,19
4698,7805,19
4706,22620,19
4728,20448,19
4730,16214,19
4764,9675,19
4777,21864,19
4797,5455,19
4819,21099,19
4821,18461,19
4855,5227,19
4855,18150,19
4856,9339,19
4867,22300,19
4874,7402,19
4899,12543,19
4951,5461,19
4982,10122,19
4990,6787,19
5002,20008,19
5036,12645,19
5054,9172,19
5063,6708,19
5073,17647,19
5073,22634,19
5094,14990,19
5114,19447,19
5125,13551,19
5133,18773,19
5143,10352,19
5162,6634,19
5164,20888,19
5222,19301,19
5274,20527,19
5289,10832,19
5307,10138,19
5331,17693,19
5347,11839,19
5364,8627,19
5376,10247,19
5384,10388,19
5384,17695,19
5397,16192,19
5422,15721,19
5426,12163,19
5426,17041,19
5426,20070,19
5435,10062,19
5454,8130,19
5461,19415,19
5462,18356,19
5479,8519,19
5482,17461,19
5503,21435,19
5531,21415,19
5538,13414,19
5554,13490,19
5557,14623,19
5570,16674,19
5571,8617,19
5586,15414,19
5589,9689,19
5621,18359,19
5627,13750,19
5631,18033,19
5695,12409,19
5720,10657,19
5735,16151,19
5771,10620,19
5793,7518,19
5798,22520,19
5805,7127,19
5832,13118,19
5832,16192,19
5835,8380,19
5835,15236,19
5877,12014,19
5877,17463,19
5878,8523,19
5900,12349,19
5900,13718,19
5910,7076,19
5912,16916,19
5918,10321,19
5979,12365,19
5988,9457,19
6009,10218,19
6026,6946,19
6026,9213,19
6035,10224,19
6043,20847,19
6055,18100,19
6071,22660,19
6100,9671,19
6114,18397,19
6118,13917,19
6168,6741,19
6175,18461,19
6191,12368,19
6234,21203,19
6273,13775,19
6278,15088,19
6306,7867,19
6306,8232,19
6321,8852,19
6336,18131,19
6347,22313,19
6355,18952,19
6361,17167,19
6367,19799,19
6395,6992,19
6412,8154,19
6414,9601,19
6420,13170,19
6420,18487,19
6420,22039,19
6427,8695,19
6433,7371,19
6459,21780,19
6524,8787,19
6528,9428,19
6534,15630,19
6596,13783,19
6621,18915,19
6651,8268,19
6666,17205,19
6672,10864,19
6677,16447,19
6707,6747,19
6707,18257,19
6737,7073,19
6742,7838,19
6758,18074,19
6758,19718,19
6764,9724,19
6771,8452,19
6777,17346,19
6787,13849,19
6793,10115,19
6793,11760,19
6807,6833,19
6807,17012,19
6905,8233,19
6910,9730,19
6980,14779,19
6982,11173,19
6982,17529,19
6995,18000,19
7044,18399,19
7052,20791,19
7054,10423,19
7059,15448,19
7092,20311,19
7095,10696,19
7127,14548,19
7130,14465,19
7140,18732,19
7154,22041,19
7216,7305,19
7218,9971,19
7229,10429,19
7273,22334,19
7275,17126,19
7282,20771,19
7283,13455,19
7304,12169,19
7331,19463,19
7352,11993,19
7353,9987,19
7353,10301,19
7359,13581,19
7364,15656,19
7369,7569,19
7416,15436,19
7434,18996,19
7437,7485,19
7472,17068,19
7485,22657,19
7507,12834,19
7511,7832,19
7516,13728,19
7517,13261,19
7528,18169,19
7538,17331,19
7540,15647,19
7549,16215,19
7577,17675,19
7654,10574,19
7690,18540,19
7693,11168,19
7773,10284,19
7819,9273,19
7835,16050,19
7849,17699,19
7853,12800,19
7885,20420,19
7941,19605,19
7964,14954,19
7980,19267,19
8009,9986,19
8025,9055,19
8032,8036,19
8067,18109,19
8067,20718,19
8073,18838,19
8183,14989,19
8183,16726,19
8203,18738,19
8221,12411,19
8260,14316,19
8260,16402,19
8273,9568,19
8286,22029,19
8304,12373,19
8325,13859,19
8354,9304,19
8359,18293,19
8360,15987,19
8360,17595,19
8413,11222,19
8415,21845,19
8418,12884,19
8466,12674,19
8490,15300,19
8491,19715,19
8493,21114,19
8501,11302,19
8501,15998,19
8519,12279,19
8523,21185,19
8538,19450,19
8542,13192,19
8544,21662,19
8545,10936,19
8552,12230,19
8591,15303,19
8602,10904,19
8602,11829,19
8636,21557,19
8685,19684,19
8702,21969,19
8705,20791,19
8721,15737,19
8737,17999,19
8742,20003,19
8755,21655,19
8777,22117,19
8783,14235,19
8800,11647,19
8828,16483,19
8851,12239,19
8852,16375,19
8890,13183,19
8900,11530,19
8901,15985,19
8930,13645,19
8935,9180,19
8965,21940,19
8976,22115,19
9088,11525,19
9117,13775,19
9117,15583,19
9131,19393,19
9144,21398,19
9152,11908,19
9152,17954,19
9172,12535,19
9183,13056,19
9213,16832,19
9217,14360,19
9240,10858,19
9246,13410,19
9281,9739,19
9304,12215,19
9333,9581,19
9359,17123,19
9385,12642,19
9429,19381,19
9449,9696,19
9475,17789,19
9481,21082,19
9491,14618,19
9499,12060,19
9501,16366,19
9511,11386,19
9520,11746,19
9529,19587,19
9529,21373,19
9540,17068,19
9581,18257,19
9587,13118,19
9594,21341,19
9655,14956,19
9660,13347,19
9675,17068,19
9677,19830,19
9697,15817,19
9722,9746,19
9731,19845,19
9753,21238,19
9823,14956,19
9870,14648,19
9896,16329,19
9937,11532,19
9947,15610,19
9976,20969,19
9986,15217,19
9992,22192,19
10020,16935,19
10023,16455,19
10032,20619,19
10043,20706,19
10118,10988,19
10130,14949,19
10217,13414,19
10243,16818,19
10246,12775,19
10273,14479,19
10276,13378,19
10284,18510,19
10287,13437,19
10381,16326,19
10413,21874,19
10414,13482,19
10414,19176,19
10427,17638,19
10446,15870,19
10455,18763,19
10493,10676,19
10519,20511,19
10528,13013,19
10533,21203,19
10545,16215,19
10556,11219,19
10566,15394,19
10605,13507,19
10606,21203,19
10614,13118,19
10639,11980,19
10663,22499,19
10673,13868,19
10678,11669,19
10678,16999,19
10700,17262,19
10704,15149,19
10705,14684,19
10741,13110,19
10752,16915,19
10763,18010,19
10805,21346,19
10810,20969,19
10842,11829,19
10859,13338,19
10908,20801,19
10943,20080,19
10959,12228,19
10988,19382,19
11037,21635,19
11172,15024,19
11172,19492,19
11227,12917,19
11248,16821,19
11263,20997,19
11281,15777,19
11284,22536,19
11302,11476,19
11303,20472,19
11326,17594,19
11370,21069,19
11389,21675,19
11423,13245,19
11423,15486,19
11437,14764,19
11437,19314,19
11505,14877,19
11521,12956,19
11521,15492,19
11521,16452,19
11521,20448,19
11532,14074,19
11532,16151,19
11660,16620,19
11669,12558,19
11713,16445,19
11750,16999,19
11756,14586,19
11760,19903,19
11771,16077,19
11810,21662,19
11819,15143,19
11829,22292,19
11852,12548,19
11939,13414,19
11991,13822,19
11993,12917,19
11993,22133,19
12015,16037,19
12051,15338,19
12060,18307,19
12081,16599,19
12081,22009,19
12089,18015,19
12089,18706,19
12092,18133,19
12117,12956,19
12117,18459,19
12119,18065,19
12136,20196,19
12139,14241,19
12150,17487,19
12174,18313,19
12249,13996,19
12251,21420,19
12271,22026,19
12281,15180,19
12288,14830,19
12347,17417,19
12347,19312,19
12409,15091,19
12440,13056,19
12440,14578,19
12440,21411,19
12454,20277,19
12465,14703,19
12488,15299,19
12494,17015,19
12517,13849,19
12542,22085,19
12562,18455,19
12617,19842,19
12630,22576,19
12686,21415,19
12694,14607,19
12698,21087,19
12827,14178,19
12831,21423,19
12834,13411,19
12837,16897,19
12843,15887,19
12891,14073,19
12892,20645,19
12901,18284,19
12936,22088,19
12949,17647,19
12960,13318,19
12975,14416,19
12994,16599,19
13013,14764,19
13021,18857,19
13085,19772,19
13088,13824,19
13094,14834,19
13099,22634,19
13120,18618,19
13158,14969,19
13174,13330,19
13195,13745,19
13257,17126,19
13307,19612,19
13316,19280,19
13346,17393,19
13355,17690,19
13382,20535,19
13389,19604,19
13432,14303,19
13455,17478,19
13501,17699,19
13549,14690,19
13559,19066,19
13596,17856,19
13650,20344,19
13789,15652,19
13849,17897,19
13866,22346,19
13930,14223,19
13943,21951,19
14027,21080,19
14108,14460,19
14163,21637,19
14235,17794,19
14266,16410,19
14269,21640,19
14343,20765,19
14395,16050,19
14395,17856,19
14424,20350,19
14424,22634,19
14444,22366,19
14446,15390,19
14598,22535,19
14604,16968,19
14623,18295,19
14665,19689,19
14676,21762,19
14754,16292,19
14956,18280,19
14964,22319,19
15008,17550,19
15055,20798,19
15151,18213,19
15151,18954,19
15228,16615,19
15236,19750,19
15255,20149,19
15261,20061,19
15268,15990,19
15418,17432,19
15447,19114,19
15492,20839,19
15526,19018,19
15564,15983,19
15616,18851,19
15647,20565,19
15680,22576,19
15712,15904,19
15793,16392,19
15802,19903,19
15802,21583,19
15909,17177,19
15916,19492,19
15956,16478,19
15957,20126,19
15984,22227,19
15985,18519,19
16018,22031,19
16271,22430,19
16327,20180,19
16402,16451,19
16467,16834,19
16474,18095,19
16481,18201,19
16606,19420,19
16763,20525,19
16775,18355,19
16848,21901,19
16901,16970,19
16912,19738,19
16998,21002,19
16998,22282,19
17001,18711,19
17037,22332,19
17062,18853,19
17070,22338,19
17094,21313,19
17097,17711,19
17110,21178,19
17190,18465,19
17256,22548,19
17270,21459,19
17397,18977,19
17407,19973,19
17432,17814,19
17442,18165,19
17461,21904,19
17550,21373,19
17594,21403,19
17659,17847,19
17744,19183,19
17745,20714,19
17875,18399,19
17915,20839,19
17960,20837,19
18016,22557,19
18078,18815,19
18104,19099,19
18200,19801,19
18280,20122,19
18354,22642,19
18375,20593,19
18430,20086,19
18443,21084,19
18513,19816,19
18536,19763,19
18606,21888,19
18654,22347,19
18676,21055,19
18721,19510,19
18721,20802,19
18721,21614,19
18761,22534,19
18771,22192,19
19031,20304,19
19047,21706,19
19114,19621,19
19178,20955,19
19203,21718,19
19267,21724,19
19375,20552,19
19415,21306,19
19680,21149,19
19772,20969,19
19813,22039,19
19845,20277,19
19905,20402,19
19986,20691,19
20042,21675,19
20089,22662,19
20114,22441,19
20149,21552,19
20208,21974,19
20315,20494,19
20428,22002,19
20547,20938,19
21007,22441,19
21373,22449,19
21415,21780,19
21639,21937,19
21937,22383,19
22022,22034,19
22071,22592,19
22280,22307,19
7,9419,20
10,12562,20
16,18777,20
20,22592,20
48,10458,20
67,15200,20
81,16354,20
87,5615,20
92,4829,20
92,18949,20
100,9596,20
145,2857,20
151,14871,20
167,14646,20
169,18181,20
173,11700,20
187,8707,20
190,2523,20
199,18033,20
203,10628,20
218,2020,20
228,10841,20
228,18516,20
250,19797,20
256,948,20
256,18763,20
256,19694,20
265,15125,20
284,348,20
308,21415,20
313,19969,20
325,16221,20
379,14087,20
386,5285,20
386,20547,20
393,5877,20
393,17012,20
394,911,20
400,14538,20
429,2566,20
437,21978,20
458,14113,20
459,1749,20
474,16277,20
477,6490,20
513,4317,20
515,6296,20
518,8307,20
520,6419,20
595,17387,20
609,13496,20
613,7929,20
619,18084,20
635,17977,20
665,3201,20
710,8731,20
724,10986,20
729,4899,20
730,17270,20
744,21082,20
755,14017,20
773,9144,20
774,21828,20
801,18459,20
818,8359,20
822,3825,20
822,11191,20
837,12949,20
887,7516,20
914,13199,20
937,16487,20
942,14820,20
959,12863,20
966,14128,20
1031,15086,20
1037,9019,20
1060,11335,20
1067,19212,20
1074,4584,20
1082,15190,20
1084,8864,20
1116,4684,20
1121,12879,20
1125,2390,20
1150,16421,20
1159,9100,20
1161,7968,20
1162,1717,20
1198,20029,20
1216,9727,20
1229,9180,20
1231,21311,20
1232,8466,20
1237,14150,20
1246,12379,20
1249,6754,20
1250,5805,20
1302,2227,20
1307,20140,20
1309,1539,20
1322,22449,20
1328,2071,20
1332,14566,20
1336,22438,20
1354,1622,20
1355,8755,20
1401,6051,20
1435,15238,20
1437,22338,20
1481,11755,20
1488,14190,20
1501,11521,20
1509,17961,20
1512,14600,20
1525,11085,20
1531,13732,20
1534,9386,20
1565,18212,20
1574,2255,20
1578,14031,20
1585,4620,20
1587,16145,20
1592,9865,20
1603,21275,20
1616,5859,20
1616,9214,20
1616,12250,20
1616,13086,20
1623,19570,20
1626,10152,20
1651,22009,20
1651,22430,20
1668,3196,20
1677,2960,20
1677,8833,20
1677,11255,20
1694,3218,20
1700,2305,20
1708,18062,20
1723,12174,20
1770,16292,20
1796,8286,20
1806,14655,20
1807,2227,20
1811,16761,20
1819,17611,20
1849,10096,20
1885,16572,20
1902,14756,20
1913,6892,20
1922,15086,20
1932,3657,20
1932,4776,20
1953,19707,20
1974,8418,20
1974,14116,20
1979,12202,20
2003,22451,20
2024,6316,20
2027,10696,20
2031,12573,20
2048,9374,20
2051,13918,20
2085,10731,20
2111,14773,20
2121,22052,20
2124,13816,20
2132,22186,20
2152,7811,20
2170,8286,20
2180,19172,20
2183,3381,20
2195,17988,20
2198,10804,20
2200,15294,20
2216,3268,20
2216,5176,20
2255,19487,20
2262,13832,20
2276,13194,20
2276,14999,20
2288,16998,20
2290,19510,20
2304,8229,20
2312,8876,20
2359,8789,20
2370,8965,20
2371,15238,20
2374,17488,20
2388,13553,20
2389,12578,20
2389,18627,20
2396,5274,20
2399,4393,20
2427,17777,20
2472,10864,20
2479,14773,20
2480,8431,20
2487,19489,20
2494,9934,20
2508,19329,20
2510,7451,20
2511,7044,20
2511,17176,20
2512,18046,20
2539,18298,20
2546,4998,20
2552,7350,20
2559,9214,20
2559,15057,20
2566,2995,20
2566,13838,20
2581,22255,20
2583,7357,20
2583,16490,20
2583,17756,20
2600,10135,20
2604,13882,20
2609,5879,20
2609,18543,20
2650,3575,20
2664,4382,20
2689,21884,20
2708,16447,20
2722,20307,20
2722,21723,20
2746,9806,20
2746,21568,20
2750,10195,20
2751,6237,20
2760,16196,20
2781,21031,20
2793,9698,20
2802,15812,20
2808,18159,20
2819,19903,20
2852,10022,20
2875,8721,20
2887,12496,20
2895,8251,20
2913,15912,20
2949,17041,20
2957,13184,20
2992,16799,20
3038,21459,20
3113,14335,20
3127,12081,20
3136,15694,20
3141,6072,20
3156,5432,20
3156,19281,20
3184,15344,20
3193,10152,20
3193,13008,20
3210,14940,20
3218,12102,20
3238,15640,20
3242,17068,20
3243,10439,20
3243,18172,20
3251,17506,20
3251,20185,20
3258,22338,20
3279,17692,20
3301,8504,20
3349,9078,20
3356,20256,20
3395,15294,20
3422,19178,20
3445,11309,20
3449,5621,20
3459,3464,20
3461,16963,20
3461,21226,20
3471,14919,20
3476,22654,20
3482,21727,20
3506,9640,20
3524,9578,20
3532,20100,20
3540,21614,20
3558,7954,20
3569,4304,20
3574,13171,20
3586,16385,20
3632,9677,20
3665,7026,20
3716,18702,20
3718,7204,20
3718,20791,20
3814,13423,20
3870,6316,20
3889,13094,20
3889,16110,20
3897,13906,20
3915,18283,20
3958,5193,20
3960,12377,20
3975,13471,20
3985,9337,20
3987,22520,20
4008,8374,20
4012,15097,20
4016,7805,20
4037,6278,20
4051,13655,20
4051,14699,20
4066,14140,20
4096,12917,20
4105,15448,20
4121,11781,20
4122,13453,20
4140,16884,20
4146,4777,20
4146,18771,20
4169,5238,20
4169,5954,20
4171,5422,20
4177,13734,20
4193,10943,20
4195,18397,20
4206,6552,20
4206,11993,20
4235,9117,20
4235,19792,20
4253,9675,20
4253,22334,20
4254,11455,20
4258,16294,20
4301,16375,20
4304,4899,20
4347,14437,20
4357,8284,20
4376,14581,20
4377,7807,20
4378,21384,20
4382,19510,20
4400,5835,20
4437,7331,20
4442,4953,20
4445,7654,20
4445,22215,20
4523,9965,20
4546,17393,20
4563,4953,20
4579,7995,20
4582,16940,20
4588,15735,20
4601,18928,20
4603,19924,20
4608,22520,20
4619,20205,20
4626,19359,20
4637,13111,20
4663,13013,20
4682,12863,20
4712,8348,20
4738,17113,20
4741,19028,20
4843,16674,20
4853,8898,20
4855,15916,20
4868,8630,20
4883,21912,20
4964,7163,20
4968,6262,20
5000,15328,20
5002,15817,20
5038,7317,20
5050,14336,20
5054,21699,20
5073,8154,20
5089,7769,20
5133,9649,20
5140,9156,20
5162,11669,20
5166,20999,20
5246,8433,20
5249,19382,20
5262,17387,20
5283,12760,20
5286,8004,20
5405,8685,20
5405,22319,20
5416,11377,20
5422,22583,20
5432,19052,20
5440,14359,20
5440,14907,20
5457,7769,20
5461,17264,20
5499,22583,20
5504,9330,20
5506,16291,20
5513,6665,20
5542,7069,20
5554,15980,20
5571,11775,20
5582,11021,20
5603,12244,20
5607,14586,20
5627,21769,20
5637,9539,20
5648,10284,20
5698,22668,20
5719,12499,20
5728,12674,20
5778,10887,20
5786,12908,20
5793,8699,20
5793,16564,20
5822,11437,20
5830,13015,20
5858,14652,20
5858,21384,20
5864,10302,20
5868,17277,20
5894,19056,20
5894,22499,20
5936,13316,20
5948,8640,20
5948,8645,20
5979,18477,20
5988,11829,20
6001,17949,20
6035,15151,20
6035,21311,20
6056,20129,20
6067,16056,20
6071,15020,20
6085,10827,20
6085,11760,20
6091,21203,20
6111,7673,20
6118,11310,20
6148,11500,20
6158,8979,20
6162,20480,20
6162,20683,20
6275,10562,20
6281,11834,20
6303,12883,20
6379,21552,20
6395,9349,20
6404,10825,20
6405,13453,20
6420,6510,20
6421,7271,20
6433,13414,20
6449,18452,20
6449,21551,20
6454,17185,20
6483,17386,20
6502,18408,20
6529,21911,20
6531,17297,20
6603,8705,20
6615,12397,20
6621,13261,20
6646,22417,20
6649,19177,20
6668,18092,20
6668,20765,20
6686,9074,20
6691,18688,20
6737,22022,20
6741,18631,20
6763,15482,20
6769,20767,20
6819,21070,20
6843,10532,20
6853,8107,20
6892,15200,20
6906,22441,20
6907,12881,20
6911,15748,20
6924,22107,20
6927,16392,20
6955,15309,20
6979,13374,20
6992,10657,20
6994,22173,20
7001,19836,20
7050,11284,20
7052,19575,20
7058,8603,20
7062,10528,20
7067,8530,20
7092,21640,20
7115,15322,20
7127,18115,20
7139,15874,20
7140,14902,20
7156,14026,20
7207,14976,20
7220,9652,20
7229,8307,20
7229,11191,20
7234,11521,20
7257,19255,20
7259,17386,20
7259,18699,20
7273,18447,20
7273,22634,20
7287,15143,20
7304,14289,20
7353,20349,20
7364,19375,20
7377,8284,20
7401,20169,20
7406,16678,20
7416,14726,20
7434,16761,20
7451,17046,20
7477,7535,20
7509,13606,20
7521,11961,20
7521,20511,20
7522,16546,20
7527,8964,20
7535,17537,20
7557,12337,20
7558,21758,20
7584,17035,20
7654,17534,20
7676,18733,20
7695,16951,20
7701,15445,20
7707,19176,20
7716,11414,20
7716,12497,20
7716,22628,20
7773,21359,20
7821,21826,20
7823,22375,20
7828,22122,20
7829,18055,20
7831,8549,20
7837,16922,20
7853,12834,20
7866,19892,20
7899,9907,20
7934,10916,20
7934,15476,20
7934,18671,20
7938,17298,20
7962,10119,20
7968,13832,20
7969,22022,20
7972,14528,20
8009,9167,20
8025,18627,20
8110,12131,20
8115,10500,20
8133,17537,20
8134,13775,20
8154,21143,20
8161,14216,20
8163,9152,20
8163,9295,20
8163,19757,20
8212,19005,20
8232,12960,20
8232,22307,20
8253,17502,20
8253,19538,20
8270,15066,20
8284,13213,20
8286,13482,20
8302,10779,20
8302,13086,20
8302,16271,20
8334,14660,20
8401,20646,20
8415,16145,20
8427,9888,20
8427,18932,20
8448,19656,20
8482,22078,20
8489,18593,20
8501,17248,20
8502,18853,20
8520,21275,20
8552,13261,20
8577,9675,20
8602,10677,20
8629,15656,20
8636,19823,20
8664,18343,20
8666,10118,20
8672,15880,20
8680,22336,20
8685,22064,20
8690,9516,20
8718,11048,20
8718,20556,20
8727,11718,20
8727,19681,20
8731,20302,20
8755,14979,20
8784,12400,20
8799,12644,20
8800,9190,20
8801,17799,20
8801,21886,20
8802,9144,20
8818,17130,20
8840,9019,20
8879,12342,20
8965,19718,20
8971,21967,20
8974,20114,20
8974,21380,20
8979,17346,20
8984,14618,20
8985,12194,20
9023,22285,20
9025,20646,20
9074,21479,20
9077,16813,20
9078,18145,20
9183,17586,20
9190,13299,20
9214,15504,20
9231,14042,20
9239,15716,20
9260,17112,20
9295,9594,20
9331,15384,20
9349,20547,20
9435,14980,20
9436,11483,20
9481,13076,20
9495,10220,20
9516,21140,20
9529,19312,20
9530,20872,20
9540,10277,20
9547,22152,20
9647,20245,20
9651,14293,20
9672,9806,20
9677,19888,20
9677,21953,20
9684,15374,20
9698,21442,20
9702,13365,20
9727,19416,20
9742,15344,20
9768,15401,20
9791,11658,20
9836,16380,20
9852,17064,20
9874,12538,20
9909,17915,20
9917,11596,20
9928,12709,20
9933,12775,20
9933,12843,20
9943,16264,20
9948,18150,20
9965,21781,20
9971,17795,20
10043,10988,20
10043,12326,20
10056,22174,20
10118,21825,20
10130,14067,20
10130,15768,20
10197,15594,20
10209,19111,20
10212,19178,20
10220,18278,20
10222,21968,20
10246,17404,20
10252,13774,20
10295,13928,20
10300,16821,20
10339,17732,20
10396,14259,20
10407,12718,20
10413,19447,20
10431,14190,20
10439,17484,20
10479,16353,20
10482,16622,20
10482,20102,20
10507,16021,20
10514,11792,20
10528,21968,20
10532,12642,20
10572,20018,20
10584,16562,20
10614,19068,20
10655,18128,20
10663,18767,20
10706,12871,20
10752,13618,20
10858,20646,20
10949,15594,20
10982,21585,20
11019,20558,20
11036,17079,20
11062,15850,20
11125,17461,20
11125,19463,20
11149,11920,20
11169,17502,20
11175,20871,20
11187,11374,20
11219,15358,20
11223,18084,20
11235,15041,20
11255,15726,20
11255,21007,20
11308,14950,20
11353,13289,20
11377,12192,20
11394,11961,20
11412,21679,20
11418,19502,20
11426,16546,20
11426,22280,20
11437,21382,20
11466,11558,20
11482,14690,20
11633,22632,20
11651,12009,20
11745,21851,20
11769,15380,20
11820,19875,20
11830,20016,20
11862,16425,20
11884,15759,20
11908,13849,20
12008,15847,20
12014,13064,20
12081,13022,20
12116,15869,20
12116,21384,20
12158,22033,20
12230,17220,20
12279,14754,20
12315,17756,20
12337,16155,20
12337,20687,20
12342,14460,20
12383,22375,20
12397,22071,20
12409,12573,20
12454,12891,20
12460,13284,20
12626,18979,20
12644,20775,20
12674,16688,20
12713,22327,20
12718,21306,20
12746,13208,20
12746,19487,20
12802,20900,20
12821,22009,20
12843,14982,20
12904,19068,20
13022,21814,20
13050,21008,20
13061,14753,20
13065,13946,20
13066,17875,20
13094,19693,20
13162,22587,20
13171,19312,20
13206,21459,20
13211,20746,20
13213,14652,20
13249,14241,20
13267,20872,20
13295,14508,20
13349,13679,20
13355,15128,20
13365,22499,20
13384,16631,20
13410,15451,20
13437,17805,20
13446,14278,20
13450,17465,20
13479,17967,20
13482,19416,20
13507,22343,20
13511,15185,20
13524,19249,20
13561,20971,20
13565,15492,20
13641,18500,20
13730,14128,20
13800,15928,20
13801,19876,20
13805,16174,20
13829,19055,20
13935,19308,20
13965,19249,20
14027,15268,20
14031,18109,20
14115,19267,20
14116,19811,20
14216,15705,20
14254,20424,20
14269,17300,20
14388,14485,20
14502,14755,20
14576,19364,20
14588,14690,20
14588,19684,20
14652,19836,20
14663,20951,20
14690,14964,20
14690,16599,20
14692,19716,20
14699,22088,20
14740,18888,20
14821,22017,20
14877,20422,20
14886,16253,20
14913,18345,20
14923,20424,20
14939,16848,20
14964,20248,20
14987,21640,20
15006,21293,20
15046,20518,20
15088,16679,20
15111,19267,20
15116,16933,20
15128,19076,20
15257,21160,20
15301,20099,20
15320,20884,20
15529,18934,20
15564,21797,20
15594,17286,20
15656,18765,20
15656,20657,20
15721,16455,20
15772,16439,20
15828,21384,20
15845,19754,20
15860,18145,20
15894,17695,20
15908,22621,20
15916,20846,20
15994,16286,20
16009,18748,20
16016,21701,20
16231,19900,20
16233,16380,20
16420,20397,20
16485,18404,20
16546,19067,20
16557,21132,20
16566,20114,20
16572,21651,20
16739,21721,20
16740,21755,20
16759,16911,20
16790,21191,20
16884,19836,20
16884,22430,20
16999,17695,20
17036,19705,20
17064,21275,20
17070,18459,20
17243,21934,20
17387,17540,20
17478,22366,20
17626,22449,20
17648,21610,20
17670,21733,20
17680,19612,20
17686,19303,20
17711,20797,20
17763,21797,20
17846,21790,20
17930,20071,20
17978,18821,20
17988,18598,20
18026,20761,20
18033,21387,20
18062,22329,20
18092,19836,20
18109,19415,20
18456,21525,20
18529,22591,20
18631,20894,20
18682,20872,20
18682,21140,20
18811,19343,20
19176,21554,20
19352,19439,20
19582,20405,20
19870,22146,20
19892,22227,20
19924,21491,20
19946,20185,20
19952,20926,20
19974,21745,20
19986,20593,20
20988,21226,20
21109,22115,20
21311,21373,20
21385,21669,20
21463,22133,20
21597,21846,20
21635,22634,20
21864,22457,20
21977,22187,20
7,16618,21
19,2977,21
25,470,21
46,1073,21
71,19973,21
73,16413,21
96,10967,21
128,17039,21
128,19203,21
134,9534,21
141,13406,21
198,20590,21
199,11227,21
227,5503,21
228,8794,21
265,2614,21
284,18033,21
299,13551,21
307,2480,21
313,21646,21
326,4169,21
332,9755,21
346,1727,21
348,17540,21
381,1121,21
403,18810,21
404,13478,21
428,12483,21
438,12570,21
441,8570,21
443,6528,21
450,10850,21
450,15618,21
458,2020,21
462,14703,21
466,1548,21
466,12578,21
469,11521,21
474,17057,21
531,18606,21
535,10564,21
540,19172,21
597,4195,21
603,4811,21
603,5588,21
603,9806,21
631,1501,21
690,11852,21
712,3970,21
722,10247,21
730,19605,21
744,16402,21
758,4979,21
763,6298,21
801,12497,21
822,4646,21
830,14221,21
844,15916,21
846,4542,21
870,5799,21
870,16104,21
887,13805,21
905,15299,21
922,21675,21
948,12002,21
975,4615,21
997,6396,21
998,12232,21
1029,2160,21
1037,12413,21
1037,15894,21
1119,6414,21
1141,6248,21
1161,6677,21
1161,9987,21
1187,22204,21
1188,3025,21
1196,11181,21
1231,6231,21
1237,16883,21
1238,9078,21
1246,13046,21
1294,15122,21
1312,14586,21
1312,21321,21
1322,14446,21
1328,1647,21
1332,3109,21
1332,22057,21
1347,10519,21
1367,16132,21
1399,12472,21
1408,14036,21
1433,3156,21
1456,6995,21
1492,17190,21
1494,22430,21
1501,15912,21
1506,21371,21
1525,2793,21
1534,6595,21
1539,7353,21
1571,3152,21
1587,11219,21
1587,18197,21
1595,20495,21
1616,20911,21
1627,2935,21
1627,13487,21
1633,18019,21
1667,10096,21
1691,7064,21
1708,4253,21
1708,19624,21
1728,17774,21
1732,17712,21
1747,21389,21
1753,20061,21
1771,15708,21
1789,3164,21
1796,9327,21
1796,13191,21
1803,4435,21
1807,12904,21
1820,19005,21
1839,10178,21
1848,3351,21
1848,7963,21
1849,9391,21
1868,12959,21
1871,11131,21
1877,13935,21
1907,20608,21
1958,13254,21
2016,20143,21
2022,12409,21
2022,14469,21
2067,21475,21
2111,8300,21
2111,8672,21
2132,21958,21
2145,3648,21
2151,18335,21
2151,20880,21
2159,5370,21
2165,4620,21
2177,19261,21
2184,2394,21
2186,6272,21
2195,6793,21
2198,15585,21
2211,10741,21
2230,18844,21
2240,18571,21
2276,11760,21
2290,3349,21
2313,5940,21
2339,7449,21
2386,13479,21
2394,13679,21
2427,20180,21
2452,4563,21
2459,17932,21
2485,14820,21
2493,8412,21
2498,21290,21
2546,9529,21
2556,9564,21
2609,4049,21
2609,19447,21
2651,5621,21
2679,22324,21
2707,12657,21
2722,5858,21
2736,14521,21
2746,14574,21
2808,21054,21
2841,4962,21
2841,5482,21
2846,16380,21
2852,15295,21
2852,17756,21
2854,13911,21
2905,3825,21
2927,5541,21
2927,7377,21
2940,12562,21
2943,20344,21
2961,16292,21
2971,10074,21
2979,22441,21
2982,16033,21
2995,16562,21
3002,18933,21
3070,8783,21
3083,5858,21
3128,17405,21
3155,3399,21
3155,4633,21
3163,14242,21
3164,10039,21
3201,18437,21
3208,12001,21
3208,20969,21
3209,17303,21
3242,17419,21
3248,8755,21
3248,11374,21
3274,4069,21
3275,17316,21
3299,16889,21
3308,15344,21
3324,7136,21
3381,20611,21
3399,18767,21
3409,21718,21
3422,15916,21
3436,4987,21
3459,15217,21
3464,5859,21
3493,9959,21
3503,5172,21
3506,11993,21
3551,16050,21
3575,9628,21
3653,8851,21
3655,20702,21
3697,5816,21
3716,5073,21
3731,21323,21
3745,10305,21
3820,7575,21
3820,8978,21
3875,12335,21
3905,8801,21
3924,22423,21
3937,12139,21
3967,22016,21
3983,18052,21
4026,10944,21
4029,19813,21
4035,11912,21
4041,11333,21
4105,14625,21
4110,20518,21
4114,13048,21
4129,13138,21
4148,22156,21
4157,15390,21
4169,11603,21
4171,16818,21
4171,17766,21
4243,19265,21
4253,10936,21
4286,10907,21
4328,20348,21
4347,21898,21
4355,22361,21
4377,12154,21
4393,5467,21
4410,13574,21
4427,22559,21
4438,15027,21
4441,22319,21
4442,20791,21
4444,13697,21
4523,20149,21
4531,8269,21
4561,18714,21
4586,6596,21
4608,22366,21
4616,16871,21
4643,9956,21
4646,11252,21
4663,6327,21
4722,22678,21
4757,15574,21
4811,22366,21
4828,10146,21
4853,15265,21
4859,12465,21
4859,20529,21
4872,8236,21
4872,9654,21
4872,14036,21
4874,12180,21
4882,8487,21
4882,21696,21
4899,15487,21
4900,8062,21
4905,10022,21
4952,12874,21
4957,15138,21
4968,10038,21
5020,6272,21
5033,16231,21
5042,16689,21
5107,17159,21
5133,6198,21
5133,19176,21
5133,19178,21
5163,17432,21
5199,11821,21
5229,9971,21
5231,5285,21
5238,6272,21
5258,5347,21
5262,12001,21
5262,21387,21
5264,7964,21
5273,14679,21
5327,14026,21
5349,10674,21
5365,17599,21
5370,12180,21
5372,14480,21
5405,17037,21
5413,8757,21
5422,17142,21
5422,19718,21
5422,20349,21
5432,21226,21
5434,10023,21
5441,18025,21
5461,19076,21
5470,13414,21
5482,14042,21
5503,9515,21
5547,6114,21
5554,15020,21
5573,17152,21
5589,10321,21
5592,8984,21
5597,17346,21
5619,15768,21
5621,15344,21
5664,16856,21
5664,21618,21
5668,9117,21
5674,20537,21
5695,6395,21
5787,10246,21
5805,21981,21
5820,14520,21
5827,10513,21
5827,17771,21
5858,19684,21
5910,18174,21
5948,22592,21
5991,10721,21
6002,12931,21
6098,8914,21
6119,9469,21
6132,7916,21
6162,13838,21
6198,14088,21
6216,10123,21
6233,22573,21
6274,8913,21
6296,15574,21
6315,11210,21
6325,17377,21
6339,20730,21
6396,9708,21
6396,12548,21
6405,15176,21
6406,13076,21
6419,14316,21
6420,11647,21
6423,13299,21
6423,18114,21
6492,8268,21
6502,12081,21
6502,14922,21
6510,11173,21
6531,20775,21
6556,17771,21
6572,6577,21
6588,14790,21
6600,7525,21
6667,11821,21
6667,19927,21
6668,10352,21
6668,21143,21
6729,15465,21
6738,19633,21
6782,17271,21
6788,7580,21
6788,15567,21
6841,21352,21
6911,19665,21
6921,10147,21
6929,21468,21
6978,17572,21
6982,14460,21
6991,7685,21
6997,15351,21
7014,18366,21
7052,19271,21
7115,8323,21
7229,9052,21
7233,14115,21
7261,8705,21
7304,11284,21
7305,10175,21
7320,14031,21
7331,15825,21
7364,15780,21
7407,21610,21
7433,13597,21
7439,22668,21
7464,12150,21
7464,16615,21
7477,9581,21
7490,14223,21
7565,11829,21
7578,21373,21
7614,11202,21
7659,9627,21
7663,10576,21
7689,18192,21
7702,18769,21
7720,18496,21
7751,9469,21
7760,13877,21
7782,20349,21
7828,17202,21
7835,17041,21
7840,11767,21
7847,11175,21
7850,14690,21
7942,19119,21
7968,8144,21
7968,18183,21
8045,13423,21
8048,9240,21
8048,21038,21
8097,10669,21
8125,19665,21
8133,10721,21
8163,8666,21
8163,17190,21
8179,9617,21
8221,10986,21
8232,10744,21
8232,14571,21
8233,11477,21
8260,19783,21
8269,12978,21
8275,15058,21
8286,17794,21
8314,10339,21
8319,8334,21
8319,12363,21
8333,19673,21
8347,10427,21
8358,19762,21
8391,17011,21
8466,18334,21
8526,10985,21
8682,20601,21
8685,21389,21
8717,15323,21
8736,16399,21
8784,11530,21
8796,17345,21
8802,16214,21
8819,10887,21
8820,16016,21
8976,14576,21
9020,19641,21
9040,11003,21
9044,10521,21
9053,19375,21
9078,17461,21
9120,19387,21
9144,13264,21
9155,13293,21
9182,15894,21
9182,21560,21
9211,20307,21
9212,15526,21
9214,9747,21
9225,15575,21
9226,9551,21
9260,14231,21
9269,16192,21
9379,13125,21
9433,14031,21
9495,16177,21
9543,12347,21
9627,15206,21
9632,17897,21
9678,20603,21
9684,10448,21
9686,10329,21
9686,19386,21
9696,17343,21
9702,21520,21
9730,17256,21
9732,12950,21
9783,14623,21
9783,16998,21
9783,19633,21
9935,10876,21
9938,18482,21
9947,11037,21
9957,17079,21
9987,13486,21
9999,14216,21
10002,15088,21
10018,20010,21
10043,20559,21
10106,16444,21
10130,12416,21
10142,13477,21
10188,10398,21
10208,13355,21
10212,22307,21
10217,13199,21
10220,16133,21
10246,17782,21
10301,22029,21
10339,14744,21
10341,16603,21
10405,15594,21
10414,11621,21
10416,19311,21
10439,16557,21
10485,18083,21
10520,18487,21
10572,18266,21
10576,18486,21
10584,12499,21
10586,11541,21
10649,11388,21
10731,13906,21
10795,15985,21
10821,16689,21
10847,13008,21
10870,19460,21
10947,22559,21
10988,12669,21
10993,21663,21
11005,12888,21
11005,22122,21
11117,18183,21
11292,16392,21
11302,15280,21
11336,12136,21
11377,19031,21
11377,22307,21
11445,17012,21
11497,22210,21
11515,14249,21
11535,12723,21
11541,21874,21
11636,15206,21
11647,18090,21
11665,16631,21
11681,17153,21
11689,20518,21
11695,15173,21
11700,20368,21
11715,20422,21
11742,18430,21
11793,19755,21
11834,14794,21
11908,19076,21
11920,14409,21
11976,13153,21
11983,19907,21
11986,14792,21
12015,17297,21
12045,21203,21
12081,13875,21
12101,12215,21
12157,17190,21
12174,14216,21
12212,22250,21
12462,13278,21
12496,12624,21
12497,17057,21
12601,18448,21
12686,19747,21
12801,19265,21
12978,15046,21
12994,15560,21
12998,15000,21
13104,15656,21
13154,19148,21
13196,17387,21
13196,20061,21
13200,19973,21
13264,15725,21
13289,14160,21
13353,21936,21
13374,18763,21
13390,22345,21
13411,14755,21
13525,19425,21
13641,14999,21
13659,18390,21
13700,16883,21
13719,15343,21
13735,22313,21
13757,15370,21
13849,21483,21
13888,14314,21
13911,21932,21
13964,15477,21
13964,21177,21
13977,18735,21
14074,21663,21
14111,19836,21
14116,18090,21
14179,21299,21
14201,18540,21
14216,21715,21
14222,22610,21
14279,14652,21
14523,17502,21
14622,22196,21
14651,20547,21
14666,20542,21
14699,20480,21
14729,15656,21
14756,21398,21
14826,19178,21
14919,19447,21
14980,16207,21
14982,20620,21
14990,17428,21
14990,22366,21
15026,19466,21
15086,17064,21
15199,17961,21
15252,17487,21
15338,22290,21
15463,19699,21
15465,17484,21
15465,18724,21
15575,18717,21
15695,19242,21
15712,17162,21
15764,18766,21
15768,22381,21
15787,21050,21
15874,17552,21
15904,16035,21
15904,20728,21
15908,20061,21
15916,18721,21
16145,20787,21
16295,19946,21
16334,17070,21
16353,17264,21
16361,19228,21
16390,20404,21
16421,21031,21
16423,16733,21
16430,22192,21
16485,20554,21
16546,20111,21
16562,18701,21
16566,21715,21
16626,18634,21
16689,19489,21
16740,22029,21
16992,21307,21
17051,20070,21
17052,17550,21
17204,22029,21
17264,20839,21
17461,21969,21
17564,17972,21
17613,18316,21
17711,20082,21
17794,18566,21
17895,21713,21
17899,19152,21
17989,18755,21
18003,21266,21
18150,21723,21
18409,18800,21
18437,19386,21
18702,22216,21
18705,18736,21
18767,20149,21
18774,19851,21
18934,20692,21
18949,19695,21
19018,20765,21
19189,21321,21
19265,20081,21
19413,21224,21
19415,22211,21
19463,21623,21
19557,19716,21
19559,21468,21
19621,21630,21
19633,20041,21
19747,20593,21
19761,22587,21
19792,22594,21
19813,19836,21
19856,20344,21
19903,20692,21
20081,21084,21
20149,20686,21
20422,22029,21
20446,20518,21
20572,20628,21
20628,22031,21
21088,21304,21
21143,22029,21
21289,21675,21
21394,21780,21
21415,21635,21
21514,22088,21
21708,22624,21
22303,22319,21
25,430,22
67,1297,22
87,8900,22
92,2935,22
92,6905,22
92,7128,22
107,19337,22
107,21222,22
111,11312,22
154,21579,22
198,20196,22
199,2205,22
224,7552,22
224,11487,22
250,6212,22
278,11039,22
286,4601,22
307,14504,22
332,17407,22
346,21203,22
347,6721,22
348,11640,22
383,948,22
384,4364,22
384,13199,22
394,13814,22
400,4807,22
440,13499,22
483,17110,22
490,3184,22
502,11621,22
515,10875,22
531,16145,22
587,15727,22
587,21865,22
595,7615,22
616,1400,22
616,18077,22
665,6793,22
712,18738,22
719,19594,22
729,12875,22
730,3247,22
730,14473,22
733,10065,22
755,15252,22
760,14623,22
787,2690,22
801,19245,22
822,11532,22
822,17601,22
822,19114,22
832,19178,22
844,13154,22
844,18773,22
868,20999,22
883,15280,22
887,13196,22
913,2642,22
922,21940,22
966,14409,22
1058,11718,22
1094,21714,22
1098,6123,22
1143,1830,22
1143,19946,22
1150,14690,22
1155,9702,22
1213,9619,22
1222,11752,22
1224,14660,22
1238,2022,22
1259,4885,22
1267,10122,22
1309,14694,22
1309,18459,22
1332,4140,22
1345,2148,22
1347,15487,22
1385,12864,22
1409,17595,22
1417,20070,22
1425,9978,22
1425,16992,22
1426,13641,22
1433,12085,22
1450,10678,22
1470,14672,22
1518,5033,22
1538,11507,22
1564,18286,22
1574,20122,22
1585,18627,22
1616,7359,22
1626,13095,22
1651,15323,22
1660,4776,22
1667,3657,22
1684,6472,22
1705,14410,22
1738,14045,22
1797,11745,22
1800,6658,22
1807,4287,22
1807,4703,22
1807,19246,22
1817,8232,22
1822,11190,22
1834,6066,22
1886,8463,22
1901,14703,22
1974,6892,22
2003,13760,22
2022,19589,22
2023,21226,22
2046,4523,22
2089,14596,22
2090,5082,22
2097,12718,22
2100,7791,22
2163,2892,22
2184,17768,22
2184,19463,22
2195,2625,22
2199,17491,22
2204,16353,22
2204,22113,22
2227,3551,22
2240,3303,22
2274,11507,22
2288,21657,22
2289,3406,22
2302,17487,22
2327,7406,22
2348,2839,22
2373,6677,22
2375,12403,22
2390,7993,22
2394,10984,22
2396,9330,22
2447,5696,22
2458,6294,22
2475,16333,22
2477,3890,22
2553,20626,22
2580,9144,22
2583,19813,22
2664,19067,22
2676,22521,22
2687,20386,22
2708,14908,22
2715,13745,22
2744,3421,22
2751,10031,22
2781,13213,22
2796,6890,22
2801,22027,22
2808,13138,22
2810,14172,22
2839,10949,22
2852,13718,22
2852,21675,22
2868,10973,22
2871,16818,22
2875,14094,22
2913,15206,22
2939,14223,22
2940,5700,22
2949,21956,22
2950,5942,22
2977,12837,22
2981,14951,22
3023,10890,22
3040,21984,22
3070,6596,22
3070,19019,22
3121,5276,22
3155,15656,22
3156,3657,22
3184,20584,22
3201,3657,22
3208,14908,22
3226,4364,22
3256,20898,22
3258,4129,22
3395,17768,22
3402,17277,22
3408,15021,22
3409,13299,22
3423,8123,22
3439,10261,22
3439,17041,22
3468,19391,22
3472,8793,22
3507,17150,22
3521,3949,22
3535,11513,22
3554,14982,22
3608,12089,22
3615,10326,22
3617,19487,22
3623,9036,22
3711,10764,22
3715,15218,22
3716,18110,22
3751,6621,22
3779,18622,22
3814,7332,22
3870,19980,22
3892,16257,22
3920,18865,22
3924,6463,22
3924,22211,22
3934,14899,22
3943,11143,22
3963,10584,22
3963,14908,22
3963,16789,22
3964,21226,22
3988,4507,22
4008,21568,22
4012,13358,22
4018,14074,22
4019,12434,22
4039,19312,22
4092,19633,22
4121,8545,22
4140,13455,22
4169,8347,22
4171,9933,22
4258,9246,22
4286,13400,22
4287,9231,22
4297,19546,22
4327,13980,22
4347,16998,22
4349,10246,22
4364,10576,22
4382,11829,22
4395,14343,22
4410,4630,22
4414,11917,22
4441,18874,22
4444,9378,22
4445,8182,22
4451,17478,22
4547,6376,22
4611,17262,22
4615,20702,22
4621,19641,22
4645,6013,22
4646,21693,22
4655,7654,22
4655,13094,22
4656,19856,22
4656,21962,22
4668,8440,22
4668,8603,22
4682,11821,22
4684,13490,22
4692,10981,22
4697,5272,22
4706,13421,22
4712,10992,22
4718,12811,22
4747,17034,22
4752,13405,22
4785,7229,22
4838,8284,22
4843,9240,22
4868,7968,22
4895,5664,22
4899,7358,22
4952,15057,22
4964,10584,22
4964,12065,22
4972,9365,22
4998,14424,22
4998,21968,22
5033,11507,22
5073,19031,22
5133,17879,22
5224,5641,22
5226,17863,22
5230,21383,22
5238,7788,22
5249,12497,22
5267,13213,22
5274,9909,22
5331,10315,22
5371,10301,22
5397,7968,22
5422,6163,22
5426,5461,22
5436,7476,22
5455,22618,22
5463,6814,22
5463,13866,22
5466,11650,22
5492,7377,22
5510,14086,22
5510,20468,22
5513,12180,22
5517,16340,22
5530,20358,22
5531,6538,22
5539,6892,22
5541,5655,22
5554,17175,22
5560,7828,22
5586,15406,22
5621,22278,22
5681,7870,22
5805,6511,22
5827,14458,22
5835,10584,22
5874,16306,22
5878,15953,22
5893,10532,22
5900,20468,22
5920,15172,22
5941,18972,22
5961,19394,22
5986,21002,22
5988,17163,22
6086,17976,22
6086,20114,22
6091,11498,22
6119,12349,22
6173,20338,22
6217,8268,22
6231,18844,22
6248,8226,22
6273,18375,22
6302,14769,22
6303,19570,22
6306,10043,22
6306,18408,22
6364,13426,22
6389,13748,22
6399,10678,22
6420,21045,22
6440,17294,22
6475,17919,22
6498,11727,22
6501,9684,22
6509,13906,22
6513,14216,22
6570,16733,22
6596,19337,22
6624,14319,22
6635,9220,22
6668,8510,22
6672,21832,22
6673,17057,22
6686,19072,22
6750,17637,22
6752,22428,22
6769,8974,22
6781,19686,22
6787,22192,22
6814,19570,22
6861,17035,22
6905,10130,22
6929,14860,22
6986,13470,22
6992,16546,22
7004,18093,22
7032,16021,22
7052,22556,22
7136,13507,22
7142,12315,22
7151,15356,22
7174,17659,22
7257,19757,22
7261,8360,22
7275,12328,22
7323,13276,22
7350,18684,22
7358,19905,22
7371,7557,22
7377,22634,22
7386,13443,22
7391,18150,22
7402,10350,22
7419,15445,22
7457,12535,22
7460,20468,22
7464,8510,22
7485,12102,22
7485,15072,22
7492,22044,22
7501,20422,22
7502,8936,22
7509,12423,22
7513,12912,22
7521,9304,22
7525,9284,22
7584,11619,22
7584,11745,22
7584,12385,22
7589,19228,22
7634,18777,22
7654,13358,22
7672,15261,22
7713,10321,22
7736,14291,22
7773,18701,22
7782,11140,22
7828,13655,22
7828,18151,22
7835,17981,22
7968,8833,22
7968,20550,22
7968,21363,22
7993,22557,22
7994,15189,22
8010,13268,22
8104,13565,22
8134,16455,22
8163,16402,22
8163,19343,22
8196,18463,22
8196,20687,22
8203,15046,22
8229,15874,22
8232,15583,22
8251,10060,22
8260,9960,22
8271,17709,22
8302,8415,22
8334,20169,22
8335,18286,22
8342,11908,22
8380,14893,22
8552,11820,22
8630,22451,22
8680,20337,22
8706,18835,22
8751,22366,22
8753,13907,22
8794,15114,22
8851,16399,22
8863,16110,22
8923,22334,22
8954,9328,22
8985,11468,22
9010,19497,22
9059,19570,22
9107,18913,22
9131,16364,22
9144,17035,22
9165,10082,22
9166,15097,22
9166,20464,22
9171,20245,22
9172,9699,22
9224,17705,22
9230,14507,22
9235,13300,22
9246,22292,22
9290,20518,22
9328,22458,22
9392,9690,22
9422,19684,22
9481,19339,22
9515,19686,22
9515,22548,22
9516,12081,22
9545,18375,22
9548,21701,22
9551,18112,22
9564,19439,22
9576,17419,22
9578,21143,22
9601,13849,22
9601,21289,22
9632,14895,22
9654,19845,22
9677,14317,22
9678,18500,22
9731,13171,22
9794,13194,22
9806,9808,22
9806,20898,22
9824,14300,22
9849,13316,22
9987,17601,22
10175,11817,22
10197,13794,22
10246,19946,22
10284,10911,22
10295,12490,22
10327,18150,22
10388,20646,22
10489,18990,22
10555,12089,22
10574,18510,22
10576,19031,22
10585,21129,22
10614,18487,22
10674,19522,22
10678,15093,22
10738,13679,22
10788,16204,22
10855,12938,22
10859,12368,22
10907,17528,22
10955,18941,22
10989,21528,22
11016,21226,22
11048,17064,22
11113,14244,22
11117,14588,22
11166,17387,22
11175,16215,22
11252,21981,22
11339,13145,22
11344,14760,22
11376,22430,22
11410,16207,22
11482,16915,22
11483,14956,22
11487,11951,22
11498,20196,22
11541,12492,22
11551,16546,22
11576,18631,22
11592,18397,22
11597,20839,22
11603,19152,22
11621,14116,22
11642,15946,22
11669,20041,22
11681,19510,22
11715,12962,22
11751,16194,22
11756,19055,22
11780,18512,22
11785,12397,22
11828,18688,22
11835,16171,22
11862,19589,22
11928,17012,22
11939,20706,22
11976,19167,22
11986,15380,22
11991,15425,22
12046,14274,22
12046,17064,22
12081,15241,22
12104,17929,22
12123,20457,22
12169,14339,22
12220,21956,22
12232,17988,22
12232,22118,22
12250,18114,22
12294,14231,22
12363,19820,22
12397,15445,22
12499,14821,22
12527,19674,22
12535,15656,22
12565,16522,22
12570,20037,22
12581,13501,22
12631,13083,22
12648,12821,22
12864,21162,22
12922,17675,22
12978,14234,22
12978,20286,22
13001,20965,22
13035,13775,22
13089,15552,22
13145,17404,22
13153,17978,22
13154,14828,22
13154,17264,22
13170,22164,22
13211,18676,22
13299,21203,22
13398,19633,22
13450,19946,22
13455,17508,22
13455,18174,22
13455,20527,22
13474,15552,22
13519,15728,22
13545,16215,22
13551,16344,22
13563,14504,22
13626,16599,22
13658,19219,22
13760,14094,22
13789,18354,22
13796,19633,22
13807,15971,22
13849,16789,22
13866,17005,22
13892,20351,22
13895,20853,22
13996,20516,22
14026,17319,22
14036,15294,22
14048,18397,22
14049,19575,22
14057,18944,22
14258,15866,22
14263,17461,22
14308,16777,22
14323,17082,22
14337,17285,22
14504,16856,22
14548,20511,22
14686,15380,22
14719,15726,22
14719,19787,22
14729,22282,22
14778,16241,22
14826,16402,22
14834,19413,22
14919,15380,22
14919,16789,22
14964,20366,22
14980,18033,22
14987,22610,22
14989,17810,22
14993,22270,22
15045,22180,22
15052,19998,22
15128,20702,22
15150,17745,22
15152,16546,22
15185,15872,22
15223,20802,22
15255,18139,22
15320,20259,22
15349,21200,22
15371,20088,22
15376,17346,22
15401,19076,22
15401,21082,22
15463,19489,22
15492,17210,22
15492,21651,22
15521,17460,22
15564,19856,22
15570,16255,22
15601,16102,22
15680,17621,22
15867,16424,22
15916,17301,22
15932,22441,22
15995,21956,22
16032,19440,22
16084,21825,22
16258,18459,22
16294,16856,22
16365,21632,22
16385,22618,22
16584,19068,22
16821,20699,22
16973,21122,22
17010,19817,22
17028,21733,22
17200,22141,22
17229,20040,22
17286,22521,22
17391,17690,22
17416,19599,22
17529,22100,22
17699,19167,22
17760,19722,22
17864,20517,22
17946,18865,22
17949,19782,22
17964,22535,22
17974,21781,22
17982,20197,22
18066,21845,22
18120,22441,22
18153,20196,22
18338,21349,22
18375,22009,22
18459,20024,22
18671,21292,22
18767,22632,22
18771,20584,22
19159,19622,22
19207,21884,22
19261,22344,22
19285,19382,22
19633,19728,22
19647,20361,22
19705,21468,22
19757,21856,22
19989,20972,22
20209,20775,22
20470,21625,22
20507,21624,22
20547,22606,22
20576,21206,22
20808,22032,22
21046,22538,22
21255,21398,22
21313,22430,22
21389,21781,22
21864,22634,22
14,17005,23
20,11117,23
67,5858,23
81,16380,23
96,20192,23
124,11928,23
196,22100,23
198,283,23
256,21884,23
266,8794,23
270,21398,23
283,20628,23
292,8174,23
307,6231,23
339,19056,23
381,5143,23
383,17647,23
394,12879,23
422,7261,23
466,12824,23
466,22115,23
469,21160,23
474,526,23
490,16271,23
501,11483,23
501,16592,23
515,20688,23
515,22123,23
597,10208,23
603,15376,23
665,20504,23
696,1552,23
708,8281,23
712,8221,23
733,4859,23
734,7699,23
738,10842,23
758,3907,23
789,18117,23
808,16380,23
844,16145,23
848,13805,23
874,11182,23
877,3208,23
883,22423,23
887,2772,23
887,6799,23
887,20851,23
922,3679,23
939,16298,23
947,18555,23
948,19589,23
980,16402,23
991,14615,23
996,6499,23
996,15942,23
998,3964,23
1021,20796,23
1037,15912,23
1058,21394,23
1091,16444,23
1107,13497,23
1132,5641,23
1144,16426,23
1204,21259,23
1217,18901,23
1231,7261,23
1294,21786,23
1307,20525,23
1309,22283,23
1347,19337,23
1374,12102,23
1388,12807,23
1401,2177,23
1409,18461,23
1425,15463,23
1425,18627,23
1440,5267,23
1493,4608,23
1494,12570,23
1504,20798,23
1524,7577,23
1574,20646,23
1578,3044,23
1609,6677,23
1626,2187,23
1674,3960,23
1678,17599,23
1694,16485,23
1705,6004,23
1755,4127,23
1762,16818,23
1775,4743,23
1797,4858,23
1806,8737,23
1809,2254,23
1817,2708,23
1860,8334,23
1869,21635,23
1900,8319,23
1900,17976,23
1992,13208,23
2046,15942,23
2051,2290,23
2072,10566,23
2088,22048,23
2090,4675,23
2119,4029,23
2124,22167,23
2132,2874,23
2161,2988,23
2163,17675,23
2184,4301,23
2198,9330,23
2198,19605,23
2219,2734,23
2249,14234,23
2249,15280,23
2252,19123,23
2255,21468,23
2257,12730,23
2262,11640,23
2262,16327,23
2262,19716,23
2270,14690,23
2309,9982,23
2322,3955,23
2333,4656,23
2391,2566,23
2456,16818,23
2511,2664,23
2511,5461,23
2521,20626,23
2544,4425,23
2559,13736,23
2566,4350,23
2667,17202,23
2744,5877,23
2744,17428,23
2748,9540,23
2793,14939,23
2798,14980,23
2808,17653,23
2819,3256,23
2852,10479,23
2852,22521,23
2891,17656,23
2940,16911,23
2943,22280,23
2950,15597,23
2954,21738,23
2960,15739,23
3038,18627,23
3074,11760,23
3082,4441,23
3082,15152,23
3082,20038,23
3096,14882,23
3119,12645,23
3153,12096,23
3156,13490,23
3172,13088,23
3177,22378,23
3239,11769,23
3266,4139,23
3275,15492,23
3304,5125,23
3354,22398,23
3360,12917,23
3395,5786,23
3436,20248,23
3448,19017,23
3524,20977,23
3537,18455,23
3549,5531,23
3551,17015,23
3556,20609,23
3578,21657,23
3578,22459,23
3579,17484,23
3629,16070,23
3632,6890,23
3638,13906,23
3653,7773,23
3655,7050,23
3696,18443,23
3733,12405,23
3774,10390,23
3818,19312,23
3820,12877,23
3825,10537,23
3866,12072,23
3892,17791,23
3919,20075,23
3924,7949,23
3924,16777,23
3964,18864,23
3967,19152,23
3987,11949,23
4010,22637,23
4016,16027,23
4029,12349,23
4029,21552,23
4029,21859,23
4035,14699,23
4049,13801,23
4049,21250,23
4076,7083,23
4105,16821,23
4110,6273,23
4128,21298,23
4129,11466,23
4134,18156,23
4171,7306,23
4171,17678,23
4233,21583,23
4237,15057,23
4275,10301,23
4288,14216,23
4288,21289,23
4304,21480,23
4321,5578,23
4355,8979,23
4364,13322,23
4441,18177,23
4546,6933,23
4550,10511,23
4586,19797,23
4621,20381,23
4655,9211,23
4655,12232,23
4655,13992,23
4655,16303,23
4656,16707,23
4683,6423,23
4683,19375,23
4684,9052,23
4684,12797,23
4684,17977,23
4730,20381,23
4771,19633,23
4821,10141,23
4829,19873,23
4843,13165,23
4853,16380,23
4856,10507,23
4858,13775,23
4933,10221,23
4946,22169,23
4964,6239,23
5043,6149,23
5077,16351,23
5078,5917,23
5133,5463,23
5238,7029,23
5247,13965,23
5262,8427,23
5326,5416,23
5365,7517,23
5404,5957,23
5431,9530,23
5432,17190,23
5455,8459,23
5463,8898,23
5467,15750,23
5504,12962,23
5539,22592,23
5571,14428,23
5587,20351,23
5589,7490,23
5589,19836,23
5594,12904,23
5595,7053,23
5655,16027,23
5685,19801,23
5714,17215,23
5717,15995,23
5842,10771,23
5854,14832,23
5863,8445,23
5880,14520,23
5931,7994,23
5948,10907,23
5957,13928,23
5966,9668,23
5967,11682,23
5988,12908,23
5999,11487,23
6024,17638,23
6050,14333,23
6076,22520,23
6089,10813,23
6162,13745,23
6198,20070,23
6216,20071,23
6231,7477,23
6231,12349,23
6247,22428,23
6278,11941,23
6322,6890,23
6396,12573,23
6396,13094,23
6420,13269,23
6445,10329,23
6485,20770,23
6499,17461,23
6502,7336,23
6509,10841,23
6596,15376,23
6601,13877,23
6618,7160,23
6624,22632,23
6668,8754,23
6677,7358,23
6680,10911,23
6680,14837,23
6705,16168,23
6727,10721,23
6737,6892,23
6741,11477,23
6758,13094,23
6788,9548,23
6871,15278,23
6892,15104,23
6926,12655,23
6972,16935,23
7016,18078,23
7044,7256,23
7052,14959,23
7055,9627,23
7150,12735,23
7163,15798,23
7174,16032,23
7204,8208,23
7217,22471,23
7305,8185,23
7338,10949,23
7357,19335,23
7377,13085,23
7407,14699,23
7416,14519,23
7498,20424,23
7501,22298,23
7509,17370,23
7512,14049,23
7554,11252,23
7615,22536,23
7619,11415,23
7654,15268,23
7736,10678,23
7747,19868,23
7782,13678,23
7805,18459,23
7899,17500,23
7902,21304,23
7950,13396,23
7954,17993,23
7968,11673,23
7969,10261,23
8009,8154,23
8034,17637,23
8110,16472,23
8123,8840,23
8123,18399,23
8125,11423,23
8131,12832,23
8144,10584,23
8177,9200,23
8221,10352,23
8269,20542,23
8277,14815,23
8307,22449,23
8342,12821,23
8355,15574,23
8400,11993,23
8423,14538,23
8423,20839,23
8424,9659,23
8498,13211,23
8523,9708,23
8523,21410,23
8545,9987,23
8568,11302,23
8699,20157,23
8718,20082,23
8746,13171,23
8754,17774,23
8755,10579,23
8783,9702,23
8784,10284,23
8794,12879,23
8799,19853,23
8801,12467,23
8801,16400,23
8876,14248,23
8907,9991,23
8914,13612,23
8926,19303,23
8942,12235,23
8969,20854,23
8993,22384,23
9053,16084,23
9059,16050,23
9092,12727,23
9120,14308,23
9152,14769,23
9172,16402,23
9187,15725,23
9190,15950,23
9239,18452,23
9263,9446,23
9284,11993,23
9328,16233,23
9415,17284,23
9505,15501,23
9531,13094,23
9539,18398,23
9574,16955,23
9646,16153,23
9686,16327,23
9696,21911,23
9697,11005,23
9832,21617,23
9904,20149,23
9920,17397,23
9933,19693,23
9947,11482,23
9978,16090,23
9986,13193,23
10043,20626,23
10203,17887,23
10230,16663,23
10230,18773,23
10246,21054,23
10247,12573,23
10257,14576,23
10261,22039,23
10289,12506,23
10289,18090,23
10338,15812,23
10413,18344,23
10451,19212,23
10482,17798,23
10500,13587,23
10511,18398,23
10519,11852,23
10532,15641,23
10532,18486,23
10592,14527,23
10663,18115,23
10798,11312,23
10837,18730,23
10870,19208,23
10886,15644,23
10943,14027,23
10959,11756,23
10992,13935,23
11011,16852,23
11011,22334,23
11026,14747,23
11046,11750,23
11051,14400,23
11059,20727,23
11117,13117,23
11191,19200,23
11202,14956,23
11302,21389,23
11326,22411,23
11330,17813,23
11335,14652,23
11336,18459,23
11365,22604,23
11372,15083,23
11388,16313,23
11476,13171,23
11498,20495,23
11530,18459,23
11609,11745,23
11625,19247,23
11669,13693,23
11682,12514,23
11720,12222,23
11745,14729,23
11756,12960,23
11819,18565,23
11820,13892,23
11820,17837,23
11824,16288,23
11856,17398,23
11888,18732,23
12130,15674,23
12140,15995,23
12151,15725,23
12220,14857,23
12237,14150,23
12306,20603,23
12363,15300,23
12377,18212,23
12397,22332,23
12411,18201,23
12430,15969,23
12437,14642,23
12503,19589,23
12529,20807,23
12542,15446,23
12573,19267,23
12811,14359,23
12821,18295,23
12821,21635,23
12834,18611,23
12917,19904,23
12922,14013,23
12940,22089,23
12966,16684,23
13010,18732,23
13022,15860,23
13028,14690,23
13072,13477,23
13147,17022,23
13177,18046,23
13258,19573,23
13289,17479,23
13348,16313,23
13374,19492,23
13423,15805,23
13456,13510,23
13466,16793,23
13470,20452,23
13486,19239,23
13491,21633,23
13513,22444,23
13554,14297,23
13566,14567,23
13596,20071,23
13745,14515,23
13772,22559,23
13775,16511,23
13795,15608,23
13849,21552,23
13851,21536,23
13928,19072,23
13980,16797,23
14049,18751,23
14101,20435,23
14116,19627,23
14167,22381,23
14221,20381,23
14260,20007,23
14375,16315,23
14424,18464,23
14424,19341,23
14428,16063,23
14444,22281,23
14500,17215,23
14521,20802,23
14764,19797,23
14766,18529,23
14774,18067,23
14908,20230,23
14956,19259,23
15021,17461,23
15091,17563,23
15091,19076,23
15145,22634,23
15206,19968,23
15292,17401,23
15297,19848,23
15380,15780,23
15384,16271,23
15511,21742,23
15665,17693,23
15724,18461,23
15726,19393,23
15825,17638,23
15867,17690,23
15971,22204,23
15980,17244,23
15995,17404,23
16020,19811,23
16150,19870,23
16164,22583,23
16193,18500,23
16214,22196,23
16271,21169,23
16353,20608,23
16439,19076,23
16644,19249,23
16678,19382,23
16818,21363,23
16891,19750,23
16935,20683,23
17012,20927,23
17053,17833,23
17068,20561,23
17098,18034,23
17148,18786,23
17162,22641,23
17357,18758,23
17392,21228,23
17419,19880,23
17619,19633,23
17621,20591,23
17871,19390,23
17927,21148,23
17977,20486,23
17988,18844,23
18183,22211,23
18260,21957,23
18345,19845,23
18397,20701,23
18471,22372,23
18488,20161,23
18536,22521,23
18573,19968,23
18879,20404,23
18910,19510,23
18915,19693,23
19244,19312,23
19340,19718,23
19535,20609,23
19633,21721,23
19656,20304,23
19742,21774,23
19811,21394,23
19817,19925,23
19890,21562,23
20159,20572,23
20470,22552,23
20507,21123,23
20539,21069,23
20582,22253,23
20692,21864,23
20702,22441,23
21180,22133,23
21451,21859,23
21662,22409,23
22083,22319,23
22134,22449,23
22472,22583,23
25,15270,24
48,15347,24
84,8557,24
87,17190,24
92,5114,24
100,17941,24
121,19244,24
147,21899,24
174,6111,24
187,7815,24
213,17787,24
213,19076,24
231,952,24
276,17217,24
329,9768,24
346,15798,24
348,8015,24
348,17656,24
384,22621,24
386,10877,24
413,18529,24
417,1141,24
422,12397,24
461,5988,24
468,11592,24
476,10261,24
528,1841,24
540,3270,24
564,3393,24
564,21691,24
587,22666,24
603,15053,24
609,11336,24
617,18684,24
635,14514,24
694,19860,24
696,10987,24
730,10585,24
755,7408,24
755,19152,24
758,2330,24
758,16978,24
773,20576,24
822,2793,24
822,4620,24
822,11374,24
858,12915,24
858,15662,24
870,5503,24
887,4207,24
898,14206,24
922,5365,24
975,11862,24
985,5536,24
1009,12835,24
1031,8645,24
1060,19939,24
1073,8794,24
1076,17531,24
1141,4730,24
1161,11769,24
1163,17471,24
1172,12065,24
1191,21358,24
1198,10613,24
1236,9933,24
1238,10301,24
1238,10949,24
1240,5231,24
1260,8495,24
1292,11810,24
1302,5440,24
1309,20381,24
1312,9959,24
1312,13196,24
1332,10218,24
1423,17977,24
1426,18747,24
1426,22088,24
1434,3993,24
1457,7339,24
1474,12917,24
1486,7930,24
1493,3820,24
1574,8380,24
1585,1860,24
1595,14219,24
1627,2755,24
1627,18611,24
1666,19269,24
1690,3156,24
1694,7199,24
1773,9571,24
1789,5681,24
1789,17988,24
1811,22626,24
1820,17066,24
1828,15502,24
1878,16133,24
1907,19665,24
1910,22431,24
1972,9345,24
1979,19447,24
2023,20092,24
2051,18146,24
2152,3579,24
2200,11563,24
2216,20167,24
2239,16155,24
2257,13449,24
2275,16342,24
2317,7095,24
2333,12949,24
2333,18109,24
2335,12414,24
2339,17391,24
2382,9631,24
2416,9516,24
2472,18397,24
2476,12767,24
2485,20997,24
2487,15280,24
2523,14156,24
2539,22118,24
2564,10312,24
2650,15594,24
2708,13796,24
2715,10660,24
2762,2859,24
2762,12150,24
2794,22430,24
2802,5499,24
2822,3758,24
2839,18175,24
2871,21442,24
3002,6089,24
3004,12957,24
3156,14300,24
3156,17857,24
3167,17024,24
3184,7521,24
3220,10407,24
3250,9909,24
3256,6412,24
3264,20024,24
3284,12748,24
3301,3603,24
3304,16883,24
3338,10760,24
3408,18500,24
3429,6068,24
3446,15727,24
3452,11821,24
3476,14922,24
3533,22319,24
3535,21657,24
3551,17967,24
3558,4885,24
3558,18879,24
3574,19599,24
3601,14699,24
3667,14160,24
3676,13549,24
3705,18773,24
3727,8334,24
3751,21415,24
3810,5778,24
3818,4757,24
3825,12220,24
3826,16133,24
3828,14834,24
3871,7434,24
3895,20622,24
3964,17675,24
4016,8818,24
4016,15647,24
4049,6850,24
4134,5017,24
4134,17183,24
4140,9518,24
4146,8840,24
4148,12978,24
4233,17887,24
4297,7084,24
4330,15573,24
4438,8005,24
4457,15506,24
4463,10911,24
4480,16913,24
4503,11760,24
4546,16129,24
4546,16225,24
4608,11227,24
4623,17619,24
4624,20909,24
4637,14571,24
4645,15185,24
4682,15629,24
4697,7475,24
4697,11164,24
4697,12164,24
4776,8993,24
4777,17928,24
4802,21494,24
4815,7261,24
4823,9674,24
4859,14913,24
4874,15058,24
4899,8348,24
4956,6234,24
4964,10823,24
4964,14848,24
4980,16777,24
5066,5467,24
5072,7654,24
5073,21200,24
5082,11536,24
5086,19538,24
5159,6502,24
5196,18990,24
5209,9845,24
5213,17303,24
5246,5362,24
5269,12709,24
5326,5607,24
5361,17037,24
5365,16138,24
5370,7303,24
5372,5988,24
5499,10341,24
5529,18240,24
5591,14778,24
5595,16252,24
5638,16562,24
5681,12665,24
5694,22405,24
5718,9849,24
5749,15151,24
5822,19925,24
5842,7434,24
5877,12089,24
5935,17695,24
5942,11128,24
5948,6980,24
5948,9736,24
5948,20516,24
6006,9010,24
6129,20349,24
6163,19747,24
6168,10597,24
6196,11945,24
6196,13730,24
6255,13067,24
6274,6509,24
6302,12134,24
6396,17393,24
6404,21625,24
6498,10810,24
6499,15206,24
6531,14861,24
6601,18738,24
6624,22029,24
6646,21696,24
6771,8699,24
6820,14428,24
6820,14959,24
6890,14070,24
6934,8672,24
6974,21284,24
6975,9155,24
6989,8050,24
6992,18617,24
7031,14160,24
7058,22344,24
7127,11785,24
7139,12832,24
7292,17693,24
7360,13736,24
7377,9761,24
7391,18724,24
7434,10023,24
7499,19656,24
7516,12409,24
7577,18905,24
7615,15152,24
7656,7964,24
7669,20494,24
7669,21826,24
7693,21937,24
7747,19801,24
7773,15086,24
7834,17389,24
7930,14655,24
7940,10706,24
7987,12809,24
7998,10339,24
8034,11263,24
8035,9464,24
8055,10462,24
8061,16375,24
8061,16572,24
8110,20836,24
8114,16192,24
8123,11829,24
8178,11324,24
8206,10483,24
8279,13803,24
8412,10721,24
8415,20740,24
8516,13968,24
8520,12630,24
8552,17036,24
8581,15984,24
8668,18174,24
8718,19929,24
8818,11796,24
8840,14223,24
8841,18721,24
8851,11684,24
8854,19242,24
8883,14411,24
9047,17669,24
9053,21969,24
9117,11563,24
9117,16701,24
9144,10482,24
9152,9675,24
9189,17002,24
9189,20424,24
9208,18631,24
9249,22040,24
9290,17064,24
9296,16987,24
9333,18375,24
9359,13774,24
9391,22338,24
9422,11852,24
9515,17379,24
9576,21494,24
9577,15835,24
9581,22559,24
9617,18748,24
9631,18375,24
9735,14235,24
9735,14240,24
9819,9888,24
9833,12183,24
9987,20683,24
10000,16207,24
10157,16336,24
10235,12775,24
10235,16852,24
10301,21998,24
10329,20702,24
10337,12821,24
10340,18500,24
10452,13289,24
10720,18316,24
10744,17301,24
10752,21809,24
10831,18543,24
10859,12220,24
10886,16353,24
11073,17675,24
11094,15228,24
11125,12499,24
11169,15940,24
11234,11263,24
11263,19356,24
11282,20904,24
11312,18872,24
11312,19797,24
11313,17184,24
11325,18375,24
11364,21493,24
11370,15295,24
11599,14576,24
11619,21383,24
11661,19821,24
11723,12987,24
11819,14279,24
11829,14263,24
11836,17714,24
11839,18280,24
11862,12365,24
11900,22594,24
11928,17871,24
11951,22451,24
12009,12871,24
12025,17958,24
12095,12881,24
12129,19666,24
12159,21884,24
12232,14042,24
12240,15802,24
12311,16991,24
12338,22375,24
12397,20933,24
12456,15408,24
12500,19046,24
12543,13111,24
12645,19008,24
12731,16231,24
12864,17397,24
12871,14156,24
12917,16315,24
12934,19308,24
12955,15748,24
12967,17215,24
12971,19114,24
13001,15642,24
13008,20422,24
13028,22453,24
13077,15141,24
13090,16649,24
13153,18425,24
13204,16165,24
13261,17472,24
13302,17897,24
13446,18351,24
13493,19074,24
13596,21155,24
13678,18516,24
13683,17929,24
13775,19386,24
13783,15772,24
13786,22411,24
13906,18459,24
13928,21080,24
14101,21568,24
14111,16818,24
14113,15407,24
14115,19979,24
14156,16179,24
14216,22141,24
14288,15828,24
14315,19832,24
14319,16323,24
14423,21744,24
14451,16544,24
14472,19796,24
14779,17162,24
14792,19178,24
15052,20115,24
15300,21071,24
15380,19986,24
15386,15833,24
15400,22334,24
15463,21256,24
15583,16582,24
15639,15817,24
15644,20472,24
15822,17718,24
15825,19681,24
15990,17474,24
16035,17976,24
16074,20608,24
16209,18279,24
16327,17190,24
16366,17550,24
16413,17834,24
16430,19763,24
16572,18786,24
16582,17890,24
16794,18404,24
16989,20998,24
17256,20584,24
17301,19178,24
17393,20632,24
17596,19055,24
17659,20150,24
17941,20149,24
18000,19783,24
18213,18469,24
18773,21444,24
19102,20501,24
19244,19387,24
19260,19390,24
19267,21797,24
19327,20422,24
19379,22548,24
19394,21522,24
19686,21389,24
19728,21132,24
19747,21459,24
19747,21657,24
19764,19836,24
19823,20722,24
20070,21298,24
20081,22238,24
20157,20815,24
20183,21814,24
20404,21776,24
20497,21459,24
21398,21530,24
21434,22255,24
21491,21754,24
10,12575,25
10,18026,25
17,22227,25
20,2722,25
73,8568,25
81,20159,25
90,19887,25
96,3160,25
100,13304,25
107,10414,25
143,223,25
160,10605,25
217,10895,25
228,10467,25
235,7257,25
268,4633,25
308,20757,25
327,16786,25
342,2879,25
342,15326,25
353,14424,25
384,14464,25
384,16574,25
437,642,25
455,2087,25
465,11333,25
466,18516,25
466,19259,25
486,1094,25
515,6231,25
559,15825,25
587,17595,25
603,4209,25
603,11596,25
671,19448,25
675,7449,25
698,3915,25
712,3392,25
722,6596,25
749,7353,25
755,10024,25
755,16692,25
758,7805,25
763,13482,25
831,2834,25
837,2111,25
841,18465,25
866,22253,25
870,4610,25
890,17506,25
913,2071,25
921,9786,25
941,16880,25
997,13160,25
1021,3664,25
1021,13220,25
1060,15370,25
1090,17659,25
1107,12164,25
1117,17792,25
1139,16022,25
1155,17215,25
1173,18174,25
1196,22430,25
1197,15874,25
1240,9828,25
1250,19019,25
1274,6219,25
1292,2124,25
1319,15680,25
1374,7521,25
1390,6294,25
1475,11650,25
1499,9603,25
1507,4377,25
1518,16402,25
1568,6861,25
1574,4077,25
1587,20740,25
1595,2674,25
1595,9220,25
1608,11585,25
1609,8463,25
1651,15806,25
1702,9670,25
1708,5857,25
1767,16468,25
1772,4768,25
1807,2298,25
1807,3886,25
1807,21696,25
1831,6843,25
1859,10022,25
1905,13679,25
1921,12537,25
1926,13679,25
1932,1982,25
1952,10323,25
1975,19589,25
2001,6170,25
2003,8083,25
2023,2196,25
2097,22067,25
2184,16455,25
2198,12874,25
2204,2925,25
2216,15656,25
2226,22298,25
2294,13348,25
2301,4563,25
2329,2485,25
2335,19052,25
2340,20424,25
2355,21499,25
2458,10983,25
2553,7577,25
2571,5247,25
2580,20434,25
2581,10911,25
2589,9506,25
2616,19488,25
2636,13153,25
2650,2819,25
2650,15802,25
2664,10383,25
2674,4964,25
2696,3494,25
2696,18109,25
2734,4979,25
2781,6992,25
2792,18551,25
2793,8783,25
2798,6750,25
2798,17756,25
2822,21640,25
2832,4258,25
2841,9915,25
2852,8737,25
2859,18090,25
2874,9190,25
2900,17890,25
2905,12503,25
2927,13745,25
2969,21381,25
2979,17766,25
3002,6011,25
3027,8490,25
3037,9062,25
3116,4445,25
3134,15217,25
3146,16724,25
3201,14956,25
3229,18811,25
3239,5426,25
3258,4140,25
3274,20428,25
3284,18572,25
3301,9515,25
3349,6361,25
3392,7720,25
3415,5503,25
3437,3867,25
3459,20820,25
3470,5507,25
3471,15749,25
3482,15555,25
3504,5499,25
3535,18540,25
3551,20686,25
3553,17186,25
3569,12228,25
3608,7127,25
3777,17879,25
3804,9239,25
3806,11247,25
3810,10812,25
3810,17675,25
3812,13783,25
3826,17732,25
3909,5740,25
3937,20472,25
3939,16935,25
4016,9208,25
4029,4683,25
4029,14548,25
4035,6273,25
4049,20344,25
4051,10321,25
4060,13834,25
4060,17695,25
4066,12725,25
4091,5177,25
4132,11286,25
4140,20404,25
4193,18934,25
4227,14199,25
4231,8415,25
4246,17693,25
4258,11617,25
4349,22583,25
4400,13977,25
4410,12088,25
4430,9702,25
4441,15358,25
4608,9335,25
4627,10677,25
4641,22346,25
4655,7052,25
4730,4829,25
4737,15545,25
4784,7297,25
4821,21212,25
4835,13980,25
4858,10555,25
4899,18092,25
4964,6542,25
4990,10891,25
4990,15083,25
5033,16789,25
5057,19796,25
5078,7912,25
5089,11676,25
5121,15972,25
5133,18620,25
5146,16392,25
5154,9759,25
5289,5405,25
5322,19707,25
5362,13956,25
5405,13411,25
5455,19322,25
5461,13304,25
5495,8680,25
5557,7382,25
5619,7052,25
5641,19744,25
5648,9987,25
5668,9515,25
5676,9631,25
5682,18910,25
5700,12244,25
5786,8221,25
5789,10988,25
5798,7268,25
5798,20105,25
5835,13925,25
5837,11203,25
5852,17976,25
5999,7968,25
6002,19632,25
6006,13783,25
6024,12210,25
6129,21543,25
6162,12147,25
6171,11619,25
6221,7823,25
6248,10162,25
6294,8704,25
6477,12910,25
6493,10038,25
6499,16935,25
6506,18394,25
6538,7968,25
6607,20518,25
6667,19970,25
6673,11336,25
6760,7855,25
6789,20808,25
6836,17771,25
6907,8325,25
6920,20604,25
6922,12409,25
6929,17766,25
6979,19312,25
6992,10720,25
6992,19226,25
7001,17190,25
7169,10588,25
7201,13499,25
7203,19296,25
7220,20436,25
7250,18914,25
7268,19088,25
7283,7914,25
7331,10099,25
7398,22080,25
7407,18033,25
7460,15753,25
7474,15617,25
7477,10810,25
7507,15780,25
7538,9787,25
7713,8613,25
7723,13323,25
7766,22233,25
7840,17537,25
7849,18723,25
7850,11333,25
7853,11756,25
7865,17859,25
7912,16775,25
7915,8784,25
7968,13104,25
7974,17875,25
8033,10565,25
8034,14779,25
8039,8721,25
8069,10252,25
8069,15708,25
8072,19693,25
8073,17062,25
8093,11002,25
8097,13780,25
8169,17976,25
8212,9909,25
8221,20082,25
8227,18990,25
8232,21721,25
8258,11368,25
8259,10022,25
8260,19853,25
8284,20302,25
8307,12164,25
8440,9824,25
8448,15656,25
8453,13032,25
8465,14965,25
8490,21895,25
8523,16366,25
8568,13015,25
8589,12853,25
8592,13808,25
8652,18197,25
8680,14766,25
8690,18622,25
8699,12009,25
8737,13838,25
8783,12116,25
8787,22559,25
8799,15152,25
8800,15268,25
8815,19766,25
8840,20159,25
8977,12538,25
9035,10949,25
9064,11507,25
9117,17147,25
9155,22430,25
9240,17716,25
9335,14223,25
9357,16089,25
9385,20071,25
9392,15995,25
9405,11640,25
9436,13171,25
9439,20120,25
9449,20428,25
9462,22486,25
9518,21468,25
9564,16453,25
9594,20061,25
9727,12411,25
9731,22192,25
9769,19856,25
9808,12871,25
9811,16606,25
9888,19267,25
9897,10284,25
9948,11684,25
9957,15887,25
9978,22164,25
9982,17756,25
9992,14022,25
9992,18738,25
10011,15444,25
10043,13349,25
10043,15257,25
10066,13645,25
10167,18777,25
10230,15384,25
10260,10301,25
10265,18254,25
10304,10887,25
10304,13596,25
10321,13918,25
10342,17888,25
10350,20383,25
10396,18132,25
10397,14999,25
10439,20348,25
10550,10605,25
10579,15716,25
10605,21006,25
10632,15739,25
10744,15347,25
10856,15128,25
10911,18188,25
10959,15385,25
11051,15325,25
11117,12001,25
11117,18870,25
11117,20683,25
11119,19575,25
11145,16215,25
11333,20028,25
11394,16193,25
11487,21405,25
11521,17005,25
11587,13479,25
11589,13491,25
11594,16777,25
11594,22369,25
11621,17988,25
11781,19045,25
11782,21373,25
11784,14576,25
11829,21442,25
11925,19178,25
11958,13838,25
11971,13572,25
12015,20554,25
12198,18528,25
12236,20448,25
12244,15114,25
12257,15802,25
12342,18910,25
12342,19797,25
12346,20351,25
12363,12879,25
12365,12891,25
12365,19446,25
12387,20175,25
12411,13793,25
12476,15083,25
12499,13545,25
12790,20227,25
12808,15339,25
12814,16050,25
12830,15040,25
12843,15748,25
12871,14913,25
12881,20164,25
12976,17466,25
13065,19957,25
13095,18631,25
13095,22406,25
13149,18408,25
13154,16699,25
13155,17458,25
13176,13261,25
13231,17675,25
13231,20718,25
13273,13450,25
13301,13455,25
13348,17890,25
13464,15236,25
13524,18627,25
13596,15965,25
13597,18286,25
13610,22133,25
13678,22300,25
13679,22183,25
13783,15008,25
13787,18308,25
13808,20532,25
13859,18771,25
13876,20790,25
13930,15421,25
13938,17012,25
14030,20179,25
14038,18399,25
14160,22540,25
14206,18046,25
14231,22279,25
14234,15802,25
14259,16063,25
14292,19530,25
14381,19341,25
14428,18109,25
14447,22186,25
14511,20081,25
14519,17556,25
14559,22398,25
14625,17949,25
14655,17779,25
14657,16265,25
14669,18823,25
14692,17899,25
14693,18702,25
14732,16177,25
14779,17060,25
14908,19766,25
14962,15229,25
14982,20495,25
14999,21226,25
15057,21721,25
15066,18428,25
15086,19633,25
15110,20039,25
15125,21239,25
15268,21795,25
15322,15999,25
15431,20787,25
15551,17262,25
15594,19595,25
15633,22204,25
15708,17136,25
15805,21389,25
15840,22156,25
16135,19408,25
16155,18372,25
16193,17621,25
16193,17897,25
16273,17647,25
16313,18618,25
16402,22347,25
16603,21904,25
16689,19605,25
16772,17036,25
16935,21440,25
17035,17976,25
17035,21958,25
17332,20590,25
17354,19488,25
17487,22141,25
17547,20927,25
17613,20686,25
17621,20900,25
17630,20888,25
17648,19755,25
17718,18338,25
18026,21780,25
18183,21180,25
18183,22351,25
18519,22430,25
18536,20070,25
18555,19114,25
18598,19076,25
18598,21454,25
18630,21701,25
18751,20745,25
18811,21321,25
18910,22592,25
18914,21707,25
18972,21670,25
19073,19785,25
19308,21474,25
19340,22332,25
19510,19883,25
19804,21692,25
19823,22543,25
19845,20900,25
19860,20994,25
19881,19894,25
20149,21534,25
20191,20450,25
20197,22610,25
20424,22321,25
20473,21826,25
20583,21675,25
20911,22356,25
21074,22033,25
21087,21983,25
21160,21226,25
21394,21765,25
21576,22109,25
21669,22064,25
27,8244,26
101,5948,26
101,12581,26
118,9698,26
161,18600,26
166,6396,26
186,2546,26
228,19757,26
239,5988,26
266,4798,26
283,9020,26
307,14764,26
354,822,26
383,16215,26
386,8501,26
466,20646,26
484,15514,26
501,2106,26
515,15845,26
540,20872,26
562,21714,26
588,21217,26
590,4146,26
594,11673,26
611,1345,26
611,7064,26
628,21054,26
639,9845,26
695,14350,26
695,15128,26
733,4621,26
748,21155,26
755,11166,26
758,6183,26
789,8083,26
802,6400,26
830,3583,26
843,12162,26
874,8607,26
945,6081,26
948,13302,26
949,1037,26
1011,6419,26
1037,7584,26
1037,14813,26
1049,21394,26
1074,7721,26
1090,16631,26
1104,5145,26
1121,18875,26
1141,1426,26
1143,9362,26
1174,13058,26
1214,21504,26
1231,5033,26
1231,9872,26
1303,5891,26
1312,12416,26
1322,12971,26
1434,15550,26
1455,13046,26
1460,6071,26
1510,2708,26
1548,2329,26
1574,3898,26
1587,2977,26
1609,19176,26
1623,13293,26
1623,14679,26
1639,7870,26
1641,17537,26
1684,15176,26
1711,16353,26
1727,19958,26
1789,18913,26
1797,19718,26
1807,7416,26
1807,8056,26
1813,9515,26
1848,7127,26
1888,9672,26
1913,11895,26
1982,10752,26
2022,13678,26
2077,6530,26
2090,12305,26
2148,19005,26
2184,20468,26
2195,6826,26
2195,22558,26
2196,5637,26
2198,11090,26
2219,5720,26
2226,15046,26
2249,18701,26
2262,19929,26
2274,10904,26
2274,22057,26
2348,18280,26
2359,14571,26
2396,20911,26
2402,12543,26
2462,15099,26
2539,17988,26
2546,14029,26
2589,20837,26
2656,21142,26
2661,22164,26
2693,18092,26
2744,13365,26
2746,22520,26
2760,12922,26
2762,20686,26
2808,8851,26
2808,21185,26
2819,12315,26
2841,6521,26
2841,8923,26
2844,13551,26
2852,17857,26
2856,15816,26
2864,17487,26
2871,10949,26
2871,14576,26
2889,20993,26
2900,5788,26
2960,15981,26
2979,20851,26
3002,3215,26
3003,12215,26
3020,20702,26
3101,4573,26
3109,9753,26
3128,16708,26
3146,20455,26
3153,7352,26
3156,8682,26
3171,5370,26
3179,21021,26
3201,20324,26
3206,5606,26
3208,3256,26
3266,7778,26
3276,22252,26
3303,5171,26
3306,5031,26
3439,17005,26
3449,12967,26
3459,17041,26
3467,14116,26
3500,4757,26
3551,4923,26
3578,7843,26
3607,14543,26
3617,3775,26
3655,18048,26
3744,11961,26
3745,4217,26
3757,11255,26
3800,12162,26
3897,15833,26
3937,12240,26
3963,7366,26
3966,7402,26
3970,11993,26
4122,15268,26
4129,20969,26
4159,6056,26
4173,7305,26
4195,20517,26
4237,11928,26
4253,12483,26
4279,15217,26
4326,13448,26
4334,16613,26
4355,16562,26
4361,20646,26
4377,12251,26
4401,7850,26
4414,12800,26
4435,20547,26
4445,10114,26
4456,18117,26
4619,15556,26
4637,5479,26
4637,21969,26
4682,15894,26
4703,17461,26
4733,13153,26
4734,15692,26
4776,18767,26
4838,9190,26
4850,18979,26
4853,7457,26
4872,10532,26
4872,11036,26
4913,22061,26
4947,13118,26
5000,21111,26
5033,10393,26
5033,14779,26
5081,16436,26
5089,18332,26
5126,13435,26
5149,13678,26
5154,12676,26
5226,7209,26
5258,7354,26
5286,8728,26
5312,19709,26
5317,21930,26
5327,17460,26
5365,15017,26
5371,19102,26
5392,20534,26
5424,8568,26
5426,20846,26
5427,22133,26
5434,12775,26
5440,18163,26
5463,22215,26
5557,14765,26
5615,5619,26
5621,8010,26
5655,16153,26
5674,15070,26
5678,9118,26
5694,12212,26
5714,6969,26
5719,11426,26
5728,11676,26
5736,6691,26
5747,16600,26
5749,17387,26
5789,12395,26
5864,18811,26
5900,20420,26
5901,10036,26
5924,18254,26
5948,12883,26
5970,17868,26
6002,13477,26
6013,22211,26
6071,7849,26
6075,9155,26
6085,19570,26
6087,8459,26
6111,12694,26
6168,6529,26
6171,11975,26
6194,10479,26
6194,18046,26
6196,20092,26
6219,18618,26
6220,10572,26
6257,19265,26
6281,15906,26
6315,9575,26
6331,13496,26
6336,11326,26
6396,12236,26
6449,17960,26
6461,13164,26
6478,9379,26
6492,21808,26
6493,8803,26
6493,9531,26
6530,14892,26
6531,14424,26
6621,14269,26
6634,21701,26
6649,21292,26
6677,21552,26
6729,21389,26
6729,21937,26
6793,16174,26
6820,21185,26
6848,11793,26
6890,7552,26
6892,14279,26
6943,13228,26
6966,17963,26
6999,13474,26
7047,18500,26
7133,17319,26
7229,17343,26
7279,17215,26
7350,19133,26
7355,12411,26
7372,14496,26
7399,9617,26
7432,21150,26
7464,11563,26
7477,14514,26
7557,17848,26
7578,20212,26
7633,8847,26
7666,16804,26
7701,17041,26
7779,20089,26
7840,17667,26
7890,11828,26
7968,10301,26
8009,15176,26
8028,9629,26
8048,13110,26
8070,18428,26
8073,21487,26
8097,9646,26
8127,14088,26
8137,19586,26
8143,14398,26
8154,12543,26
8260,19267,26
8325,15916,26
8335,22423,26
8418,9295,26
8421,10779,26
8441,20593,26
8466,13322,26
8645,19433,26
8645,21080,26
8672,8783,26
8736,11521,26
8794,22430,26
8799,12316,26
8815,19364,26
8898,9574,26
8900,11803,26
8922,14548,26
8985,11867,26
9062,22430,26
9123,18627,26
9139,20911,26
9155,21468,26
9189,20149,26
9223,20716,26
9239,17763,26
9260,10047,26
9278,13925,26
9374,11829,26
9462,19524,26
9466,22458,26
9477,16035,26
9529,16855,26
9529,21323,26
9534,13678,26
9620,16939,26
9634,22216,26
9671,12645,26
9677,21756,26
9750,19019,26
9783,18771,26
9811,15670,26
9826,13414,26
9842,11348,26
9869,20646,26
9909,13411,26
9933,14319,26
9986,12210,26
10032,19524,26
10098,16856,26
10104,11507,26
10130,15487,26
10165,20348,26
10243,19987,26
10259,20976,26
10315,15438,26
10337,11619,26
10350,20042,26
10352,17064,26
10451,19429,26
10453,22282,26
10471,16674,26
10479,12971,26
10479,13838,26
10499,19235,26
10500,20666,26
10623,15656,26
10652,16366,26
10666,11302,26
10671,15845,26
10705,17940,26
10706,17875,26
10721,19570,26
10763,22113,26
10767,18174,26
10809,11462,26
10877,15344,26
10885,14666,26
10887,14536,26
10944,18066,26
10952,14450,26
10961,21022,26
10972,15894,26
11036,15942,26
11037,15110,26
11072,11284,26
11251,17074,26
11302,15724,26
11310,11616,26
11339,18884,26
11340,21302,26
11426,13411,26
11473,20102,26
11483,20429,26
11513,18987,26
11620,18266,26
11640,16387,26
11685,17547,26
11686,14489,26
11809,18914,26
11970,17215,26
11986,15887,26
12015,22649,26
12116,19728,26
12147,20977,26
12212,12843,26
12226,22189,26
12335,16177,26
12337,13346,26
12361,17700,26
12436,14070,26
12475,15605,26
12540,22520,26
12570,13086,26
12626,16777,26
12741,15514,26
12777,15013,26
12886,19003,26
12888,14088,26
13010,17690,26
13024,18990,26
13086,16453,26
13088,22634,26
13118,14223,26
13167,14919,26
13282,13807,26
13299,17919,26
13358,22499,26
13393,13801,26
13393,19449,26
13423,22441,26
13482,19036,26
13496,20561,26
13553,19382,26
13563,13605,26
13565,16273,26
13605,14913,26
13690,22385,26
13746,14048,26
13775,16707,26
13775,18463,26
13859,22583,26
13973,21416,26
14013,22202,26
14027,18832,26
14088,19605,26
14116,15785,26
14205,21633,26
14279,22252,26
14288,21795,26
14413,18671,26
14466,21454,26
14625,21956,26
14630,20489,26
14669,15486,26
14703,15739,26
14739,18033,26
14919,16916,26
14954,21260,26
14978,15238,26
15027,18380,26
15083,22524,26
15176,17816,26
15184,21977,26
15223,18979,26
15265,22576,26
15428,17716,26
15486,16506,26
15705,22449,26
15725,20448,26
15780,18359,26
15894,21969,26
15910,18482,26
16133,21161,26
16170,19047,26
16292,20302,26
16303,22366,26
16366,19019,26
16375,20329,26
16394,21625,26
17035,19883,26
17036,18112,26
17064,17656,26
17118,17611,26
17353,20071,26
17372,19548,26
17547,19102,26
17680,18872,26
17774,20042,26
17848,20400,26
17890,22307,26
17914,22520,26
18078,21659,26
18774,20875,26
18849,19811,26
18943,21041,26
19038,22268,26
19340,19524,26
19415,20728,26
19667,22226,26
19747,21226,26
20041,20518,26
21131,21864,26
92,2626,27
103,10966,27
146,9824,27
222,21467,27
224,458,27
307,12493,27
307,14982,27
332,21585,27
384,19416,27
399,12202,27
430,20468,27
437,16976,27
479,3685,27
501,15647,27
501,21459,27
531,20872,27
536,18077,27
564,13561,27
585,936,27
622,17068,27
695,7482,27
701,11255,27
758,17402,27
812,7738,27
812,17377,27
870,2966,27
909,10228,27
911,14950,27
998,13564,27
1024,16252,27
1028,2412,27
1049,3395,27
1063,14739,27
1117,20839,27
1125,12253,27
1148,1856,27
1184,5587,27
1232,17210,27
1283,20334,27
1343,10293,27
1367,20128,27
1409,12843,27
1426,10301,27
1433,13213,27
1433,21373,27
1444,6272,27
1449,8965,27
1457,12922,27
1494,15881,27
1539,3884,27
1572,2664,27
1651,6445,27
1651,14924,27
1660,18914,27
1708,13226,27
1779,1941,27
1797,20169,27
1797,22441,27
1811,3718,27
1820,19176,27
1825,17065,27
1830,13304,27
1934,7402,27
2019,10143,27
2022,17152,27
2046,17484,27
2067,16385,27
2100,20593,27
2105,6318,27
2119,3392,27
2160,18304,27
2184,17528,27
2195,2839,27
2216,11983,27
2216,20731,27
2262,9844,27
2262,18706,27
2262,20019,27
2276,15983,27
2281,7513,27
2307,11782,27
2325,3248,27
2327,2477,27
2329,5893,27
2446,7723,27
2515,2987,27
2600,13302,27
2638,16265,27
2708,20041,27
2709,17967,27
2713,3767,27
2744,17507,27
2751,15797,27
2754,16033,27
2762,14913,27
2777,7501,27
2849,8718,27
2875,12284,27
2890,10601,27
2900,19883,27
2944,8506,27
3014,10350,27
3109,8487,27
3142,9214,27
3171,5463,27
3228,19186,27
3246,13859,27
3256,16804,27
3308,14671,27
3392,15053,27
3397,14235,27
3500,5596,27
3504,10911,27
3548,16855,27
3605,11353,27
3608,14586,27
3647,17071,27
3681,15761,27
3812,12871,27
3857,13213,27
3865,9246,27
3867,22255,27
3870,8620,27
3907,4668,27
3985,5822,27
3987,13099,27
4043,18001,27
4066,11636,27
4069,20736,27
4094,9576,27
4110,13213,27
4129,13087,27
4140,12801,27
4140,20071,27
4201,4980,27
4243,9213,27
4243,11491,27
4267,11430,27
4287,15083,27
4295,6992,27
4347,5734,27
4369,6405,27
4375,12323,27
4434,6111,27
4441,12718,27
4532,21980,27
4645,10623,27
4682,5948,27
4771,20418,27
4843,7124,27
4855,21937,27
4883,7371,27
4887,14277,27
4899,20503,27
4944,6056,27
4955,22678,27
4980,16455,27
5036,16506,27
5040,21512,27
5051,5933,27
5066,14652,27
5331,9987,27
5364,15448,27
5397,6992,27
5432,14651,27
5463,9735,27
5509,7044,27
5524,21289,27
5560,18957,27
5594,18855,27
5596,14521,27
5601,13892,27
5607,12994,27
5611,8291,27
5617,13520,27
5628,19052,27
5695,6420,27
5766,16385,27
5778,13841,27
5801,19529,27
5815,6009,27
5840,20926,27
5885,21771,27
5893,6414,27
5910,14460,27
6022,10587,27
6071,7499,27
6123,8664,27
6140,21699,27
6272,20242,27
6332,6539,27
6351,11831,27
6352,21379,27
6570,21552,27
6607,15953,27
6677,7477,27
6680,17890,27
6758,8501,27
6758,16740,27
6797,7391,27
6833,20552,27
6846,7874,27
6890,10907,27
6976,20528,27
6996,11462,27
7084,8748,27
7100,13097,27
7115,22441,27
7229,15043,27
7271,13369,27
7331,9688,27
7402,8154,27
7423,14685,27
7444,9697,27
7449,12451,27
7457,16353,27
7460,10135,27
7508,9250,27
7512,8275,27
7532,20212,27
7550,12917,27
7580,11530,27
7584,7707,27
7622,14042,27
7636,22300,27
7702,15384,27
7724,21063,27
7805,9748,27
7828,16327,27
7866,20405,27
7916,20065,27
7968,13384,27
8100,14644,27
8163,13148,27
8174,11760,27
8260,12934,27
8260,13315,27
8270,15252,27
8275,11511,27
8285,17999,27
8334,17949,27
8372,14769,27
8390,13302,27
8423,13213,27
8498,11619,27
8510,15894,27
8518,12971,27
8520,10230,27
8587,11734,27
8613,18647,27
8665,19309,27
8718,12294,27
8783,17222,27
8862,14792,27
9131,15486,27
9169,14570,27
9182,16884,27
9239,22141,27
9278,15407,27
9331,15512,27
9405,22441,27
9422,15894,27
9702,17153,27
9730,12994,27
9750,12921,27
9815,21969,27
9987,11061,27
9998,20725,27
10039,16385,27
10143,15176,27
10230,12971,27
10264,15535,27
10271,11120,27
10390,11883,27
10413,14123,27
10496,14780,27
10500,15079,27
10606,15583,27
10678,18884,27
10704,14826,27
10706,20480,27
10779,12881,27
10885,13745,27
10947,21405,27
10967,15894,27
11117,16781,27
11117,18767,27
11210,20834,27
11412,14385,27
11453,12506,27
11460,18050,27
11463,11829,27
11484,20454,27
11505,12411,27
11642,11931,27
11685,17991,27
11715,18907,27
11751,13167,27
11769,17555,27
11784,14596,27
11862,17960,27
11880,19550,27
11925,16402,27
11958,20379,27
12024,16827,27
12087,19621,27
12162,15143,27
12174,17222,27
12183,19728,27
12311,20507,27
12315,22064,27
12496,17175,27
12558,20332,27
12568,16050,27
12642,15086,27
12645,21276,27
12878,21972,27
12917,18823,27
12922,15812,27
12994,14930,27
13165,18159,27
13347,19518,27
13393,14496,27
13400,21420,27
13479,17012,27
13511,14042,27
13526,13972,27
13599,20864,27
13679,17346,27
13745,16366,27
13849,14924,27
13849,21960,27
13928,17190,27
13930,16271,27
13992,14895,27
14031,16271,27
14123,17035,27
14497,20041,27
14538,19128,27
14576,15250,27
14693,21864,27
14857,15680,27
14908,15981,27
15093,18332,27
15283,21531,27
15294,21468,27
15300,16145,27
15428,18044,27
15552,17659,27
15564,16585,27
15568,16375,27
15721,18933,27
15746,18286,27
15798,22020,27
15900,21468,27
15932,20511,27
16277,17339,27
16353,19267,27
16533,17064,27
16562,18884,27
16674,21559,27
16712,21054,27
16817,19287,27
16821,19675,27
16896,17808,27
17001,21185,27
17045,21155,27
17270,19693,27
17463,18875,27
17707,19633,27
17771,21948,27
17842,22338,27
17863,21403,27
17974,20699,27
17988,19664,27
18344,22274,27
18489,22441,27
18500,19311,27
18618,20714,27
18771,22392,27
18991,19853,27
19064,21014,27
19079,19424,27
19156,19796,27
19188,20646,27
19570,19716,27
19640,21303,27
19730,22204,27
20070,22246,27
20080,21185,27
20265,22227,27
20379,22462,27
20922,21316,27
21002,21140,27
21701,21767,27
22011,22430,27
61,15421,28
147,250,28
149,4728,28
163,4487,28
184,11002,28
185,16192,28
194,11820,28
254,14548,28
256,19946,28
280,9594,28
280,18957,28
326,12326,28
334,10798,28
413,6489,28
420,7402,28
642,16193,28
674,5681,28
709,5570,28
757,5767,28
822,8518,28
966,4637,28
975,7913,28
1037,22614,28
1060,4927,28
1107,14167,28
1117,7377,28
1121,17890,28
1162,6862,28
1269,5747,28
1312,22157,28
1332,8533,28
1385,21094,28
1401,8287,28
1426,5571,28
1464,7547,28
1465,8799,28
1490,3439,28
1504,4655,28
1504,20270,28
1525,8737,28
1530,22453,28
1535,6750,28
1627,5135,28
1651,4198,28
1652,5603,28
1660,4441,28
1677,13814,28
1678,19559,28
1812,19080,28
1817,9666,28
1834,16935,28
1874,7261,28
1917,3459,28
1951,2042,28
2100,5916,28
2102,20646,28
2110,16912,28
2110,20270,28
2137,19339,28
2184,5987,28
2200,16334,28
2204,19019,28
2262,4258,28
2273,20856,28
2276,21002,28
2340,17461,28
2355,17253,28
2391,6306,28
2391,17222,28
2394,2762,28
2427,11162,28
2471,15725,28
2614,22449,28
2648,5858,28
2662,21349,28
2664,17167,28
2743,11444,28
2841,15283,28
2852,19765,28
2900,16878,28
2905,6766,28
2950,15748,28
3038,6646,28
3075,7001,28
3205,16205,28
3208,15950,28
3276,21468,28
3307,12216,28
3402,8286,28
3428,14699,28
3447,18771,28
3461,15780,28
3464,14536,28
3503,17461,28
3521,10911,28
3521,13213,28
3551,22283,28
3566,11463,28
3575,18617,28
3578,19787,28
3625,4682,28
3648,3789,28
3714,10284,28
3811,21002,28
3829,14782,28
3867,9060,28
3867,13530,28
3870,8281,28
3918,6458,28
3937,10301,28
4016,21733,28
4029,10345,28
4110,20569,28
4122,20584,28
4146,19611,28
4221,5195,28
4258,11117,28
4266,5893,28
4354,9541,28
4375,22262,28
4400,13095,28
4546,11140,28
4586,5627,28
4586,11149,28
4608,11650,28
4637,14234,28
4769,7782,28
4853,22041,28
4856,9052,28
4955,19463,28
4960,9205,28
4976,21937,28
5019,14536,28
5020,9304,28
5066,12228,28
5088,20565,28
5181,21456,28
5244,17811,28
5258,7870,28
5262,7472,28
5302,13730,28
5365,14068,28
5365,19821,28
5371,20626,28
5384,10386,28
5426,15300,28
5461,12159,28
5482,19382,28
5522,12771,28
5603,19723,28
5681,12092,28
5877,8718,28
5933,21352,28
5954,19665,28
5985,13882,28
5991,6888,28
6002,7712,28
6029,15280,28
6106,16613,28
6123,11971,28
6128,10183,28
6175,6231,28
6231,20534,28
6234,9074,28
6294,21433,28
6402,15518,28
6420,15445,28
6487,12775,28
6522,21403,28
6528,20977,28
6568,18172,28
6574,12843,28
6596,11406,28
6609,22134,28
6621,16164,28
6658,13713,28
6667,17001,28
6741,9460,28
6755,12397,28
6967,14288,28
7029,22192,28
7056,21958,28
7207,14716,28
7263,8799,28
7352,20122,28
7402,11576,28
7464,8855,28
7464,20249,28
7490,8855,28
7544,17917,28
7575,22039,28
7649,20775,28
7756,19461,28
7827,22122,28
7828,21226,28
7915,10831,28
8083,16558,28
8334,11244,28
8336,12975,28
8502,11867,28
8520,18954,28
8559,17175,28
8591,17286,28
8666,14054,28
8713,10587,28
8736,14760,28
8782,17899,28
8789,22632,28
8864,13346,28
8868,21251,28
8898,15006,28
8900,17742,28
9019,22430,28
9047,15817,28
9104,9959,28
9154,13118,28
9155,9405,28
9214,17949,28
9236,15846,28
9362,21780,28
9376,14231,28
9430,19359,28
9509,11507,28
9534,16828,28
9659,15082,28
9696,20820,28
9732,17125,28
9742,11776,28
9833,15206,28
9909,20604,28
9960,13261,28
10224,16151,28
10341,21764,28
10357,17447,28
10413,20092,28
10451,16976,28
10459,13228,28
10519,15741,28
10556,21132,28
10574,13374,28
10584,13783,28
10616,13678,28
10810,22141,28
10837,12164,28
10877,19570,28
10943,12702,28
10944,17547,28
10953,18854,28
11064,20283,28
11098,22592,28
11312,17707,28
11312,22635,28
11329,16781,28
11377,19038,28
11539,11718,28
11539,20307,28
11592,12133,28
11661,12220,28
11684,12843,28
11684,14116,28
11719,22325,28
11727,19695,28
11829,21505,28
11867,21790,28
11931,19861,28
11988,15454,28
12089,20244,28
12091,12645,28
12365,20503,28
12499,12881,28
12505,18932,28
12505,19717,28
12830,13825,28
13118,13562,28
13123,19466,28
13167,15680,28
13208,18684,28
13302,19131,28
13330,14027,28
13402,20608,28
13464,17204,28
13596,20159,28
13775,19281,28
13781,18015,28
13805,18751,28
14080,20974,28
14123,17112,28
14235,21480,28
14443,18336,28
14716,18724,28
14716,21084,28
14935,18084,28
14950,22583,28
15099,17056,28
15247,17942,28
15268,19815,28
15313,22392,28
15334,19674,28
15375,21042,28
15467,16618,28
15469,19064,28
15594,19880,28
15636,17436,28
15725,17047,28
15759,17622,28
15916,18062,28
15943,20765,28
16193,18722,28
16207,21693,28
16240,16374,28
16332,17064,28
16402,18844,28
16421,20608,28
16695,21610,28
16917,18459,28
17190,19792,28
17461,18062,28
17643,19178,28
17712,21780,28
17889,19408,28
17967,20702,28
18070,19274,28
18934,21200,28
19133,20582,28
19300,19642,28
19605,21394,28
20256,22587,28
20942,21051,28
21226,22430,28
21468,21874,28
76,20459,29
92,13401,29
103,14063,29
186,15280,29
186,16317,29
199,3239,29
242,12683,29
272,2200,29
277,9687,29
299,20202,29
305,8466,29
308,4253,29
324,18680,29
347,1154,29
417,8269,29
422,7377,29
449,5125,29
501,10341,29
542,15498,29
565,13359,29
665,18447,29
692,17752,29
707,6668,29
712,12107,29
721,14167,29
758,19707,29
758,21410,29
822,15347,29
866,11493,29
907,10853,29
918,18777,29
920,13718,29
936,22211,29
995,11242,29
997,10704,29
1002,14928,29
1069,9190,29
1086,13802,29
1180,18015,29
1184,16278,29
1225,15406,29
1231,15894,29
1236,16375,29
1237,22305,29
1250,18768,29
1347,5736,29
1408,3558,29
1408,12116,29
1417,5036,29
1437,8466,29
1460,13911,29
1463,5170,29
1471,7911,29
1493,7383,29
1493,22157,29
1548,15615,29
1574,5595,29
1574,16056,29
1623,8645,29
1626,11257,29
1707,2969,29
1797,4082,29
1830,10108,29
1834,19937,29
1901,3574,29
1942,4703,29
1952,14200,29
1957,20730,29
2003,19578,29
2051,9529,29
2055,12542,29
2094,10293,29
2111,17593,29
2113,5663,29
2249,16883,29
2255,5596,29
2264,20625,29
2274,19662,29
2294,11619,29
2371,12543,29
2380,7261,29
2391,8801,29
2391,16574,29
2449,21082,29
2454,18396,29
2498,15046,29
2600,7690,29
2711,21491,29
2792,5723,29
2814,5068,29
2822,10592,29
2891,4377,29
2949,14683,29
2959,15204,29
2988,13312,29
3093,15208,29
3232,15787,29
3246,18536,29
3329,13402,29
3397,13350,29
3504,5483,29
3533,4029,29
3549,11750,29
3550,15440,29
3551,22589,29
3603,6814,29
3630,5242,29
3630,17160,29
3654,10572,29
3716,15110,29
3746,15463,29
3753,22227,29
3779,7319,29
3825,9481,29
3867,13599,29
3897,22498,29
3938,5713,29
3963,13013,29
3966,19773,29
3967,7914,29
3985,15711,29
3987,9346,29
4023,13009,29
4023,16394,29
4029,8196,29
4029,19267,29
4054,21203,29
4105,17828,29
4146,20444,29
4213,18529,29
4223,19182,29
4233,9481,29
4253,17491,29
4258,13995,29
4295,5948,29
4306,21969,29
4332,7738,29
4349,17690,29
4444,6668,29
4486,18569,29
4531,7712,29
4616,11216,29
4621,14651,29
4627,19980,29
4655,14092,29
4712,5274,29
4776,5572,29
4776,22083,29
4810,21904,29
4815,17286,29
5033,12251,29
5089,20795,29
5110,18595,29
5161,9034,29
5164,17567,29
5238,20628,29
5276,6086,29
5276,22632,29
5343,15465,29
5463,11809,29
5595,15396,29
5678,12601,29
5678,20220,29
5713,20911,29
5748,8163,29
5827,18751,29
5909,22167,29
5927,8144,29
5931,7353,29
5931,11715,29
5979,17474,29
5980,11190,29
6057,21468,29
6296,15798,29
6316,19223,29
6420,11882,29
6420,14336,29
6444,21585,29
6498,14821,29
6499,10576,29
6499,17242,29
6505,13928,29
6527,22313,29
6528,21943,29
6546,12994,29
6574,7552,29
6603,22319,29
6668,18799,29
6713,12164,29
6715,7549,29
6736,15152,29
6742,13965,29
6750,7428,29
6758,17842,29
6799,18751,29
6906,7050,29
6953,11829,29
6995,8840,29
7026,16063,29
7052,15564,29
7171,20507,29
7185,19259,29
7249,19605,29
7260,22576,29
7335,11836,29
7402,10352,29
7522,8707,29
7549,10990,29
7584,22634,29
7591,13272,29
7716,18109,29
7716,21875,29
7740,9736,29
7805,17624,29
7968,9374,29
7969,13002,29
8063,14990,29
8143,18751,29
8144,16326,29
8163,17028,29
8221,21155,29
8260,8721,29
8282,15293,29
8318,13467,29
8364,19390,29
8613,18202,29
8616,19076,29
8703,21962,29
8748,12283,29
8754,19684,29
8783,12746,29
8799,15097,29
8801,9411,29
8965,11113,29
9012,16596,29
9064,16365,29
9159,16428,29
9166,16402,29
9190,19730,29
9214,14450,29
9214,20468,29
9225,15261,29
9239,12677,29
9314,12971,29
9433,12574,29
9475,9686,29
9507,21129,29
9515,14692,29
9516,16685,29
9529,11931,29
9663,18046,29
9672,13346,29
9690,17842,29
9697,12879,29
9703,19977,29
9830,12645,29
9948,21454,29
9987,19765,29
10000,14625,29
10106,17613,29
10235,11829,29
10246,13154,29
10359,13859,29
10520,13213,29
10535,17579,29
10560,16447,29
10584,10720,29
10716,17899,29
10911,21000,29
10986,11414,29
11037,17027,29
11040,17771,29
11148,18465,29
11233,21045,29
11294,14438,29
11337,18183,29
11443,21483,29
11444,21474,29
11463,13658,29
11539,18280,29
11601,20716,29
11681,16376,29
11707,14400,29
11756,20405,29
11760,12949,29
11769,20903,29
11895,20424,29
11912,19582,29
12081,13329,29
12088,13961,29
12147,16145,29
12164,14924,29
12180,14993,29
12228,21776,29
12231,21633,29
12269,20505,29
12365,18767,29
12437,18015,29
12481,17027,29
12644,18459,29
12829,15798,29
12956,20213,29
12994,14813,29
13086,18986,29
13095,22417,29
13195,16723,29
13195,20150,29
13301,22227,29
13350,16883,29
13580,19381,29
13580,19518,29
13838,16192,29
14239,14730,29
14355,17883,29
14473,18327,29
14650,15294,29
14820,21294,29
14861,20646,29
14915,15916,29
14924,18573,29
14982,17648,29
15015,22029,29
15086,17068,29
15139,21162,29
15189,15780,29
15268,20956,29
15323,19223,29
15336,20872,29
15356,19986,29
15594,17298,29
15680,22253,29
15715,22029,29
15747,15927,29
15780,19801,29
15817,21285,29
15953,17563,29
16308,21475,29
16455,18033,29
16474,21626,29
16799,19977,29
16911,22582,29
17175,22031,29
17297,20405,29
17461,19267,29
17690,20410,29
18094,19327,29
18109,18202,29
18109,22156,29
18286,22279,29
18300,20883,29
18345,21132,29
18459,18654,29
18486,20927,29
18500,19916,29
18532,19575,29
18623,21589,29
18914,19055,29
19292,22430,29
19472,20131,29
19870,21275,29
20150,22029,29
20363,20529,29
20381,22255,29
20448,20474,29
20458,21493,29
20480,22031,29
21829,21969,29
45,9965,30
78,1585,30
80,4322,30
100,16134,30
121,6168,30
134,6423,30
137,19766,30
146,5463,30
280,14596,30
325,401,30
342,16678,30
382,2535,30
384,13393,30
386,22141,30
419,15894,30
531,14861,30
584,15721,30
587,10330,30
631,20582,30
665,1107,30
673,16145,30
696,10597,30
787,20246,30
789,20059,30
830,7207,30
862,19774,30
887,19083,30
891,11900,30
993,13086,30
1046,2736,30
1237,18459,30
1312,18300,30
1335,11745,30
1379,4585,30
1395,3476,30
1405,9837,30
1410,16684,30
1424,8284,30
1426,21696,30
1460,19068,30
1493,3883,30
1574,7472,30
1574,8901,30
1574,11920,30
1616,19568,30
1671,14395,30
1700,22085,30
1747,10991,30
1753,13261,30
1773,18914,30
1905,21006,30
2020,21878,30
2036,6219,30
2065,10166,30
2137,13028,30
2159,15680,30
2180,18786,30
2181,13313,30
2184,21633,30
2352,22311,30
2355,6531,30
2380,3648,30
2391,7582,30
2563,12128,30
2564,5511,30
2664,17080,30
2677,22227,30
2684,8345,30
2719,4347,30
2722,20362,30
2802,21114,30
2819,4754,30
2819,5343,30
2926,21487,30
2927,17109,30
2987,19243,30
3039,12800,30
3145,17211,30
3156,20501,30
3207,17940,30
3256,11426,30
3263,3472,30
3344,20706,30
3379,21651,30
3391,22430,30
3392,11796,30
3392,21864,30
3404,20582,30
3551,20988,30
3617,15610,30
3640,19693,30
3767,18477,30
3867,9516,30
3883,10943,30
3890,6677,30
3890,9551,30
3997,7968,30
4004,9333,30
4017,8801,30
4029,20561,30
4039,16327,30
4096,19382,30
4137,10413,30
4191,6114,30
4223,6664,30
4253,14054,30
4253,17251,30
4377,14930,30
4378,11515,30
4610,15822,30
4612,14760,30
4637,4718,30
4637,12648,30
4637,13301,30
4656,10744,30
4663,16402,30
4757,9374,30
4757,12172,30
4776,15400,30
4811,6026,30
4947,11715,30
4955,18221,30
5003,19094,30
5033,12912,30
5036,17798,30
5094,18015,30
5153,12558,30
5199,17659,30
5205,8221,30
5262,21449,30
5282,15583,30
5311,6332,30
5338,14395,30
5365,18864,30
5405,20503,30
5463,17709,30
5554,6233,30
5678,21956,30
5857,10321,30
5948,8510,30
6010,22403,30
6012,8858,30
6055,11727,30
6087,22338,30
6219,14999,30
6296,17135,30
6425,11466,30
6433,17064,30
6454,14860,30
6533,9053,30
6644,16215,30
6758,14074,30
6857,8538,30
6892,10281,30
6918,22441,30
6929,22451,30
6930,10321,30
6979,8862,30
7003,11988,30
7029,11829,30
7066,13261,30
7127,15278,30
7203,12993,30
7207,20397,30
7229,19568,30
7331,8608,30
7351,11416,30
7387,11033,30
7407,19766,30
7505,8010,30
7507,13342,30
7521,14160,30
7522,16385,30
7566,15513,30
7584,19114,30
7614,18773,30
7623,13718,30
7636,17690,30
7659,17135,30
7721,10678,30
7751,22449,30
7773,22046,30
7782,13091,30
7795,16600,30
7822,22449,30
7828,17762,30
7831,9971,30
7902,15423,30
7942,9528,30
8121,16578,30
8124,13028,30
8222,20688,30
8232,12236,30
8275,18010,30
8291,15756,30
8298,9824,30
8380,18914,30
8391,10688,30
8418,17613,30
8420,12085,30
8440,16263,30
8454,11412,30
8521,13783,30
8617,9117,30
8648,9190,30
8681,18357,30
8705,21468,30
8758,19934,30
8783,15946,30
8820,21092,30
8835,20553,30
8976,12145,30
9020,12220,30
9035,21754,30
9059,13160,30
9220,11852,30
9240,17670,30
9269,15149,30
9278,15927,30
9392,22439,30
9464,19387,30
9587,12363,30
9671,17446,30
9680,19836,30
9696,17002,30
9833,13107,30
9986,14538,30
10006,17839,30
10184,18344,30
10246,10579,30
10284,13258,30
10337,18738,30
10500,17242,30
10566,21149,30
10567,11632,30
10728,17162,30
10812,16783,30
10891,17675,30
10911,22303,30
10914,15139,30
10987,17647,30
10999,19038,30
11015,17035,30
11117,12962,30
11122,22096,30
11125,18724,30
11148,17739,30
11386,20344,30
11463,12641,30
11530,11785,30
11581,18430,30
11594,15636,30
11619,13585,30
11661,19747,30
11829,14022,30
11829,17270,30
11868,21377,30
11920,16898,30
11972,16631,30
12239,15280,30
12360,15916,30
12363,17203,30
12584,20793,30
12596,16263,30
12741,18408,30
12835,20186,30
12883,16636,30
12922,16866,30
12958,16145,30
12981,16856,30
13053,16740,30
13138,15797,30
13170,21292,30
13190,14626,30
13264,22624,30
13387,14231,30
13596,19226,30
13641,21937,30
13679,18855,30
13726,20584,30
13818,17989,30
13818,21658,30
13834,17323,30
13909,18643,30
13925,21122,30
13935,17778,30
13945,14726,30
14027,16818,30
14041,18934,30
14160,20920,30
14251,16483,30
14607,17853,30
14692,17286,30
14699,20200,30
14789,14919,30
14832,20460,30
14904,16033,30
14968,19068,30
14999,17679,30
15119,16402,30
15134,17466,30
15236,20539,30
15268,16948,30
15305,20479,30
15309,19173,30
15564,18671,30
15716,16818,30
15753,16353,30
15869,20349,30
16020,21620,30
16032,18461,30
16063,16795,30
16193,21795,30
16271,20307,30
16284,18334,30
16327,17378,30
16875,21009,30
16898,21701,30
16911,18041,30
17277,18366,30
17472,20381,30
17483,17963,30
17550,21960,30
17553,21468,30
17586,20044,30
17875,19247,30
17930,20381,30
17960,17976,30
18293,21455,30
18463,20060,30
18983,20080,30
19019,19379,30
19045,20677,30
19406,22624,30
19772,21520,30
20149,22290,30
20716,21005,30
20727,22344,30
21624,22098,30
20,16855,31
75,843,31
133,21569,31
154,6028,31
174,7358,31
199,18721,31
208,19308,31
429,15971,31
462,18114,31
486,1328,31
501,2258,31
502,2849,31
755,21071,31
755,21818,31
802,6063,31
870,16012,31
1096,20950,31
1108,3364,31
1155,11745,31
1236,19453,31
1241,17432,31
1312,15122,31
1326,14999,31
1393,4055,31
1400,7410,31
1426,8342,31
1486,3152,31
1486,11252,31
1567,6788,31
1603,10375,31
1605,5868,31
1622,8783,31
1712,13678,31
1809,13153,31
1820,14116,31
1834,14140,31
1979,7853,31
2011,12266,31
2039,16868,31
2177,9982,31
2255,8440,31
2262,3533,31
2386,13876,31
2508,12645,31
2515,11543,31
2519,10943,31
2573,19076,31
2676,13260,31
2852,8855,31
2887,21820,31
2927,20080,31
3167,9117,31
3201,21071,31
3346,8851,31
3393,16893,31
3395,17663,31
3416,11482,31
3452,7338,31
3493,11750,31
3725,19849,31
3866,21780,31
3867,21585,31
3870,10482,31
3964,9611,31
3964,16391,31
4010,19419,31
4030,21659,31
4042,7152,31
4054,17771,31
4069,13727,31
4159,13273,31
4194,5238,31
4201,21389,31
4355,12506,31
4507,13086,31
4546,14917,31
4556,15769,31
4718,16402,31
4757,14956,31
4776,11477,31
4877,12527,31
4924,7280,31
5036,6453,31
5053,22592,31
5125,19901,31
5229,17190,31
5388,18631,31
5418,18631,31
5426,14074,31
5432,12998,31
5467,11875,31
5499,15932,31
5550,17890,31
5725,14908,31
5835,7204,31
6004,16429,31
6029,21468,31
6066,15951,31
6086,15872,31
6090,17418,31
6231,9419,31
6274,9473,31
6397,14197,31
6420,11061,31
6423,7338,31
6427,6668,31
6596,18954,31
6621,13160,31
6736,7433,31
6741,10471,31
6793,10000,31
6892,21069,31
7044,9311,31
7051,10911,31
7051,12365,31
7088,13145,31
7177,9077,31
7464,9808,31
7464,11121,31
7485,16193,31
7501,20894,31
7795,11128,31
7845,17815,31
7866,12707,31
7963,16933,31
7968,17270,31
8034,15110,31
8119,17816,31
8221,20265,31
8440,14633,31
8489,16204,31
8617,9697,31
8685,11378,31
8736,9783,31
8834,20416,31
9099,16563,31
9303,13734,31
9392,11117,31
9530,11426,31
9543,13261,31
9551,18865,31
9569,21129,31
9687,10160,31
9697,20951,31
9737,22186,31
9909,22164,31
9933,13213,31
10022,20525,31
10173,19312,31
10500,16264,31
10576,14219,31
10576,19055,31
10589,13358,31
10591,19504,31
10660,21764,31
10788,17745,31
10859,12365,31
10915,19212,31
11117,13659,31
11145,15046,31
11284,13705,31
11426,20114,31
11468,19529,31
11839,17446,31
11903,12972,31
12046,20608,31
12130,15331,31
12220,14193,31
12365,18210,31
12580,20834,31
12688,15985,31
12917,15580,31
13063,15656,31
13355,16063,31
13400,14739,31
13455,20632,31
13571,19176,31
13678,19801,31
13849,21493,31
13863,17487,31
13892,18159,31
14048,21155,31
14057,19965,31
14138,16402,31
14197,15204,31
14519,18055,31
14748,17461,31
14877,20026,31
14982,16119,31
14999,20089,31
15217,15407,31
15384,20405,31
15552,18573,31
15785,17550,31
15852,15887,31
16085,22307,31
16150,17882,31
16215,20200,31
16332,22430,31
16617,19246,31
17064,18300,31
17378,22449,31
17812,21423,31
17888,19665,31
18285,19997,31
18459,19199,31
18621,21814,31
18751,18954,31
18773,19557,31
18955,20576,31
25,10574,32
81,19763,32
92,12906,32
304,21080,32
318,16125,32
338,13695,32
341,4793,32
448,12830,32
603,17941,32
696,19873,32
728,15280,32
755,19022,32
822,1058,32
866,9651,32
963,15695,32
1021,6811,32
1060,17690,32
1216,8590,32
1525,11173,32
1603,15661,32
1627,14393,32
1727,6012,32
1830,6853,32
1882,7963,32
2249,3775,32
2277,4956,32
2348,15374,32
2391,18230,32
2562,3148,32
2720,11284,32
2722,18221,32
2762,9651,32
2773,7261,32
2852,3381,32
2900,6883,32
3151,6745,32
3365,14782,32
3412,9214,32
3586,16857,32
3653,9909,32
3655,16414,32
3747,18865,32
3869,15465,32
3983,9331,32
3989,6086,32
4139,18285,32
4233,8287,32
4253,11172,32
4422,15594,32
4493,11153,32
4580,4764,32
4610,17027,32
4719,14584,32
4766,14999,32
4899,11746,32
5038,7411,32
5144,14527,32
5262,22417,32
5276,15176,32
5316,18914,32
5361,14316,32
5365,5638,32
5463,18707,32
5482,8916,32
5678,7113,32
5720,21720,32
5786,8783,32
5857,11487,32
6014,17150,32
6302,15981,32
6316,15440,32
6412,6567,32
6414,11829,32
6421,21389,32
6499,16855,32
6542,16145,32
6552,20837,32
6741,12134,32
6742,19693,32
6920,19772,32
6946,15564,32
7020,19946,32
7027,15933,32
7059,10605,32
7209,13786,32
7357,21845,32
7402,13228,32
7411,14607,32
7439,19570,32
7557,18026,32
7784,9968,32
7805,12400,32
7888,21089,32
7914,16263,32
7949,20839,32
7950,14335,32
7970,22537,32
8160,16385,32
8408,17062,32
8487,10858,32
8592,17690,32
8618,19529,32
8630,19184,32
8645,19377,32
8696,20349,32
8718,19267,32
9060,14622,32
9117,17203,32
9117,21992,32
9269,15750,32
9382,13482,32
9448,13086,32
9548,9815,32
9603,19290,32
9833,12971,32
9917,11669,32
9917,18293,32
9944,19747,32
10209,15217,32
10321,11011,32
10350,16134,32
10350,21580,32
10406,20516,32
10555,17537,32
10584,16738,32
10635,13783,32
10806,16915,32
10827,13213,32
10887,12947,32
10972,20308,32
11373,14693,32
11626,21314,32
11697,16151,32
11971,18798,32
12279,16562,32
12365,15633,32
13208,16566,32
13358,15072,32
13488,14020,32
13632,19453,32
13775,15241,32
14395,16755,32
14498,21129,32
14515,19665,32
14614,20494,32
14666,17277,32
14703,21653,32
14719,20080,32
15031,19285,32
15176,15880,32
15268,20497,32
15725,20593,32
15755,16353,32
16033,22123,32
16210,20839,32
16684,18077,32
16855,21222,32
17027,21003,32
17190,19820,32
17401,17537,32
17621,21754,32
17659,18937,32
17842,21937,32
19068,22189,32
20092,22423,32
20285,21084,32
20753,21805,32
21177,22430,32
21509,22071,32
22083,22661,32
178,16689,33
219,280,33
334,22198,33
373,18053,33
473,17277,33
577,13563,33
587,12945,33
674,20582,33
739,14116,33
804,4258,33
852,1690,33
868,8169,33
1121,5596,33
1132,14695,33
1177,15486,33
1188,13268,33
1238,3132,33
1238,16755,33
1258,17547,33
1322,12326,33
1400,9033,33
1421,16777,33
1574,14789,33
1651,7115,33
1690,19980,33
1797,6972,33
1848,13028,33
1953,2546,33
1979,3408,33
2048,5499,33
2069,4793,33
2085,19288,33
2174,17484,33
2274,13758,33
2309,11377,33
2546,11033,33
2670,7437,33
2746,9783,33
2848,3867,33
2862,17162,33
2879,15186,33
2977,6677,33
3016,16193,33
3016,17022,33
3019,19811,33
3034,4530,33
3136,20702,33
3156,12494,33
3201,15568,33
3218,13137,33
3304,12236,33
3346,9986,33
3436,15046,33
3511,21806,33
3533,17064,33
3657,8238,33
3687,6584,33
3789,10677,33
3902,20786,33
3964,4148,33
4149,7885,33
4152,17561,33
4263,11426,33
4286,17688,33
4364,17791,33
4390,10359,33
4430,8850,33
4465,22302,33
4757,20405,33
4946,17062,33
5068,9053,33
5307,14999,33
5365,22186,33
5371,14652,33
5397,21273,33
5405,11173,33
5463,21534,33
5476,18732,33
5570,20633,33
5749,20230,33
5787,6900,33
5948,16338,33
5972,6738,33
6227,14244,33
6247,17193,33
6294,18942,33
6412,17507,33
6420,8427,33
6455,18837,33
6596,20245,33
6634,19728,33
6742,17035,33
7070,12824,33
7181,19979,33
7188,15494,33
7243,19599,33
7326,11760,33
7377,9670,33
7544,12089,33
7575,10093,33
7823,12383,33
7868,9965,33
8284,8732,33
8284,16169,33
8308,11686,33
8322,21459,33
8324,18914,33
8448,9601,33
8448,13415,33
8520,10187,33
8717,17461,33
8898,21271,33
9172,12287,33
9239,11692,33
9239,17449,33
9239,21360,33
9260,21468,33
9422,21657,33
9436,19019,33
9515,9833,33
9529,10910,33
9552,20006,33
9735,19156,33
9846,16385,33
10314,16402,33
10390,14829,33
10666,15176,33
10677,22657,33
10891,22319,33
10955,16033,33
11022,22347,33
11276,13678,33
11414,17064,33
11539,11647,33
11768,19246,33
11846,20925,33
11946,18914,33
11979,14017,33
12018,12253,33
12139,13110,33
12140,20459,33
12363,15097,33
12606,19977,33
12648,18914,33
13035,17792,33
13148,20797,33
13170,21096,33
13261,17507,33
13390,21723,33
13687,14816,33
14572,17190,33
14666,22674,33
14932,20826,33
15086,17379,33
15517,18298,33
15583,18589,33
15585,18751,33
15680,18705,33
16271,17782,33
16371,18063,33
16377,21049,33
16380,16490,33
16385,22041,33
16425,20847,33
16569,22430,33
16909,20424,33
17752,17953,33
17964,21563,33
18033,20087,33
18358,18631,33
18932,19747,33
19019,20405,33
19980,20990,33
20381,21440,33
20608,20683,33
20728,22430,33
21129,22031,33
65,16855,34
75,2571,34
103,6211,34
121,14956,34
149,3592,34
158,2003,34
163,4140,34
330,12236,34
429,9897,34
441,4655,34
526,15086,34
587,13526,34
632,7724,34
678,13925,34
692,7434,34
822,7843,34
831,12379,34
887,4552,34
1073,18459,34
1099,8044,34
1150,8440,34
1236,16884,34
1283,20593,34
1368,12465,34
1408,18910,34
1586,2662,34
1623,20583,34
1666,5262,34
1698,16145,34
1727,2649,34
2016,18459,34
2020,20950,34
2036,11780,34
2087,17983,34
2090,2826,34
2160,8301,34
2160,11316,34
2262,13855,34
2274,22283,34
2348,3928,34
2360,6892,34
2437,12365,34
2514,7577,34
2541,16332,34
2762,5524,34
2921,5720,34
3061,8898,34
3085,18399,34
3261,17419,34
3446,15019,34
3470,4056,34
3551,13727,34
3574,18528,34
3629,22510,34
3757,6249,34
3865,16719,34
3867,16503,34
4029,7528,34
4196,22308,34
4210,18015,34
4377,7059,34
4446,5681,34
4498,8163,34
4530,13013,34
4573,8315,34
4630,12735,34
4635,18587,34
4668,10375,34
4703,6451,34
4830,8334,34
4855,18332,34
4898,22394,34
5033,6788,34
5033,13685,34
5072,19134,34
5238,19378,34
5391,21479,34
5397,6494,34
5577,11302,34
5673,14821,34
5714,18738,34
5789,15141,34
5881,19019,34
6085,20677,34
6139,13928,34
6157,13564,34
6165,21720,34
6395,21693,34
6420,19791,34
6535,15927,34
6634,14598,34
6677,14371,34
6972,20381,34
6979,19364,34
7029,22430,34
7066,19570,34
7338,21560,34
7402,21467,34
7501,20554,34
7659,18631,34
7713,19112,34
8183,12960,34
8360,10597,34
8421,18801,34
8645,11862,34
8689,13195,34
8718,21796,34
8840,10445,34
8840,14598,34
8909,17693,34
9053,11148,34
9295,13658,34
9439,15486,34
9515,12546,34
9622,13482,34
9659,11218,34
9670,20128,34
9987,13475,34
10000,13997,34
10081,16385,34
10394,15448,34
10396,18375,34
10405,15748,34
10546,21177,34
10564,19820,34
10592,13803,34
10768,12562,34
10813,21956,34
11404,17487,34
11551,15583,34
12130,12689,34
12236,13477,34
12347,22059,34
12358,18280,34
12363,12881,34
12436,15916,34
12538,18021,34
12829,13678,34
12871,16649,34
12883,14861,34
13090,14602,34
13094,14048,34
13195,20027,34
13213,19207,34
13261,14752,34
13315,16033,34
13678,16021,34
13678,21090,34
13679,16373,34
13679,18411,34
13898,22449,34
14159,14769,34
14360,15678,34
14576,18464,34
15008,19770,34
15197,20611,34
15550,22064,34
15552,21814,34
15564,20025,34
16050,22475,34
16079,21306,34
16150,21327,34
16645,17669,34
17036,20368,34
17037,19802,34
17064,20940,34
17109,17487,34
17211,18724,34
17269,18768,34
17377,21890,34
17558,18914,34
18286,19785,34
18606,18631,34
18682,19911,34
18722,19523,34
19759,19849,34
19762,20584,34
19836,19958,34
20036,20140,34
20215,20321,34
21082,22321,34
71,2274,35
199,16102,35
212,7716,35
229,10439,35
389,4033,35
413,8288,35
594,8700,35
665,14123,35
733,9139,35
792,1437,35
822,11159,35
893,22017,35
938,10574,35
1037,3962,35
1052,11532,35
1065,3392,35
1196,7384,35
1237,20608,35
1246,3406,35
1254,20159,35
1284,15163,35
1346,10576,35
1388,4140,35
1474,9333,35
1539,13400,35
1627,16578,35
1628,20529,35
1848,22020,35
1863,13400,35
2149,8120,35
2210,11339,35
2274,20935,35
2314,15332,35
2346,11913,35
2452,12222,35
2546,18606,35
2551,17659,35
2620,2722,35
2693,18316,35
2854,21031,35
2871,7026,35
2903,19031,35
2925,16631,35
2927,21922,35
2943,7473,35
3016,15383,35
3128,5463,35
3208,7141,35
3208,15110,35
3208,19048,35
3337,5674,35
3578,19367,35
3589,17036,35
3760,6796,35
3810,9053,35
3889,11218,35
3925,7829,35
3964,7870,35
3964,17953,35
4103,12499,35
4140,16559,35
4140,19605,35
4319,15780,35
4378,5957,35
4463,11857,35
4546,15683,35
4602,17502,35
4642,7544,35
4645,13226,35
4692,17215,35
4776,20089,35
4814,5638,35
4830,11829,35
4859,8909,35
4882,16169,35
4883,10988,35
5049,18217,35
5125,8816,35
5127,12994,35
5132,13076,35
5196,21436,35
5238,12101,35
5463,11006,35
6043,16402,35
6066,17690,35
6067,14221,35
6086,16387,35
6216,15868,35
6228,19747,35
6231,17153,35
6268,21548,35
6332,19546,35
6415,13162,35
6459,12365,35
6478,10235,35
6488,16353,35
6736,12994,35
6758,18932,35
6788,15083,35
6861,14156,35
6889,19887,35
6931,21054,35
7050,11796,35
7124,8010,35
7358,11217,35
7377,14092,35
7490,21605,35
7501,8818,35
7520,18822,35
7625,17190,35
7968,18932,35
7969,22319,35
8027,13414,35
8119,16295,35
8123,14201,35
8221,17167,35
8390,15033,35
8472,21603,35
8476,20529,35
8723,12130,35
8802,9987,35
8816,18738,35
9163,19055,35
9178,17487,35
9187,11619,35
9190,9507,35
9284,19860,35
9360,18430,35
9364,9761,35
9425,18630,35
9551,19785,35
9721,18751,35
9909,9929,35
9970,15008,35
10282,14176,35
10367,15062,35
10413,21253,35
10491,15223,35
10708,14703,35
10791,13490,35
11117,18314,35
11228,22461,35
11561,22430,35
11680,18033,35
11746,22430,35
12048,19019,35
12088,22263,35
12220,19183,35
12409,22472,35
12496,13967,35
13005,14586,35
13086,17615,35
13273,19212,35
13289,20238,35
13528,14576,35
13563,16697,35
13794,20981,35
13896,14027,35
13965,16401,35
14115,15128,35
14223,22046,35
14926,17190,35
15057,18008,35
15265,21505,35
15280,17235,35
15618,18382,35
15786,22576,35
15806,18114,35
16033,19419,35
16740,20420,35
16990,18977,35
17190,18064,35
17774,19665,35
17846,19119,35
18293,18551,35
18430,19830,35
19019,22016,35
20209,21389,35
20999,21397,35
21817,22064,35
10,455,36
60,219,36
113,16978,36
199,13581,36
277,2579,36
278,10584,36
280,8424,36
353,12292,36
358,393,36
384,16933,36
755,20572,36
870,1979,36
975,4152,36
1161,7314,36
1208,3396,36
1312,19108,36
1408,13925,36
1681,4152,36
1761,9062,36
1875,2394,36
1979,6996,36
2051,12250,36
2085,20403,36
2184,9690,36
2348,6738,36
2374,13199,36
2386,15217,36
2546,9204,36
2558,13233,36
2808,4626,36
2819,22444,36
2852,12311,36
2903,13783,36
2939,7102,36
3098,9240,36
3208,11539,36
3282,18181,36
3356,9507,36
3360,11829,36
3392,14520,36
3559,15594,36
3696,18159,36
3831,16138,36
3833,13258,36
3867,19036,36
3926,18151,36
3956,22100,36
4049,21625,36
4140,14073,36
4140,21534,36
4299,15894,36
4401,16546,36
4441,14779,36
4466,11117,36
4546,8721,36
4755,6063,36
5033,15386,36
5033,18001,36
5125,13758,36
5162,21308,36
5376,10572,36
5426,5736,36
5426,5857,36
5600,12821,36
5624,12843,36
5836,7867,36
5845,7845,36
5969,8440,36
5979,9407,36
6007,18397,36
6022,15057,36
6065,9959,36
6231,16007,36
6234,6830,36
6521,15217,36
6758,13145,36
6783,18132,36
6977,12406,36
7338,20217,36
7840,12295,36
7893,16271,36
7908,13478,36
8284,11142,36
8302,17679,36
8547,18849,36
8630,22489,36
8645,18729,36
8979,17461,36
9240,13211,36
9243,21784,36
9477,9987,36
9670,19382,36
10036,12995,36
10143,13073,36
10379,13678,36
10388,11852,36
10543,21937,36
10584,14707,36
10949,14160,36
10993,22427,36
11563,14156,36
11640,15642,36
12107,14116,36
12250,12479,36
12286,19849,36
12326,22208,36
12368,19907,36
12821,19826,36
12908,15206,36
13658,22102,36
13981,15016,36
14042,18296,36
14115,21239,36
14436,21754,36
14718,21962,36
15594,22017,36
15680,15782,36
15761,19019,36
15894,16210,36
16076,22139,36
16546,19100,36
16991,20608,36
17162,17556,36
17438,17888,36
18034,22430,36
18345,18751,36
18786,20405,36
18913,19055,36
18969,22316,36
19019,21633,36
19183,19432,36
19845,21309,36
20092,20597,36
20344,21266,36
247,5463,37
441,20344,37
473,19415,37
486,4776,37
528,17297,37
587,4513,37
587,5222,37
590,15657,37
710,19019,37
719,7501,37
957,16728,37
1014,14950,37
1031,20774,37
1090,19570,37
1328,22550,37
1437,12962,37
1449,6596,37
1454,10959,37
1608,13938,37
1619,20584,37
1961,20584,37
1986,12364,37
2262,11684,37
2288,6736,37
2391,11624,37
2456,22463,37
2475,9062,37
2708,7976,37
2744,10862,37
2819,4390,37
2921,13946,37
3080,9331,37
3196,6420,37
3537,12326,37
3552,13695,37
3759,9941,37
3788,8718,37
3861,11282,37
3937,16351,37
4016,4230,37
4029,19561,37
4139,9987,37
4140,18562,37
4243,21309,37
4254,16572,37
4382,16840,37
4422,19076,37
4438,5991,37
4563,16286,37
4586,5436,37
4655,20950,37
4776,14671,37
4797,6412,37
4872,16873,37
4957,19113,37
5300,13249,37
5384,7455,37
5459,14352,37
5503,9879,37
5576,12803,37
5937,17659,37
6009,8952,37
6066,12183,37
6233,15280,37
6361,18919,37
6510,12682,37
6525,18293,37
6691,13866,37
6728,9581,37
6758,22015,37
6779,13273,37
7112,12365,37
7171,7464,37
7358,9992,37
7471,11888,37
7477,12082,37
7525,17190,37
7622,16818,37
7968,10327,37
8062,20565,37
8322,18566,37
8682,21412,37
8762,10321,37
8777,17387,37
8800,20080,37
8911,15990,37
8989,10000,37
9126,19965,37
9154,15680,37
9639,15008,37
10000,15947,37
10012,13160,37
10023,15428,37
10413,15755,37
10555,18201,37
10657,21821,37
10911,19232,37
10933,13001,37
11098,22430,37
11301,16978,37
11386,17190,37
11563,15086,37
11640,18687,37
11760,16663,37
11769,19596,37
12049,20080,37
12054,16751,37
12130,12330,37
12538,15680,37
12556,15261,37
12623,12824,37
13013,13073,37
13341,22684,37
13363,17547,37
13526,17036,37
13703,15894,37
13736,19131,37
14156,16485,37
15027,19413,37
15227,18286,37
15636,17128,37
15916,22361,37
16353,18542,37
16467,18751,37
16898,18298,37
17002,20802,37
17190,19557,37
17547,18865,37
17765,21518,37
18459,22386,37
19905,21035,37
20194,20507,37
20938,21468,37
21275,22135,37
21445,21723,37
100,9437,38
130,17508,38
430,8163,38
470,730,38
671,19716,38
919,12325,38
1021,18587,38
1193,2184,38
1312,16350,38
1380,6473,38
1408,12893,38
1631,18914,38
1728,15948,38
1789,7402,38
1797,16455,38
1807,16403,38
1859,2262,38
1962,11619,38
2120,21969,38
2184,7466,38
2326,12230,38
2348,15043,38
2348,19212,38
2485,2679,38
2696,13430,38
2703,6028,38
2810,12562,38
3258,10334,38
3319,18109,38
3423,10744,38
3574,21623,38
3578,8220,38
3685,7970,38
3753,15265,38
3870,13874,38
3964,14907,38
3964,16806,38
4003,19364,38
4441,17744,38
4549,21224,38
4739,17752,38
4800,5422,38
5067,12081,38
5097,22029,38
5425,18015,38
5463,11051,38
5503,13844,38
5639,19518,38
5641,22216,38
5829,20344,38
6004,13396,38
6098,15564,38
6119,7261,38
6231,18768,38
6366,11117,38
6615,12069,38
6619,19156,38
6738,11338,38
6758,13003,38
6758,15541,38
6837,21222,38
6847,7512,38
6892,12940,38
7146,12944,38
7225,15052,38
7348,17693,38
7382,18773,38
7402,19267,38
7433,15278,38
7501,13599,38
7805,12330,38
7885,13010,38
7945,13651,38
7976,16033,38
7994,10000,38
8083,8519,38
8163,12628,38
8202,14311,38
8423,19876,38
8721,18163,38
9177,15306,38
9392,22226,38
9427,13800,38
9486,12385,38
9529,19712,38
9622,15680,38
9738,12365,38
9742,16110,38
10348,15530,38
10390,21798,38
10597,19510,38
10781,17647,38
11306,14602,38
11426,17428,38
11539,15995,38
11908,21309,38
11920,15086,38
11967,15529,38
12015,17391,38
12119,17424,38
12220,14928,38
12220,15754,38
12509,16033,38
12645,16497,38
12956,15868,38
13086,15793,38
13347,18032,38
13678,14129,38
13678,19960,38
14343,15280,38
14496,20839,38
14844,19747,38
14919,15545,38
14998,17887,38
14999,20673,38
15008,20019,38
15046,17289,38
15125,18459,38
15798,17951,38
16168,18430,38
16777,20137,38
17462,18286,38
17534,18286,38
18024,21884,38
18266,21949,38
18551,18786,38
19076,19964,38
19267,21314,38
19295,20995,38
158,3578,39
197,15981,39
199,15114,39
214,18092,39
239,6892,39
239,12363,39
305,11852,39
441,15261,39
603,10220,39
862,12089,39
867,3657,39
899,22674,39
948,12359,39
1178,5503,39
1285,12409,39
1332,5056,39
1395,11769,39
1549,22634,39
1562,7050,39
1574,8957,39
1574,13200,39
1574,15959,39
1574,21454,39
1668,15280,39
1708,7314,39
1770,6333,39
1776,22300,39
2048,12956,39
2074,5033,39
2416,10677,39
2421,2777,39
2541,4413,39
2682,15185,39
2696,8551,39
2722,15163,39
2748,20344,39
2762,13955,39
2826,2944,39
3003,10657,39
3202,20692,39
3248,19439,39
3349,15621,39
3447,13849,39
3578,10025,39
3630,7968,39
3667,6226,39
3963,7287,39
4039,12868,39
4096,8645,39
4108,17215,39
4140,21201,39
4140,22570,39
4172,16033,39
4389,11158,39
4552,10413,39
4567,17036,39
4793,18793,39
4844,11852,39
4935,5073,39
4964,14080,39
5184,7721,39
5997,9852,39
6008,6017,39
6086,22031,39
6231,17053,39
6576,9654,39
6578,8390,39
6758,14196,39
6960,11947,39
7234,19665,39
7330,11500,39
7501,14049,39
7517,14488,39
7534,14919,39
7563,20300,39
7566,19327,39
7625,14048,39
7650,21383,39
7707,13847,39
7721,13992,39
7721,17978,39
7848,19905,39
7939,17883,39
7960,10657,39
8221,14282,39
8375,15817,39
8415,17581,39
8415,20536,39
8714,22324,39
8800,16271,39
8885,19706,39
8983,14820,39
9053,11539,39
9214,13841,39
9701,19453,39
9909,19563,39
9987,12894,39
10083,18293,39
10265,18713,39
10657,19290,39
10911,22349,39
11111,19836,39
11129,19612,39
11242,21845,39
11263,15008,39
11426,20405,39
11466,12953,39
11500,20692,39
11755,22548,39
11769,19406,39
11888,15918,39
11913,12365,39
12202,16848,39
12344,13414,39
12364,22661,39
12499,16770,39
12562,21100,39
12677,13678,39
12793,17547,39
13193,13743,39
13402,20589,39
13454,19772,39
13501,16130,39
14156,22459,39
14514,19885,39
14525,16911,39
14652,19091,39
14919,20238,39
14989,15486,39
15008,18210,39
15008,20297,39
15293,20302,39
15453,21217,39
15487,21721,39
15771,21394,39
15954,16838,39
16269,17752,39
16271,19664,39
16271,20503,39
16350,19836,39
16943,19747,39
17046,18218,39
18015,19329,39
18142,21289,39
18581,22133,39
18628,20584,39
18714,20615,39
19364,21044,39
19885,22031,39
19939,21467,39
20765,21402,39
8,13596,40
14,15176,40
86,22423,40
118,6892,40
121,11427,40
151,9650,40
262,2638,40
430,10118,40
556,19980,40
587,6066,40
587,17355,40
620,17190,40
664,22005,40
733,10115,40
890,9941,40
943,20381,40
1210,8306,40
1437,4860,40
1493,3415,40
1639,11302,40
1738,20584,40
1830,5309,40
1896,15206,40
2087,10191,40
2230,16402,40
2407,2927,40
2514,12760,40
2577,14760,40
2635,14088,40
2637,7925,40
2664,15786,40
2744,19914,40
2768,6231,40
2852,8169,40
2852,19565,40
2958,13213,40
3140,10118,40
3354,18351,40
3383,12971,40
3402,22213,40
3467,16402,40
3578,13352,40
3631,17647,40
3756,20839,40
3964,12882,40
4231,6596,40
4243,6107,40
4364,12537,40
4380,11426,40
4414,21937,40
4640,13262,40
4659,20608,40
4776,22444,40
5196,20300,40
5453,17997,40
5596,13358,40
5787,10671,40
5948,18384,40
6011,11868,40
6093,18459,40
6111,16650,40
6114,6966,40
6437,14939,40
6485,13446,40
6493,8000,40
6502,22041,40
6713,15748,40
6741,19685,40
6975,15280,40
7003,10677,40
7035,16353,40
7042,18151,40
7191,12365,40
7284,15206,40
7377,21663,40
7512,16818,40
7701,18570,40
7828,15684,40
7968,8823,40
8371,14428,40
8502,19544,40
8757,10295,40
8783,13758,40
8783,16931,40
9098,10552,40
9240,9403,40
9295,11155,40
9346,20931,40
9515,12134,40
9551,10550,40
9551,17169,40
10500,19622,40
10555,13278,40
10566,17653,40
10570,13490,40
10657,11258,40
10688,12202,40
10706,10768,40
11021,12562,40
11040,22430,40
11057,18114,40
11227,15580,40
11453,12219,40
11692,21084,40
11971,15217,40
12136,15079,40
12201,13678,40
12365,18052,40
12499,18711,40
12585,18459,40
12621,16353,40
12686,15198,40
12731,22423,40
13188,20070,40
13261,15917,40
13715,14292,40
13955,15680,40
15331,15995,40
15680,20443,40
15787,19479,40
15872,21389,40
16402,16931,40
16911,21071,40
17012,22343,40
17029,18033,40
17036,17462,40
17068,17778,40
17297,18340,40
17621,21761,40
17667,21644,40
17867,20554,40
18093,18172,40
19076,20396,40
19267,20381,40
19466,20702,40
21937,22417,40
212,3174,41
239,16033,41
250,19019,41
280,16848,41
348,18439,41
427,4586,41
595,5936,41
698,9214,41
812,7675,41
852,17690,41
901,3937,41
948,8940,41
1009,8783,41
1194,15487,41
1247,4546,41
1437,15753,41
1437,19133,41
1793,19066,41
1830,8540,41
2132,5887,41
2163,18701,41
2168,9702,41
2274,7635,41
2509,3578,41
2546,17438,41
2638,7585,41
2661,18429,41
2744,5725,41
2808,8850,41
2808,19762,41
2841,10621,41
2960,18674,41
3212,12506,41
3234,19276,41
3300,3791,41
3409,7243,41
3439,3743,41
3963,15626,41
3963,16992,41
3964,20298,41
4029,11929,41
4157,16402,41
4441,9668,41
4511,7968,41
4666,17848,41
4785,15086,41
5125,7641,41
5365,20148,41
5431,15680,41
5467,7460,41
5525,12562,41
5747,21714,41
6231,17529,41
6596,10433,41
7092,17012,41
7377,13063,41
7501,13410,41
7622,20608,41
7968,11577,41
8037,16271,41
8713,17130,41
8832,19750,41
8954,17988,41
8964,14469,41
8976,15303,41
9053,17081,41
9213,18914,41
9295,12500,41
9303,15501,41
9349,21433,41
9481,19422,41
9484,13111,41
9493,16402,41
9515,14606,41
9607,16534,41
10101,12049,41
10350,18193,41
10706,14806,41
10779,16005,41
11101,14699,41
11104,17190,41
11117,13680,41
11349,14231,41
11426,19881,41
11718,15308,41
11829,17808,41
11829,20660,41
12131,18430,41
12316,13213,41
13243,20765,41
13249,13780,41
13261,21071,41
13510,18751,41
13653,20419,41
13908,16821,41
14259,17929,41
14275,19453,41
14356,21468,41
15097,22430,41
15217,16636,41
15280,16854,41
15280,20525,41
15657,17461,41
15798,16826,41
16020,18240,41
16193,21423,41
18136,20559,41
18445,19176,41
19134,19881,41
19342,22634,41
19836,20140,41
20080,21708,41
131,15995,42
199,4198,42
256,1848,42
280,3866,42
280,19403,42
280,20176,42
329,10599,42
387,2184,42
466,14008,42
475,9824,42
587,21382,42
590,14583,42
601,15564,42
712,21174,42
758,3104,42
758,17505,42
867,18114,42
913,13399,42
975,7751,42
1297,11064,42
1430,17135,42
1574,13725,42
1638,8783,42
1807,8747,42
1820,13099,42
1848,14915,42
1862,2493,42
2003,11683,42
2100,20795,42
2174,19693,42
2262,20184,42
2274,14767,42
2370,8440,42
2391,14937,42
2607,15564,42
2688,6420,42
2711,10584,42
2744,13305,42
2751,17047,42
2833,4129,42
2852,9104,42
2997,19836,42
3050,9820,42
3279,12715,42
3370,21082,42
3756,14655,42
3867,10704,42
4128,10276,42
4259,15176,42
4655,11049,42
4656,20608,42
4757,20871,42
4795,21884,42
5033,7593,42
5282,7338,42
5408,21415,42
5426,11692,42
5455,10584,42
5463,6353,42
5509,19713,42
6327,21563,42
6510,10518,42
6522,9959,42
6601,16077,42
6729,20163,42
6782,15217,42
7088,16572,42
7279,13213,42
7297,14053,42
7451,20044,42
7724,12406,42
8407,18622,42
8440,12797,42
8465,19479,42
8801,11944,42
8889,14982,42
8952,17036,42
9010,12169,42
9214,13116,42
9331,9803,42
9710,19905,42
9762,17988,42
9824,14764,42
10693,15086,42
10737,19152,42
10915,18771,42
11179,11852,42
11473,12994,42
11781,14982,42
11829,18492,42
12163,15557,42
12173,14156,42
12259,21962,42
12351,21841,42
12957,16063,42
13008,21863,42
13213,17708,42
13261,16577,42
13289,17997,42
13348,21927,42
13595,17190,42
13775,21253,42
14886,20491,42
15046,19568,42
15123,20593,42
15206,16023,42
15268,22019,42
15626,16385,42
15680,19168,42
15916,19127,42
16043,18751,42
16618,17036,42
16830,19453,42
17109,19905,42
18015,19660,42
18771,21644,42
19735,22610,42
19766,22315,42
20536,21781,42
20578,22381,42
20582,21998,42
23,15150,43
280,14876,43
587,10803,43
603,19442,43
808,6423,43
922,16057,43
1031,3667,43
1060,18459,43
1312,17355,43
1317,4286,43
1328,3599,43
1423,9433,43
1654,14353,43
1770,12562,43
1979,2884,43
2024,9158,43
2031,10991,43
2074,13678,43
2166,21468,43
2274,6881,43
2399,3985,43
2458,13678,43
2520,19079,43
2819,9906,43
2946,4546,43
3028,7968,43
3094,11444,43
3121,4757,43
3206,13980,43
3494,18914,43
3655,5930,43
3764,11114,43
3964,10764,43
3964,11655,43
4057,19019,43
4157,21937,43
4242,20608,43
4245,15970,43
4390,12365,43
4548,17064,43
4655,17405,43
4999,13008,43
5265,15445,43
5273,8718,43
5307,21468,43
5405,20636,43
5463,10644,43
5463,17074,43
5640,15268,43
6162,16814,43
6352,11521,43
6520,20381,43
6736,16437,43
6833,14924,43
7067,12045,43
7306,22636,43
7434,14462,43
7505,8840,43
7819,12821,43
8131,20608,43
8302,13824,43
8401,19665,43
8423,19902,43
8440,21505,43
8558,16277,43
8737,21318,43
8746,22430,43
9089,21696,43
9262,15780,43
9297,15894,43
10356,15680,43
10699,20839,43
10741,21937,43
10862,18286,43
10942,11056,43
11426,14545,43
11426,16730,43
11681,14161,43
11832,19883,43
11848,21084,43
11852,21447,43
11853,12535,43
11947,14003,43
12363,21998,43
12365,15069,43
13105,16425,43
13502,22430,43
14063,17960,43
14223,22361,43
14271,21675,43
14488,15900,43
14733,15127,43
14797,20518,43
14829,16884,43
15075,18763,43
15086,19901,43
15305,18015,43
15750,16193,43
16151,19173,43
16402,16414,43
16637,18822,43
17190,20906,43
18573,19173,43
19002,22378,43
19076,20179,43
20529,21286,43
21928,21937,43
163,733,44
327,18015,44
585,4140,44
603,8777,44
739,19836,44
755,14309,44
755,22439,44
841,21738,44
933,15916,44
948,4985,44
1211,5463,44
1327,17647,44
1408,16205,44
1509,8440,44
1541,11426,44
1708,19430,44
1824,15551,44
1962,19836,44
2002,8645,44
2131,10986,44
2184,20520,44
2262,2702,44
2262,19147,44
2320,17033,44
2524,14116,44
2559,7211,44
2571,8752,44
2751,10438,44
2762,7150,44
2852,5190,44
2852,19566,44
2852,22031,44
2858,8630,44
2985,15583,44
3129,20753,44
3144,22157,44
3454,18968,44
3937,13173,44
4054,5948,44
4119,13355,44
4140,5879,44
4238,15280,44
4340,15008,44
4370,16395,44
4394,9117,44
4418,12821,44
4651,19559,44
4776,22549,44
4844,19076,44
5089,15086,44
5358,17988,44
5463,17993,44
5482,13367,44
5721,12956,44
5773,13866,44
6111,10540,44
6318,19382,44
6390,7968,44
6404,19570,44
6412,16985,44
6677,8950,44
6713,20608,44
6720,7252,44
6775,19453,44
6820,17663,44
6838,9034,44
7053,13076,44
7229,13129,44
7473,18026,44
7557,18914,44
7665,13938,44
8340,12220,44
8400,20582,44
8498,19177,44
8659,12365,44
9064,15894,44
9097,15280,44
9117,19030,44
9331,10956,44
9469,14621,44
9824,17468,44
9948,21858,44
10911,17789,44
11427,16402,44
11829,13143,44
11834,13199,44
11852,14736,44
12027,20590,44
12183,18710,44
12221,19693,44
12711,13261,44
12974,15370,44
13289,14895,44
13663,21468,44
13776,16263,44
14065,14424,44
14216,20479,44
14478,20349,44
14509,17547,44
14764,20839,44
14922,16783,44
15168,15787,44
15217,22322,44
15464,16106,44
15717,17190,44
15916,16497,44
16271,21435,44
16686,17064,44
17057,20387,44
18509,18738,44
19168,22430,44
20529,21810,44
21066,21468,44
21875,21937,44
94,12183,45
96,17405,45
219,20593,45
338,8487,45
530,4586,45
557,16005,45
733,13803,45
822,6488,45
898,2751,45
1096,14205,45
1198,12015,45
1465,20374,45
1586,10911,45
1728,7742,45
1806,8981,45
1952,10261,45
2030,6412,45
2084,10413,45
2546,22262,45
2563,9942,45
2577,12506,45
2692,12389,45
2720,17547,45
2751,6910,45
2751,10454,45
2760,4378,45
2762,8117,45
2819,21843,45
2915,15008,45
2979,17382,45
3177,9966,45
3208,18999,45
3208,21145,45
3276,16757,45
3313,4655,45
3471,21542,45
3510,7773,45
3657,14504,45
3665,15981,45
3964,17983,45
4006,9295,45
4243,18118,45
4319,11426,45
4364,19075,45
4414,20608,45
4568,6820,45
4615,17497,45
4672,11718,45
4757,20848,45
4859,17002,45
5008,19905,45
5703,15564,45
5940,11619,45
6010,17693,45
6100,20837,45
6494,15798,45
6720,9832,45
6833,12346,45
6963,7968,45
6991,22069,45
7009,8251,45
7116,9240,45
7358,9882,45
7501,12904,45
7700,10074,45
7918,10352,45
8083,8995,45
8163,11575,45
8424,16193,45
8446,18345,45
8985,18757,45
9303,21021,45
9377,13076,45
9477,20608,45
9585,21084,45
9824,19685,45
9941,13701,45
10321,12248,45
10572,19894,45
10682,19389,45
11101,17297,45
11362,14615,45
11852,22452,45
12169,15270,45
12259,17407,45
12985,22610,45
13027,20028,45
13111,14728,45
13679,14407,45
13679,20221,45
13762,18459,45
13807,16873,45
13955,17547,45
14538,22430,45
14693,17806,45
14800,21132,45
14814,19845,45
15027,21468,45
15268,19673,45
15583,17030,45
15747,17036,45
16286,21363,45
17298,21937,45
17708,21468,45
19114,21798,45
20149,21237,45
28,2274,46
240,19369,46
251,4140,46
427,17068,46
455,20080,46
497,14760,46
529,4782,46
587,11975,46
617,15268,46
652,5773,46
730,14025,46
755,15546,46
873,3400,46
919,2036,46
1238,22529,46
1247,19076,46
1272,7577,46
1291,20584,46
1408,11612,46
1424,19382,46
1437,12731,46
1574,7070,46
1574,15379,46
1918,2819,46
2208,14989,46
2450,19382,46
2571,15198,46
2860,19076,46
3007,9551,46
3052,20911,46
3156,3210,46
3208,5998,46
3395,5993,46
3406,20705,46
3408,3825,46
3524,19529,46
3747,20060,46
3800,7596,46
4031,16193,46
4046,21502,46
4087,9295,46
4129,13644,46
4286,10494,46
4345,5020,46
4369,14999,46
4572,13111,46
4681,13028,46
4776,6968,46
4776,10438,46
4973,17547,46
5064,17035,46
5326,7249,46
5361,5721,46
5361,17980,46
5365,8224,46
5405,6780,46
5489,11302,46
5879,15981,46
5904,13596,46
6150,11619,46
6231,14622,46
6774,12202,46
6778,17461,46
6907,15674,46
7122,15577,46
7263,11426,46
7330,11926,46
7358,8323,46
7434,18485,46
7952,9823,46
8250,19076,46
8476,12397,46
8593,22029,46
8783,9087,46
8783,17438,46
8961,9987,46
9007,19836,46
9090,15267,46
9143,21468,46
9191,10574,46
9515,22007,46
9524,20511,46
9542,19870,46
9747,12217,46
9987,11848,46
9991,16271,46
10116,11426,46
10498,19244,46
10527,11976,46
10588,17616,46
10887,15600,46
10943,20798,46
11726,18286,46
11784,21060,46
11893,12342,46
12080,14460,46
12365,15745,46
12365,20194,46
12459,17190,46
12701,20529,46
12994,21391,46
13029,17035,46
13086,17994,46
13158,14922,46
13213,16703,46
13358,20458,46
13784,17068,46
13785,15046,46
13885,19674,46
15086,16307,46
15280,15385,46
15614,16145,46
15831,17968,46
15985,21949,46
16033,20176,46
16115,22430,46
17531,19382,46
17547,18661,46
18349,19019,46
18465,18523,46
18773,20929,46
19424,21368,46
19652,21389,46
107,1460,47
199,3765,47
318,20420,47
478,11619,47
497,5033,47
526,13836,47
587,7838,47
761,17035,47
1083,17547,47
1192,3867,47
1328,22600,47
1386,12119,47
1414,2262,47
1426,17401,47
1627,20282,47
1789,19932,47
1830,8773,47
1867,6497,47
1953,13391,47
2145,11337,47
2157,18773,47
2262,3957,47
2274,13356,47
2391,10793,47
2507,13596,47
2526,11322,47
2676,3825,47
2689,17957,47
2722,7956,47
2740,17068,47
2808,11052,47
2819,19743,47
2921,12710,47
3015,19019,47
3115,3687,47
3181,10911,47
3528,9290,47
3844,15086,47
3864,5530,47
3867,18818,47
3964,9313,47
3987,4726,47
4029,4592,47
4140,5953,47
4188,10400,47
4498,10706,47
4757,12287,47
5057,7230,47
5404,6231,47
5676,13244,47
5719,21448,47
6086,19394,47
6359,15267,47
6451,12183,47
6510,18581,47
6526,15280,47
6596,16223,47
6697,21845,47
7338,14669,47
7377,9324,47
7434,16992,47
8334,17790,47
8389,21937,47
8520,19802,47
8645,11181,47
8704,15280,47
8718,16487,47
9053,20214,47
9132,21956,47
9481,9657,47
9506,19905,47
9529,20878,47
10227,14919,47
10334,13261,47
10380,13261,47
10413,20067,47
10728,13074,47
10988,19590,47
11039,19570,47
11163,19766,47
11389,22139,47
11592,19154,47
11871,17771,47
11926,12499,47
12363,13891,47
12437,14714,47
12492,21389,47
13210,15564,47
13210,15680,47
13289,13430,47
13553,19165,47
13559,21468,47
13824,18786,47
14508,20381,47
14810,21785,47
14833,17036,47
14971,20608,47
15206,15672,47
15268,15920,47
15350,19747,47
15401,19711,47
15757,18254,47
16271,18428,47
16639,18738,47
16660,17487,47
16787,19633,47
17461,18457,47
17461,22393,47
18751,20722,47
18786,22031,47
19038,21710,47
19925,21389,47
20176,20584,47
21389,22513,47
81,22460,48
100,917,48
443,2819,48
665,21881,48
845,9117,48
848,2104,48
875,5379,48
902,8783,48
1027,2708,48
1093,10000,48
1144,3942,48
1447,2391,48
1651,2114,48
1835,17690,48
1917,5051,48
1949,11426,48
2055,11426,48
2184,20390,48
2245,8459,48
2348,11626,48
2404,3811,48
2553,18240,48
2612,17220,48
2852,22116,48
2958,8440,48
3093,9742,48
3201,16720,48
3333,22430,48
3349,4289,48
3578,10743,48
3578,11517,48
3585,17461,48
3608,5160,48
3772,18459,48
3866,8221,48
3919,18872,48
3964,13016,48
4016,15695,48
4243,7097,48
4386,21468,48
4398,21923,48
4439,16935,48
4503,16700,48
4635,12305,48
4737,20727,48
4764,19687,48
4944,9726,48
5033,16104,48
5057,10299,48
5125,22116,48
5160,9623,48
5426,5476,48
6022,9331,48
6111,6943,48
6282,19870,48
6363,12978,48
6373,13504,48
6420,10482,48
6472,6596,48
6892,19917,48
7191,15008,48
7379,18631,48
7617,13745,48
7958,20420,48
8197,16855,48
8260,11774,48
8490,20739,48
8856,11216,48
8889,13213,48
9125,9783,48
9296,19185,48
10109,20820,48
10152,20369,48
10158,18786,48
10373,12365,48
10881,20593,48
11021,18132,48
11426,17804,48
11426,22549,48
11619,13556,48
12775,16491,48
12971,22031,48
13086,15397,48
13154,15569,48
13211,21389,48
13358,20883,48
13496,21515,48
13735,19747,48
13876,17825,48
14242,18459,48
14367,22419,48
14450,22032,48
14713,15008,48
15176,15791,48
15443,17057,48
15514,21470,48
15674,15741,48
16161,18573,48
16310,18459,48
16328,21962,48
16425,19523,48
17988,18718,48
18351,18755,48
18556,19903,48
19076,21755,48
121,13211,49
280,3509,49
394,21798,49
611,6666,49
762,8440,49
866,6137,49
868,18095,49
1318,12499,49
1560,13800,49
1652,19570,49
1923,13213,49
1951,6833,49
2120,16179,49
2149,22432,49
2262,9121,49
2320,8571,49
2417,22064,49
2635,13261,49
2814,16179,49
2963,5426,49
3144,15906,49
3256,6569,49
3817,19076,49
3892,20349,49
3937,16528,49
4029,13696,49
4033,17293,49
4140,21829,49
4448,7968,49
4530,13965,49
4635,22486,49
4738,6758,49
4776,21767,49
4841,11915,49
4950,12232,49
5020,6844,49
5070,13213,49
5125,21439,49
5463,12221,49
5522,19100,49
5540,11976,49
6119,11785,49
6216,18812,49
6295,20569,49
6577,20349,49
6700,12220,49
6736,12488,49
7331,17858,49
7338,21786,49
7744,9976,49
8630,14197,49
8773,11284,49
8887,12164,49
8914,10657,49
8940,20582,49
9047,10000,49
9154,16271,49
9207,19475,49
9676,9698,49
9909,19839,49
9987,19808,49
9987,20965,49
10047,19570,49
10132,21389,49
10185,13337,49
10445,15487,49
11141,11852,49
11492,20608,49
11760,13847,49
11829,12112,49
11924,13775,49
11985,15268,49
12136,12231,49
12183,16347,49
12199,18461,49
12220,21081,49
12365,13816,49
12495,18738,49
12562,14595,49
12918,20593,49
13174,15151,49
13348,18326,49
13678,15875,49
13776,17461,49
13931,15564,49
14249,14576,49
14398,17547,49
14641,17297,49
15079,21468,49
15229,19930,49
15280,15653,49
15487,18761,49
15927,18743,49
15995,16005,49
16353,20147,49
16852,18408,49
17064,22245,49
20381,20835,49
20755,22338,49
0,20584,50
452,7518,50
590,13017,50
603,6227,50
603,22434,50
733,7914,50
755,17044,50
866,10784,50
1048,1574,50
1069,7501,50
1408,22062,50
1437,17907,50
1574,11138,50
1710,2808,50
1774,10000,50
1979,3313,50
2238,2762,50
2348,4671,50
2398,19076,50
2546,19738,50
2546,22068,50
2561,18459,50
2571,11184,50
2634,20839,50
2709,17728,50
2852,3311,50
2852,15945,50
2858,7377,50
2900,17467,50
3147,17036,50
3208,4120,50
3637,14833,50
3926,21389,50
3964,18820,50
4094,18631,50
4151,9515,50
4441,20257,50
4940,13678,50
5076,15280,50
5358,18090,50
5476,19076,50
6017,21812,50
6510,9216,50
6547,22430,50
6758,15414,50
6801,15916,50
7067,22430,50
7428,15748,50
7602,15748,50
7640,11995,50
7697,8545,50
7721,9745,50
7866,16090,50
8230,10657,50
8251,17426,50
8440,15872,50
8783,10897,50
8871,12955,50
8936,12971,50
9447,19570,50
9571,21754,50
9749,19295,50
9781,15486,50
10004,21342,50
10413,10838,50
10413,16570,50
10433,15086,50
10463,12220,50
10537,21353,50
10869,22499,50
10887,17858,50
11092,19747,50
11368,13496,50
11487,20597,50
11829,14320,50
12217,19076,50
12220,14894,50
12276,16402,50
12473,15798,50
12749,20420,50
13312,20804,50
13336,19076,50
13467,13563,50
13551,14295,50
13590,17461,50
13806,21460,50
14426,16978,50
14460,21689,50
14673,20709,50
14998,18015,50
14999,18217,50
15217,17401,50
15267,19955,50
15268,17389,50
15268,19580,50
15487,17664,50
15706,16987,50
15798,20326,50
17064,18824,50
17461,17822,50
17890,19186,50
18298,21347,50
18459,20177,50
33,18738,51
96,6330,51
132,17461,51
254,19921,51
264,19413,51
358,11785,51
587,12035,51
733,9511,51
843,7426,51
887,11291,51
1442,20307,51
1518,15425,51
1653,17487,51
1673,16546,51
1683,2762,51
1775,7434,51
1848,9797,51
1868,2744,51
1942,19076,51
2184,6350,51
2615,16402,51
2722,6492,51
2722,19112,51
2918,20420,51
3178,22338,51
3439,6418,51
3470,6216,51
3631,7377,51
3657,3767,51
3825,6490,51
3964,16782,51
4129,5230,51
4175,22202,51
4176,14395,51
4786,10466,51
4916,20381,51
5044,20110,51
5499,21296,51
5561,8163,51
5735,20520,51
6231,21126,51
6533,7338,51
7061,13678,51
7358,22668,51
7438,7831,51
7501,9769,51
7826,15267,51
7846,8163,51
7923,13154,51
8097,16625,51
8221,21237,51
8318,11426,51
8435,21937,51
8531,21845,51
8894,12215,51
8961,17547,51
9506,18015,51
9749,15046,51
9942,10972,51
10000,16164,51
10409,15280,51
10413,15600,51
10911,12953,51
10911,17356,51
11188,19076,51
11834,18286,51
12645,21412,51
13019,22430,51
13839,21884,51
14005,15267,51
14366,14424,51
14664,15894,51
15046,17274,51
15268,17271,51
15486,16322,51
15796,22111,51
16240,20639,51
16532,20593,51
17345,17407,51
19139,21899,51
96,20523,52
100,16895,52
280,11711,52
280,16638,52
587,8146,52
866,8767,52
1037,11118,52
1387,21937,52
1459,16151,52
1567,16592,52
1917,7374,52
1936,14652,52
1952,8284,52
2107,20491,52
2120,16074,52
2348,21484,52
2391,9381,52
2435,20702,52
2485,19181,52
2635,16145,52
2762,16617,52
2819,5217,52
2890,15268,52
3061,21084,52
3114,18254,52
3946,18033,52
3963,10661,52
4496,4859,52
4533,17035,52
4757,21688,52
4955,21468,52
4964,15948,52
4977,8221,52
5033,9068,52
5036,11667,52
5049,13297,52
5173,18109,52
5194,20507,52
5311,5641,52
5354,17036,52
5365,20798,52
5426,19464,52
5432,14830,52
5573,12409,52
5725,22430,52
6011,18784,52
6200,12499,52
6253,18114,52
6596,8621,52
7071,19076,52
7501,8960,52
7501,9047,52
7501,9493,52
7541,20593,52
7865,15486,52
8293,15008,52
8406,21389,52
8783,22426,52
9307,17387,52
9515,13923,52
9515,15973,52
9546,18724,52
9987,11705,52
10189,19327,52
10683,14395,52
10952,15280,52
11888,13696,52
12156,19986,52
12365,19825,52
12506,15037,52
12749,14576,52
12938,20505,52
13342,22383,52
13775,14895,52
13923,21389,52
14555,18383,52
14888,18459,52
15268,21613,52
15487,18768,52
15748,16848,52
15894,16457,52
15916,21515,52
16402,21145,52
16481,21754,52
16816,17752,52
17068,19479,52
17082,19156,52
18046,22554,52
21101,21494,52
21468,22341,52
22256,22592,52
30,14116,53
245,20419,53
326,19689,53
501,16898,53
603,8279,53
625,20864,53
790,21937,53
855,20495,53
921,12140,53
1051,21341,53
1457,6596,53
2274,16660,53
2276,22336,53
2475,9783,53
2501,20787,53
2546,9318,53
2547,8646,53
2680,20381,53
3236,8302,53
3608,16019,53
3937,7211,53
4009,20381,53
4016,21264,53
4140,6997,53
4140,8906,53
4319,12236,53
4546,17172,53
4583,15680,53
4774,11117,53
4776,9318,53
4852,15451,53
5497,17190,53
5509,20569,53
5694,18459,53
5742,11426,53
6091,11699,53
6412,18263,53
6510,13174,53
6596,17661,53
6668,8189,53
6941,19005,53
7155,9955,53
7340,8718,53
7501,12339,53
7506,14922,53
7797,9331,53
8302,19471,53
8440,15886,53
8440,20868,53
8578,16395,53
8655,21468,53
8914,12136,53
9068,22430,53
9092,18015,53
9209,21389,53
9246,18791,53
9551,13575,53
9801,15487,53
9981,15083,53
11232,20381,53
11426,14797,53
11745,15458,53
12160,20608,53
12164,15042,53
12220,16276,53
12427,17547,53
12788,16193,53
12810,18914,53
12951,12971,53
12986,19665,53
13037,17035,53
13213,13712,53
13213,18129,53
13521,16855,53
13772,17547,53
13944,16353,53
14641,16935,53
15217,19150,53
15268,18312,53
15313,19095,53
15598,17988,53
16193,20519,53
16365,19693,53
17064,19473,53
17145,17595,53
17569,22430,53
17704,19693,53
17883,20491,53
18015,21843,53
18081,19747,53
18257,21952,53
19038,22598,53
19986,20096,53
46,9515,54
456,9742,54
479,16402,54
580,7499,54
653,8440,54
709,18459,54
804,9987,54
1256,1804,54
1297,4634,54
1414,2808,54
1437,6763,54
1437,19598,54
1574,9347,54
1748,8241,54
1780,10943,54
1797,13754,54
1806,18129,54
1820,13777,54
1917,4967,54
1918,2722,54
2247,4129,54
2262,22538,54
2391,3739,54
2524,19382,54
2571,15023,54
2613,17387,54
2692,22138,54
2883,19076,54
2902,17190,54
3485,17036,54
3578,16365,54
3585,19766,54
3646,6227,54
4243,20777,54
4546,10683,54
4776,16281,54
4859,11204,54
4861,19836,54
4918,17220,54
5217,6412,54
5262,14790,54
5284,11829,54
5426,18275,54
5461,9892,54
5463,12041,54
5463,13017,54
5482,22420,54
5499,6200,54
6698,12368,54
6716,6758,54
6736,14237,54
6775,18026,54
6816,15086,54
6871,22302,54
7076,7499,54
7249,8840,54
7609,12250,54
8516,15268,54
9158,9551,54
9214,12178,54
9876,17064,54
9923,22430,54
9987,20849,54
10307,17190,54
10448,21937,54
10866,21845,54
10918,17690,54
11308,13464,54
11426,15862,54
11760,13421,54
11829,13592,54
12197,15280,54
13154,20452,54
13391,15725,54
13400,18037,54
13485,16193,54
14627,17595,54
15280,21678,54
15654,20070,54
16125,22180,54
16153,21823,54
16169,17890,54
16271,18242,54
16818,22305,54
17064,17467,54
17206,22430,54
17523,19308,54
17550,18199,54
18093,20593,54
18106,22383,54
18184,19510,54
18624,22211,54
20433,21856,54
232,6596,55
280,3528,55
373,4522,55
386,6928,55
577,9515,55
603,19546,55
665,18558,55
849,4655,55
866,11079,55
1161,11455,55
1574,19460,55
1603,21158,55
1776,2262,55
1917,9723,55
1949,15008,55
2274,8240,55
2274,11593,55
2613,12775,55
2643,6758,55
2704,12562,55
2808,14115,55
3365,6596,55
3833,16720,55
3867,20939,55
3877,18033,55
3937,9790,55
3937,17541,55
4150,18486,55
4258,6226,55
4452,9824,55
4655,10093,55
4723,6736,55
4730,14229,55
4737,7377,55
4741,7377,55
4952,12455,55
5354,22211,55
5812,17036,55
6596,19643,55
6596,20160,55
6664,15038,55
7166,17752,55
7201,18477,55
7501,15098,55
7721,12358,55
7744,11958,55
7905,20381,55
8440,9116,55
8440,12752,55
8520,21307,55
8700,10609,55
8908,16318,55
8915,15046,55
9600,18914,55
10044,18477,55
10321,18396,55
10576,14168,55
10627,16035,55
11649,15268,55
11663,22632,55
12089,14784,55
12231,21031,55
12250,21711,55
12363,13260,55
12523,14395,55
12750,20593,55
13213,14630,55
13355,14631,55
13678,22333,55
13712,16402,55
13971,19019,55
14156,19403,55
15008,17934,55
15176,22210,55
15256,16193,55
15268,16745,55
16037,17935,55
16802,22430,55
17190,19139,55
17403,17487,55
18332,21937,55
88,15268,56
89,22430,56
199,5214,56
262,3966,56
280,20434,56
429,17652,56
603,16840,56
759,11312,56
1030,9987,56
1312,11943,56
1312,17527,56
1426,14830,56
1437,16342,56
1574,17435,56
1653,7433,56
1883,14428,56
2168,15564,56
2268,17035,56
2273,19019,56
2733,6833,56
2744,17724,56
2808,20195,56
2852,16489,56
2988,20608,56
3219,17595,56
3511,19081,56
3519,8783,56
3523,15680,56
3582,6623,56
3937,19675,56
4289,7968,56
4347,9828,56
4549,17547,56
4672,16145,56
4726,20381,56
4796,17547,56
5128,8490,56
5365,6310,56
5463,22503,56
5585,21415,56
5922,15680,56
5925,6833,56
6106,15583,56
6443,18286,56
6471,19308,56
6577,20080,56
6595,17056,56
6736,15193,56
6758,11358,56
7120,15656,56
7188,15353,56
7239,17897,56
7342,13213,56
7607,18109,56
8221,9822,56
8873,16193,56
9795,11426,56
9859,18752,56
10229,19453,56
10274,19693,56
10485,13000,56
11797,22576,56
11905,12365,56
12854,16145,56
13160,15826,56
13283,14488,56
14048,14622,56
14395,19939,56
14395,21127,56
15280,19580,56
15564,22496,56
16033,22226,56
16250,16546,56
17461,19902,56
18696,20608,56
18753,18914,56
19019,19616,56
19019,20875,56
2,21468,57
357,7501,57
603,21949,57
755,21537,57
943,6736,57
1238,11944,57
1249,9303,57
1398,3966,57
1594,21937,57
1651,16319,57
2022,19432,57
2147,2391,57
2260,11426,57
2391,6354,57
2762,22623,57
2819,13952,57
2841,11792,57
3061,7521,57
3208,13174,57
3680,6412,57
3951,21956,57
4019,8490,57
4037,12506,57
4129,5024,57
4418,18015,57
4666,7968,57
5035,17547,57
5241,6736,57
5328,21275,57
5417,22227,57
5463,5542,57
5463,10056,57
6148,15680,57
6393,21084,57
6452,21084,57
6596,19284,57
6758,21436,57
7338,9150,57
7464,18504,57
7562,18486,57
8129,15280,57
9053,9056,57
10413,15734,57
11272,11773,57
11507,22187,57
11683,18914,57
11829,16012,57
11927,16271,57
12116,18863,57
12132,18786,57
12146,15344,57
12253,17968,57
12264,22634,57
13356,20080,57
13400,15852,57
13409,17036,57
14048,19874,57
14499,17897,57
15748,22543,57
16179,20493,57
17529,21956,57
17588,18914,57
18786,20759,57
19766,22288,57
199,9657,58
280,16967,58
502,8440,58
587,11151,58
1031,4537,58
1247,7501,58
1312,18943,58
1327,14607,58
1450,21646,58
1652,16271,58
1655,12222,58
1700,9987,58
1920,10555,58
1939,9214,58
2257,19977,58
2284,10000,58
2348,9638,58
2897,22520,58
3025,15486,58
3299,21468,58
3419,6216,58
4016,22210,58
4089,7501,58
4129,10683,58
4129,13643,58
4253,8447,58
5033,19632,58
5122,15916,58
5239,19806,58
5499,21555,58
6104,9987,58
6201,13679,58
6609,19980,58
7338,18902,58
7381,14655,58
7489,18286,58
7596,13482,58
7704,21675,58
7944,14982,58
8686,20584,58
8772,11852,58
8983,15057,58
9824,20347,58
10584,19150,58
10810,12205,58
10915,18459,58
11426,21280,58
11829,19789,58
12562,15458,58
12994,18757,58
13012,16145,58
13368,14488,58
14223,14577,58
14597,18459,58
15136,18240,58
18019,19665,58
19019,19590,58
20381,21636,58
20798,21754,58
11,4140,59
66,20349,59
96,21567,59
581,7721,59
897,7402,59
1037,19709,59
1168,20381,59
1917,9496,59
2262,11360,59
2276,16942,59
2849,11887,59
3791,8440,59
3825,13116,59
3937,13952,59
4115,16385,59
4289,12543,59
4378,20918,59
4611,15680,59
4645,10193,59
4687,15680,59
4712,6623,59
5562,20529,59
6318,13619,59
6502,11664,59
6661,18914,59
6758,11184,59
6758,21555,59
7257,10591,59
7310,20381,59
7977,17890,59
8508,19265,59
8924,12326,59
9089,19095,59
10093,19019,59
10166,14980,59
10182,18033,59
10487,21884,59
10571,15916,59
10578,18914,59
10918,22029,59
10963,21657,59
11760,18745,59
12403,18109,59
12805,17064,59
12850,13596,59
13213,14332,59
13213,18640,59
13482,20845,59
14288,20300,59
14765,19665,59
15086,15538,59
15267,22525,59
15512,16362,59
16402,17810,59
16440,22430,59
18021,20198,59
21159,21937,59
466,12500,60
636,19076,60
640,15008,60
866,918,60
1085,18738,60
1426,3253,60
1574,8665,60
1820,7361,60
2237,18459,60
2247,15487,60
2714,11117,60
3265,15280,60
3392,3861,60
3410,22319,60
3964,8665,60
4005,17547,60
4029,6662,60
4229,21754,60
4254,15086,60
4655,9955,60
5499,10805,60
6067,7501,60
6148,13273,60
6231,8234,60
6420,12564,60
6512,9515,60
6758,14304,60
7009,7550,60
7441,20839,60
7501,21447,60
7749,12717,60
8344,15086,60
8440,10723,60
8613,9878,60
8693,20608,60
8774,8783,60
8783,21318,60
8946,19905,60
10498,11619,60
10576,13503,60
10928,13358,60
11003,13213,60
11235,21495,60
11356,21468,60
11462,19382,60
11789,16193,60
12148,15916,60
12220,22026,60
12250,16928,60
13273,16389,60
13818,16438,60
15280,20931,60
15910,18914,60
17215,22491,60
18286,19334,60
18360,19570,60
18751,20386,60
19836,21142,60
21084,21213,60
221,18914,61
521,4757,61
688,17690,61
1031,15667,61
1217,16678,61
1431,6412,61
1567,5426,61
1873,3964,61
2262,15690,61
2722,7808,61
2751,10508,61
3419,19382,61
3956,15916,61
3964,14305,61
4129,13068,61
4665,16193,61
4757,14229,61
5563,12015,61
5673,16855,61
5744,6415,61
6147,18914,61
6234,7606,61
6736,9410,61
7063,21132,61
7088,15680,61
7089,15384,61
7179,13775,61
7335,10991,61
7501,12276,61
7552,16208,61
7645,8348,61
8718,9241,61
9053,17292,61
9223,20692,61
9343,18316,61
9453,13076,61
9551,12796,61
10378,15981,61
10920,12363,61
11426,11905,61
11505,16967,61
11619,18168,61
12043,15916,61
13458,22211,61
14433,20608,61
15178,22441,61
15434,15487,61
16193,19234,61
16818,18118,61
17461,19689,61
17547,21192,61
17618,22441,61
17947,20593,61
20565,21495,61
351,22192,62
726,9214,62
907,12342,62
2168,15748,62
2184,18442,62
2314,18786,62
2391,18255,62
2751,18144,62
2837,11756,62
3000,4812,62
3439,5082,62
3971,13160,62
4083,14156,62
4085,8221,62
4313,7434,62
4441,8867,62
4459,13213,62
4546,15013,62
4574,7721,62
4757,12701,62
4757,15290,62
4927,22202,62
5142,15487,62
5463,20750,62
5929,22634,62
5948,18027,62
6452,16402,62
7188,22165,62
7796,17734,62
7958,14488,62
8516,18459,62
8573,12994,62
8983,21084,62
9053,10292,62
9182,18882,62
9243,15486,62
9414,13154,62
9515,22106,62
10555,18141,62
10981,12506,62
11653,14395,62
13141,17461,62
13154,14868,62
13865,19019,62
13919,16935,62
14212,15280,62
14488,15305,62
14659,19665,62
15008,17223,62
16145,21213,62
16362,21321,62
16818,20225,62
18369,19114,62
18919,22211,62
349,5057,63
372,6939,63
516,2762,63
548,5426,63
590,8542,63
822,6313,63
1284,7521,63
1807,14675,63
1957,15280,63
2184,5481,63
2318,2819,63
2410,3825,63
2566,15361,63
2762,15109,63
2762,17406,63
3208,14865,63
3433,13617,63
3755,15176,63
3901,14576,63
3937,18642,63
4016,13639,63
4324,22211,63
4339,13289,63
5033,14028,63
5365,7010,63
5390,14488,63
5536,20381,63
6111,20328,63
6420,10196,63
6502,13142,63
6734,14488,63
6758,9024,63
6901,13154,63
7434,10981,63
8645,13868,63
9455,15670,63
9515,22263,63
10045,13213,63
10530,16193,63
10571,15680,63
11114,14424,63
11495,17035,63
12758,18459,63
12889,20329,63
13068,22211,63
13828,14576,63
14305,19076,63
14372,15583,63
14488,15630,63
15268,15677,63
15680,22185,63
15870,20839,63
19470,22202,63
21709,22227,63
466,16543,64
699,5033,64
721,10572,64
1123,2744,64
1135,7501,64
1352,15725,64
2430,16193,64
2819,7480,64
3349,7262,64
3392,6536,64
3918,14576,64
4036,16193,64
4165,19946,64
4944,18781,64
5033,8790,64
5561,18786,64
6412,12957,64
6736,9084,64
7147,15916,64
7501,15476,64
7929,12971,64
7968,10394,64
7968,19097,64
7968,21399,64
8221,9494,64
8241,18459,64
8278,15086,64
8522,16193,64
8645,11147,64
8651,22423,64
8722,21373,64
8759,19076,64
9105,21067,64
9515,13018,64
9515,22608,64
9820,12601,64
9820,16979,64
9943,20381,64
9994,21377,64
10122,20839,64
11257,17118,64
11426,17305,64
12148,18631,64
13213,14349,64
13261,21195,64
13576,17057,64
14220,19019,64
15265,21173,64
16193,20679,64
16271,17223,64
18375,21619,64
18459,20609,64
24,6420,65
771,18738,65
1581,20344,65
1820,10493,65
2108,15008,65
2262,17972,65
2792,12640,65
2921,6519,65
3608,5718,65
4059,11619,65
4140,7200,65
4201,8469,65
4776,8926,65
4964,8547,65
5033,19689,65
5242,7584,65
5463,22599,65
5514,15487,65
5890,13678,65
6099,8440,65
6578,6833,65
6736,11568,65
6758,21055,65
6833,13653,65
7358,15327,65
8783,13694,65
8805,15268,65
9219,16193,65
9675,21179,65
9824,21848,65
10839,19019,65
11347,15564,65
11792,16911,65
12971,13856,65
12971,14220,65
13678,17751,65
14149,18920,65
14423,15680,65
14702,15574,65
14717,18738,65
15280,17523,65
15894,18651,65
17108,20344,65
17190,19795,65
17243,20819,65
18914,19795,65
18914,20237,65
20309,21389,65
148,19076,66
199,14035,66
913,20417,66
1123,6231,66
1797,9241,66
2126,6509,66
3401,10584,66
4016,16743,66
4029,14084,66
4400,16869,66
4637,5959,66
4875,13213,66
5262,13869,66
5463,13286,66
5463,13519,66
5527,20529,66
6283,19980,66
6497,21754,66
6663,8645,66
7721,16489,66
8195,20839,66
9574,19461,66
10216,21389,66
11014,17547,66
11273,13745,66
13678,15548,66
14064,21306,66
15564,18642,66
15966,18033,66
19361,19413,66
19905,20777,66
440,19905,67
530,15748,67
1119,14488,67
1940,21041,67
3825,21879,67
3904,15206,67
3952,21468,67
3955,7968,67
4699,11426,67
5561,11426,67
6231,13391,67
7162,8360,67
7358,19812,67
7501,15557,67
7501,17263,67
7828,15474,67
9192,19591,67
9504,12971,67
10283,11951,67
12026,13153,67
12335,15008,67
12886,14048,67
13154,17108,67
13246,19665,67
13678,19520,67
13984,14959,67
14048,17102,67
15008,21091,67
15798,18176,67
16077,20381,67
16193,17935,67
18546,20692,67
20149,20882,67
29,22674,68
280,11228,68
688,20839,68
721,866,68
849,8448,68
1266,16402,68
1328,4136,68
2060,9742,68
2722,19334,68
2852,6297,68
3578,5083,68
3755,13213,68
4129,11934,68
5976,20422,68
6502,7065,68
6544,19031,68
6758,12691,68
7358,19616,68
8440,11696,68
8440,13784,68
8535,14488,68
9109,19076,68
9307,11426,68
10090,20584,68
11120,18563,68
11156,12497,68
11426,15435,68
11470,15046,68
12137,12971,68
12565,13195,68
12971,20676,68
14145,19076,68
17424,21657,68
198,9325,69
570,17550,69
590,6767,69
1431,2391,69
1814,8840,69
2490,13400,69
2905,15293,69
4016,22308,69
4140,12796,69
4832,14424,69
5729,15280,69
5991,9400,69
6016,19693,69
6629,17036,69
6736,15570,69
7358,14303,69
7776,11852,69
7837,17752,69
7968,14550,69
8291,12378,69
8871,15748,69
8938,21468,69
9268,12365,69
10000,14814,69
10089,14395,69
11495,13838,69
12852,14428,69
15280,20310,69
15916,20433,69
16193,21260,69
17064,22337,69
18417,20381,69
21233,22615,69
60,13355,70
88,13160,70
733,9142,70
1017,4140,70
1312,7844,70
1312,13743,70
1868,14576,70
2274,18716,70
2664,21498,70
2709,20106,70
4140,6633,70
4828,15086,70
6249,12672,70
6758,20051,70
7501,10670,70
7590,9824,70
7860,18631,70
8440,18841,70
8440,19794,70
8783,12486,70
8843,11769,70
9921,16193,70
11426,19840,70
11992,18914,70
12506,22511,70
12543,18501,70
13112,15280,70
13400,21816,70
13678,15489,70
14488,19855,70
15008,21213,70
15022,21468,70
15086,18251,70
15103,22430,70
15280,18704,70
15680,18176,70
17035,18234,70
17461,19982,70
19076,21589,70
20342,21937,70
280,17444,71
590,17261,71
1034,22430,71
1798,13261,71
4129,13007,71
4140,9023,71
4441,21196,71
4621,20004,71
6502,10627,71
6736,8296,71
6736,15368,71
6736,17302,71
7501,14641,71
10000,16922,71
10256,21764,71
12850,15008,71
14699,15107,71
15176,22013,71
15416,15564,71
15564,21325,71
15780,22190,71
17504,18487,71
17890,22642,71
18992,21468,71
19019,19529,71
73,14488,72
161,15280,72
372,7978,72
688,19364,72
798,8799,72
1312,9141,72
1872,10572,72
2191,15008,72
3151,18914,72
3970,21760,72
4040,8440,72
4411,16066,72
4772,20529,72
4944,5213,72
4944,14014,72
5548,15294,72
6741,6998,72
8440,8467,72
8440,9441,72
8448,13014,72
8676,13678,72
9331,9733,72
9893,15046,72
12039,15564,72
14607,15873,72
15748,15801,72
16193,17832,72
19834,21937,72
466,2981,73
875,1848,73
963,21389,73
1516,9053,73
1574,9828,73
2009,5020,73
2776,10584,73
3578,10495,73
4044,9909,73
4140,9159,73
4859,17618,73
7338,9580,73
7501,12523,73
7953,19076,73
9214,20085,73
10584,11653,73
11619,16517,73
11653,20381,73
12964,19076,73
13355,16894,73
14709,21468,73
15748,21665,73
16009,19076,73
17190,22518,73
17547,20322,73
3,20775,74
122,4441,74
188,2546,74
560,20381,74
735,4859,74
800,16402,74
975,13686,74
1337,13213,74
2262,17713,74
4364,17434,74
6060,19076,74
7887,18914,74
8783,15416,74
9294,11829,74
10218,22546,74
10487,18459,74
10536,13153,74
13745,19077,74
15280,16894,74
15583,18391,74
16153,18827,74
17673,18724,74
3,11715,75
283,13543,75
466,11585,75
1503,5463,75
2762,6246,75
4189,9214,75
4494,10652,75
4757,19798,75
7700,14690,75
7721,15466,75
7895,16193,75
8527,20344,75
9140,16385,75
9987,18237,75
11772,22430,75
15280,22420,75
16443,19693,75
18914,22447,75
822,19007,76
1954,15046,76
2464,18786,76
3426,16402,76
4253,7201,76
4494,12967,76
4577,13273,76
4618,7501,76
4690,11426,76
6234,17640,76
6373,15564,76
6736,12985,76
6736,22531,76
7501,16965,76
7721,12303,76
8312,19946,76
8341,14488,76
9935,21129,76
9953,12365,76
10000,16543,76
12338,21468,76
14208,15564,76
15203,21129,76
16193,16661,76
944,5678,77
1312,10935,77
1911,11426,77
2262,2687,77
2950,6020,77
3206,14576,77
3608,5660,77
6648,20529,77
7377,12450,77
7721,17955,77
7734,15008,77
8769,19836,77
9515,13473,77
11302,18939,77
12365,13968,77
12408,13678,77
13651,14941,77
16219,19156,77
861,15268,78
1872,6412,78
2081,13400,78
5776,14048,78
6596,20002,78
6677,13185,78
8440,16501,78
8825,21937,78
10710,15748,78
13596,21257,78
15298,18914,78
15789,22430,78
199,20124,79
2687,15894,79
3089,9820,79
4253,7162,79
4253,13469,79
4621,22230,79
6231,15369,79
6412,15607,79
6589,15217,79
7338,12229,79
7358,21689,79
7645,16193,79
9952,11852,79
10654,21129,79
18033,21988,79
733,8684,80
2852,13539,80
4140,17504,80
4205,21468,80
6736,16875,80
7776,15748,80
8839,21084,80
11426,12594,80
14488,16365,80
733,14251,81
1730,7338,81
1869,7321,81
2808,9275,81
4871,14488,81
6543,9214,81
6621,9853,81
10424,16271,81
11619,16078,81
11822,16855,81
12637,14982,81
18952,20381,81
19399,20820,81
409,17070,82
797,4441,82
1305,2709,82
2276,10809,82
2391,5657,82
6650,14488,82
6833,22197,82
10584,20340,82
15369,15916,82
1398,16271,83
3771,15564,83
5310,13678,83
13130,15294,83
13548,16193,83
14488,22105,83
15008,20825,83
17064,21390,83
1401,21937,84
12552,15086,84
12637,13400,84
16271,22379,84
1297,19919,85
5509,9623,85
6736,16930,85
9987,15952,85
13919,14488,85
15417,19633,85
19570,20151,85
995,14488,86
1827,6758,86
2184,4384,86
2441,8440,86
3000,22653,86
3608,6557,86
3798,4776,86
4637,6631,86
5548,20565,86
8939,11426,86
3829,5999,87
5977,14488,87
8448,8646,87
10749,19076,87
16402,20889,87
18914,20275,87
3964,6810,88
14383,18738,88
15096,18751,88
490,14682,89
4347,21631,89
9053,14858,89
9551,12608,89
10205,14424,89
4140,10204,90
5384,19274,90
6420,21706,90
8440,16517,90
8007,14488,91
8440,10909,91
10165,22144,91
10665,16271,92
21468,21706,92
3456,7358,93
14252,20466,93
2819,19896,94
2819,5731,95
8361,16271,95
8440,10412,96
8783,17020,97
557,17190,98
5437,15008,98
7338,12637,99
1979,13910,100
8349,9030,100
1297,13619,101
4749,21468,101
609,21661,102
199,5266,110
6307,7501,116
